log_id,ver_sw,band,dropout_frac,rate_ratios,present_gps_hvel[0],varying_gps_hvel[0],present_gps_hvel[1],varying_gps_hvel[1],present_gps_vvel,varying_gps_vvel,present_gps_hpos[0],varying_gps_hpos[0],present_gps_hpos[1],varying_gps_hpos[1],present_gps_vpos,varying_gps_vpos,present_ev_hvel[0],varying_ev_hvel[0],present_ev_hvel[1],varying_ev_hvel[1],present_ev_vvel,varying_ev_vvel,present_ev_hpos[0],varying_ev_hpos[0],present_ev_hpos[1],varying_ev_hpos[1],present_ev_vpos,varying_ev_vpos,present_rng_vpos,varying_rng_vpos,present_baro_vpos,varying_baro_vpos,present_aux_hvel[0],varying_aux_hvel[0],present_aux_hvel[1],varying_aux_hvel[1],present_flow[0],varying_flow[0],present_flow[1],varying_flow[1],present_terr_flow[0],varying_terr_flow[0],present_terr_flow[1],varying_terr_flow[1],present_heading,varying_heading,present_mag_field[0],varying_mag_field[0],present_mag_field[1],varying_mag_field[1],present_mag_field[2],varying_mag_field[2],present_gravity[0],varying_gravity[0],present_gravity[1],varying_gravity[1],present_gravity[2],varying_gravity[2],present_drag[0],varying_drag[0],present_drag[1],varying_drag[1],present_airspeed,varying_airspeed,present_beta,varying_beta,present_hagl,varying_hagl,present_hagl_rate,varying_hagl_rate,present_aux_vvel,varying_aux_vvel,present_fake_hvel[0],varying_fake_hvel[0],present_fake_hvel[1],varying_fake_hvel[1],present_fake_vvel,varying_fake_vvel,present_fake_hpos[0],varying_fake_hpos[0],present_fake_hpos[1],varying_fake_hpos[1],present_fake_vpos,varying_fake_vpos,present_vi_hvel[0],varying_vi_hvel[0],present_vi_hvel[1],varying_vi_hvel[1],present_vi_vvel,varying_vi_vvel
2bef9cb8-55e2-47d8-8e02-d40d0d98cf72,17761280,v1.14-1.15,0.0,2.0000198362623105,1,1,1,1,1,1,1,1,1,1,1,1,1,0,1,0,1,0,1,0,1,0,1,0,1,0,1,1,1,0,1,0,1,0,1,0,1.0,0.0,1.0,0.0,1,1,1,1,1,1,1,1,1.0,1.0,1.0,1.0,1.0,1.0,1,0,1,0,1,0,1,0,1,0,1.0,0.0,,,,,,,,,,,,,,,,,,,,
02a521a7-a597-4038-8810-4e5aa199b872,17695743,v1.14-1.15,0.0,2.00008679815932,1,1,1,0,1,1,1,1,1,0,1,1,1,0,1,0,1,0,1,0,1,0,1,0,1,0,1,1,1,0,1,0,1,0,1,0,1.0,0.0,1.0,0.0,1,0,1,0,1,0,1,0,1.0,1.0,1.0,0.0,1.0,0.0,1,0,1,0,1,0,1,0,1,0,1.0,0.0,1.0,0.0,,,,,,,,,,,,,,,,,,
e1e472ea-b990-4201-9713-c62809e37bc6,17564416,v1.12-1.13,0.0002577432331131237,2.0024311946403763,1,1,1,0,1,1,1,1,1,0,1,1,1,0,1,0,1,0,1,0,1,0,1,0,1,0,1,0,1,0,1,0,1,0,1,0,,,,,1,1,1,1,1,0,1,0,,,,,,,1,0,1,0,1,0,1,0,1,0,,,1.0,0.0,,,,,,,,,,,,,,,,,,
74d04dfa-4354-4ab4-81e7-fef877a50325,17564671,v1.12-1.13,0.0,2.010649032216418,1,0,1,0,1,0,1,0,1,0,1,0,1,0,1,0,1,0,1,1,1,0,1,1,1,0,1,0,1,0,1,0,1,0,1,0,,,,,1,1,1,0,1,0,1,0,,,,,,,1,0,1,0,1,0,1,0,1,0,,,1.0,0.0,,,,,,,,,,,,,,,,,,
8da01899-06b7-49ff-854c-6d73f197f751,17564671,v1.12-1.13,9.829053163545633e-06,2.000038586830192,1,1,1,0,1,1,1,1,1,0,1,0,1,0,1,0,1,0,1,0,1,0,1,0,1,0,1,1,1,0,1,0,1,0,1,0,,,,,1,1,1,0,1,0,1,0,,,,,,,1,0,1,0,1,0,1,0,1,0,,,1.0,0.0,,,,,,,,,,,,,,,,,,
f617ff19-b464-4427-8d97-9a4e469bfaae,17826240,v1.16+,0.012465587635144104,1.9821915680847917,1,1,1,1,1,1,1,1,1,1,1,1,1,0,1,0,1,0,1,0,1,0,1,0,1,1,1,1,1,0,1,0,1,1,1,1,,,,,1,1,1,1,1,1,1,1,1.0,1.0,1.0,1.0,1.0,1.0,1,0,1,0,1,0,1,0,1,1,1.0,1.0,,,,,,,,,,,,,,,,,,,,
5df31b67-eae1-4334-ac8d-d7f47e5da280,17695488,v1.14-1.15,0.0,2.0000438494462145,1,1,1,0,1,1,1,1,1,0,1,1,1,0,1,0,1,0,1,0,1,0,1,0,1,0,1,1,1,0,1,0,1,0,1,0,1.0,0.0,1.0,0.0,1,1,1,0,1,0,1,0,1.0,1.0,1.0,0.0,1.0,0.0,1,0,1,0,1,0,1,0,1,0,1.0,0.0,1.0,0.0,,,,,,,,,,,,,,,,,,
64a586b1-a67a-4551-acc6-569b1152c37e,17891583,v1.16+,0.0,1.9999673146258563,1,1,1,1,1,1,1,1,1,1,1,1,1,0,1,0,1,0,1,0,1,0,1,0,1,0,1,1,1,0,1,0,1,0,1,0,,,,,1,1,1,1,1,1,1,1,1.0,1.0,1.0,1.0,1.0,1.0,1,0,1,0,1,0,1,0,1,0,1.0,0.0,,,,,,,,,,,,,,,,,,,,
e3075beb-d19a-4aa3-be50-fb789b5d21d4,17694912,v1.14-1.15,0.0,2.0000028463397483,1,1,1,0,1,1,1,1,1,0,1,1,1,0,1,0,1,0,1,0,1,0,1,0,1,0,1,1,1,0,1,0,1,0,1,0,1.0,0.0,1.0,0.0,1,1,1,0,1,0,1,0,1.0,1.0,1.0,0.0,1.0,0.0,1,0,1,0,1,0,1,0,1,1,1.0,1.0,1.0,0.0,,,,,,,,,,,,,,,,,,
a05bbfa9-f551-40cc-8168-507308c17b5c,17629184,v1.12-1.13,0.0012748981145289924,1.9999535745766497,1,1,1,0,1,1,1,1,1,0,1,1,1,0,1,0,1,0,1,0,1,0,1,0,1,1,1,1,1,0,1,0,1,0,1,0,1.0,0.0,1.0,0.0,1,1,1,0,1,0,1,0,1.0,1.0,1.0,0.0,1.0,0.0,1,0,1,0,1,0,1,0,1,1,1.0,1.0,1.0,0.0,,,,,,,,,,,,,,,,,,
17281f87-4f06-4138-a5d3-4ce52750cbc3,17630207,v1.12-1.13,0.0,2.0001780444199255,1,0,1,0,1,0,1,1,1,0,1,0,1,0,1,0,1,0,1,0,1,0,1,0,1,0,1,1,1,0,1,0,1,0,1,0,,,,,1,1,1,1,1,0,1,0,,,,,,,1,0,1,0,1,0,1,0,1,0,1.0,0.0,1.0,0.0,,,,,,,,,,,,,,,,,,
75c680dd-8a2f-4a64-9e97-9fa665028ce3,17761535,v1.14-1.15,0.0,2.0001050055127894,1,1,1,1,1,1,1,1,1,1,1,1,1,0,1,0,1,0,1,0,1,0,1,0,1,0,1,1,1,0,1,0,1,0,1,0,1.0,0.0,1.0,0.0,1,1,1,1,1,1,1,1,1.0,1.0,1.0,1.0,1.0,1.0,1,0,1,0,1,0,1,0,1,0,1.0,0.0,,,,,,,,,,,,,,,,,,,,
601079df-df39-4250-8c45-ceea8b984270,17694720,v1.14-1.15,0.0005649910538651836,90.37743264537903,1,0,1,0,1,0,1,0,1,0,1,0,1,0,1,0,1,0,1,0,1,0,1,0,1,0,1,1,1,0,1,0,1,1,1,0,1.0,0.0,1.0,0.0,1,0,1,0,1,0,1,0,1.0,1.0,1.0,0.0,1.0,0.0,1,0,1,0,1,0,1,0,1,1,1.0,1.0,1.0,0.0,,,,,,,,,,,,,,,,,,
fde78d80-c739-4204-8280-6e7af9833c06,17825984,v1.16+,0.0,100.00621581302835,1,1,1,1,1,1,1,1,1,1,1,1,1,0,1,0,1,0,1,0,1,0,1,0,1,0,1,1,1,0,1,0,1,0,1,0,,,,,1,1,1,1,1,1,1,1,1.0,1.0,1.0,1.0,1.0,1.0,1,0,1,0,1,0,1,0,1,0,1.0,0.0,,,,,,,,,,,,,,,,,,,,
c752a311-8327-4f09-bf15-c383bd38f42e,17499135,v1.12-1.13,0.005704716149092513,4.999774236998371,1,1,1,1,1,1,1,1,1,1,1,0,1,0,1,1,1,0,1,0,1,1,1,0,1,0,1,1,1,0,1,0,1,0,1,1,,,,,1,1,1,0,1,0,1,0,,,,,,,1,0,1,0,1,0,1,0,1,0,,,1.0,0.0,1.0,0.0,1.0,0.0,1.0,0.0,1.0,0.0,1.0,0.0,1.0,0.0,,,,,,
702c74cd-61c2-4a76-9cfa-381122df6a68,17760256,v1.14-1.15,0.0,2.0003345956503007,1,0,1,0,1,0,1,0,1,0,1,0,1,0,1,0,1,0,1,0,1,0,1,0,1,1,1,1,1,0,1,0,1,1,1,1,1.0,1.0,1.0,1.0,1,0,1,0,1,0,1,0,1.0,1.0,1.0,1.0,1.0,1.0,1,0,1,0,1,0,1,0,1,1,1.0,1.0,,,,,,,,,,,,,,,,,,,,
07a5ea00-2135-44ab-b0f4-89f73dcea27d,17694720,v1.14-1.15,0.00011582783415594648,100.6286148482153,1,0,1,0,1,0,1,0,1,0,1,0,1,1,1,0,1,1,1,1,1,0,1,1,1,0,1,1,1,0,1,0,1,0,1,0,1.0,0.0,1.0,0.0,1,0,1,0,1,0,1,0,1.0,1.0,1.0,0.0,1.0,0.0,1,0,1,0,1,0,1,0,1,0,1.0,0.0,1.0,0.0,,,,,,,,,,,,,,,,,,
1242f94c-a3cb-4770-a7c1-acf3e51b77a1,17694848,v1.14-1.15,0.0,1.999998776421354,1,0,1,0,1,0,1,0,1,0,1,0,1,0,1,0,1,0,1,0,1,0,1,0,1,0,1,1,1,0,1,0,1,0,1,0,,,,,1,0,1,0,1,0,1,0,1.0,1.0,1.0,1.0,1.0,1.0,1,0,1,0,1,0,1,0,1,0,1.0,0.0,,,,,,,,,,,,,,,,,,,,
4415bbeb-85f5-4215-be08-0988edf67205,17499135,v1.12-1.13,0.005517485169872286,4.9999253162416,1,1,1,1,1,1,1,1,1,1,1,0,1,0,1,1,1,0,1,0,1,1,1,0,1,0,1,1,1,0,1,0,1,0,1,1,,,,,1,1,1,1,1,0,1,0,,,,,,,1,0,1,0,1,0,1,0,1,0,,,1.0,0.0,1.0,0.0,1.0,0.0,1.0,0.0,1.0,0.0,1.0,0.0,1.0,0.0,,,,,,
4279b939-1d51-44e2-9b1d-b7dbf7d3ab3d,17826240,v1.16+,0.0,1.9999680386060115,1,0,1,0,1,0,1,0,1,0,1,0,1,0,1,0,1,0,1,1,1,1,1,1,1,0,1,1,1,0,1,0,1,0,1,0,,,,,1,1,1,0,1,0,1,0,1.0,1.0,1.0,1.0,1.0,1.0,1,0,1,0,1,0,1,0,1,0,1.0,0.0,,,,,,,,,,,,,,,,,,,,
ca4a7118-c70f-4501-bafa-27a9eef2ca42,17825984,v1.16+,0.0,2.00015780445014,1,0,1,0,1,0,1,0,1,0,1,0,1,0,1,0,1,0,1,0,1,0,1,0,1,0,1,1,1,0,1,0,1,0,1,0,,,,,1,1,1,1,1,1,1,1,1.0,1.0,1.0,1.0,1.0,1.0,1,0,1,0,1,0,1,0,1,0,1.0,0.0,,,,,,,,,,,,,,,,,,,,
804c9355-afc4-4c25-a4f2-c0f8e180bbf1,17760384,v1.14-1.15,0.0,2.000190441777629,1,1,1,1,1,1,1,1,1,1,1,1,1,0,1,0,1,0,1,0,1,0,1,0,1,0,1,1,1,0,1,0,1,0,1,0,,,,,1,1,1,1,1,1,1,1,1.0,1.0,1.0,1.0,1.0,1.0,1,0,1,0,1,0,1,0,1,0,1.0,0.0,,,,,,,,,,,,,,,,,,,,
c834847e-583a-420b-a9d4-0922d0a50f8a,17630207,v1.12-1.13,0.00014135978928909808,1.9999405017700724,1,1,1,0,1,1,1,1,1,0,1,0,1,0,1,0,1,0,1,0,1,0,1,0,1,0,1,1,1,0,1,0,1,0,1,0,,,,,1,1,1,1,1,0,1,0,,,,,,,1,0,1,0,1,0,1,0,1,0,1.0,0.0,1.0,0.0,,,,,,,,,,,,,,,,,,
f99a5fde-bd49-4f25-af55-c0fa5b98b1ea,17694975,v1.14-1.15,0.00033480881586803163,1.998983792516732,1,1,1,0,1,1,1,1,1,0,1,1,1,0,1,0,1,0,1,0,1,0,1,0,1,0,1,1,1,0,1,0,1,0,1,0,1.0,0.0,1.0,0.0,1,1,1,0,1,0,1,0,1.0,1.0,1.0,0.0,1.0,0.0,1,0,1,0,1,0,1,0,1,0,1.0,0.0,1.0,0.0,,,,,,,,,,,,,,,,,,
275377ef-aeae-4a54-b156-ebe7142b8236,17629951,v1.12-1.13,0.0,1.999941366060105,1,0,1,0,1,0,1,0,1,0,1,0,1,0,1,0,1,0,1,1,1,0,1,0,1,0,1,1,1,0,1,0,1,0,1,0,,,,,1,1,1,0,1,0,1,0,,,,,,,1,0,1,0,1,0,1,0,1,0,1.0,0.0,1.0,0.0,,,,,,,,,,,,,,,,,,
4952c2a9-d7cb-41d2-bf2a-106a39b8f149,17629952,v1.12-1.13,0.0,2.000090034822183,1,1,1,0,1,1,1,1,1,0,1,0,1,0,1,0,1,0,1,0,1,0,1,0,1,0,1,1,1,0,1,0,1,0,1,0,,,,,1,1,1,1,1,0,1,0,,,,,,,1,0,1,0,1,0,1,0,1,0,1.0,0.0,1.0,0.0,,,,,,,,,,,,,,,,,,
08f20bc3-cb97-46e0-b36e-94c2bd99dfe7,17695488,v1.14-1.15,0.0,1.9998775741611685,1,1,1,0,1,1,1,1,1,0,1,1,1,0,1,0,1,0,1,0,1,0,1,0,1,0,1,1,1,0,1,0,1,0,1,0,1.0,0.0,1.0,0.0,1,0,1,0,1,0,1,0,1.0,1.0,1.0,0.0,1.0,0.0,1,0,1,0,1,0,1,0,1,0,1.0,0.0,1.0,0.0,,,,,,,,,,,,,,,,,,
c535c36c-d80e-4bf8-8a35-335c20ac7d28,17760384,v1.14-1.15,0.0,2.0001442091551542,1,1,1,1,1,1,1,1,1,1,1,1,1,0,1,0,1,0,1,0,1,0,1,0,1,0,1,1,1,0,1,0,1,0,1,0,,,,,1,1,1,1,1,1,1,1,1.0,1.0,1.0,1.0,1.0,1.0,1,0,1,0,1,0,1,0,1,0,1.0,0.0,,,,,,,,,,,,,,,,,,,,
6007f23e-bc4d-45e5-9376-02e882c39419,17695488,v1.14-1.15,0.0,2.0000114447955686,1,0,1,0,1,0,1,0,1,0,1,0,1,0,1,0,1,0,1,0,1,0,1,0,1,0,1,1,1,0,1,0,1,0,1,0,1.0,0.0,1.0,0.0,1,1,1,0,1,0,1,0,1.0,1.0,1.0,0.0,1.0,0.0,1,0,1,0,1,0,1,0,1,0,1.0,0.0,1.0,0.0,,,,,,,,,,,,,,,,,,
765f775d-83ef-4a9a-bca3-f528ba0269fc,17694720,v1.14-1.15,1.794494612554317e-05,105.11041334167057,1,1,1,0,1,1,1,1,1,0,1,1,1,0,1,0,1,0,1,0,1,0,1,0,1,0,1,1,1,0,1,0,1,0,1,0,1.0,0.0,1.0,0.0,1,1,1,0,1,0,1,0,1.0,1.0,1.0,0.0,1.0,0.0,1,0,1,0,1,0,1,0,1,0,1.0,0.0,1.0,0.0,,,,,,,,,,,,,,,,,,
d0b159a7-cffb-419e-9d43-6acaa453b996,17761023,v1.14-1.15,0.0,2.000015466150589,1,1,1,1,1,1,1,1,1,1,1,1,1,0,1,0,1,0,1,0,1,0,1,0,1,0,1,1,1,0,1,0,1,0,1,0,1.0,0.0,1.0,0.0,1,1,1,1,1,1,1,1,1.0,1.0,1.0,1.0,1.0,1.0,1,0,1,0,1,0,1,0,1,0,1.0,0.0,,,,,,,,,,,,,,,,,,,,
328ae641-6b8a-4b12-b945-49f1f1cea9e0,17630207,v1.12-1.13,0.0,2.0000236713082,1,1,1,0,1,1,1,1,1,0,1,0,1,0,1,0,1,0,1,0,1,0,1,0,1,0,1,1,1,0,1,0,1,0,1,0,,,,,1,1,1,1,1,0,1,0,,,,,,,1,0,1,0,1,0,1,0,1,0,1.0,0.0,1.0,0.0,,,,,,,,,,,,,,,,,,
dc468b40-5162-4255-a23e-8695e7f168f9,17630207,v1.12-1.13,0.0,2.0000144978426495,1,0,1,0,1,0,1,0,1,0,1,0,1,0,1,0,1,0,1,1,1,0,1,1,1,0,1,0,1,0,1,0,1,0,1,0,,,,,1,1,1,0,1,0,1,0,,,,,,,1,0,1,0,1,0,1,0,1,0,1.0,0.0,1.0,0.0,,,,,,,,,,,,,,,,,,
3e7c86b5-e263-45e9-b74c-27b9905a977d,17761280,v1.14-1.15,0.0,2.000177537857894,1,1,1,1,1,1,1,1,1,1,1,1,1,0,1,0,1,0,1,0,1,0,1,0,1,0,1,1,1,0,1,0,1,0,1,0,1.0,0.0,1.0,0.0,1,1,1,1,1,1,1,1,1.0,1.0,1.0,1.0,1.0,1.0,1,0,1,0,1,0,1,0,1,0,1.0,1.0,,,,,,,,,,,,,,,,,,,,
b4a2d2d7-55a1-4831-a109-f1247be453b7,17694848,v1.14-1.15,0.0,2.000122196144738,1,0,1,0,1,0,1,0,1,0,1,0,1,0,1,0,1,0,1,0,1,0,1,0,1,1,1,1,1,0,1,0,1,0,1,0,1.0,0.0,1.0,0.0,1,1,1,0,1,0,1,0,1.0,1.0,1.0,0.0,1.0,0.0,1,0,1,0,1,0,1,0,1,1,1.0,1.0,1.0,0.0,,,,,,,,,,,,,,,,,,
f0e75787-9d22-4e3b-b422-b9128472e08d,17761535,v1.14-1.15,0.0,1.9999996875000488,1,0,1,0,1,0,1,0,1,0,1,0,1,0,1,0,1,0,1,0,1,0,1,1,1,1,1,1,1,0,1,0,1,1,1,1,1.0,1.0,1.0,1.0,1,0,1,0,1,0,1,0,1.0,1.0,1.0,1.0,1.0,1.0,1,0,1,0,1,0,1,0,1,1,1.0,1.0,,,,,,,,,,,,,,,,,,,,
2bfedcce-3c29-4ae1-b5be-9f80e60679ba,17760256,v1.14-1.15,0.0,2.0002021569778416,1,1,1,1,1,1,1,1,1,1,1,1,1,0,1,0,1,0,1,0,1,0,1,0,1,0,1,1,1,0,1,0,1,0,1,0,1.0,0.0,1.0,0.0,1,1,1,1,1,1,1,1,1.0,1.0,1.0,1.0,1.0,1.0,1,0,1,0,1,0,1,0,1,0,1.0,0.0,,,,,,,,,,,,,,,,,,,,
65380035-9e6b-446d-bb99-232b0adf2113,17761280,v1.14-1.15,0.0,1.9999943488684269,1,1,1,1,1,1,1,1,1,1,1,1,1,0,1,0,1,0,1,0,1,0,1,0,1,0,1,1,1,0,1,0,1,0,1,0,1.0,0.0,1.0,0.0,1,1,1,1,1,1,1,1,1.0,1.0,1.0,1.0,1.0,1.0,1,0,1,0,1,0,1,0,1,0,1.0,0.0,,,,,,,,,,,,,,,,,,,,
7bbc8fc9-c8ca-4acb-b842-b530f35d3b27,17760768,v1.14-1.15,0.0,1.9998261751088595,1,1,1,1,1,1,1,1,1,1,1,1,1,0,1,0,1,0,1,0,1,0,1,0,1,0,1,1,1,0,1,0,1,0,1,0,1.0,0.0,1.0,0.0,1,1,1,1,1,1,1,1,1.0,1.0,1.0,1.0,1.0,1.0,1,0,1,0,1,0,1,0,1,0,1.0,0.0,,,,,,,,,,,,,,,,,,,,
0e3fccdf-f91f-4839-ad6e-63317380fa1c,17761535,v1.14-1.15,0.0163097626432948,1.962186602688225,1,0,1,0,1,0,1,0,1,0,1,0,1,0,1,0,1,0,1,0,1,0,1,0,1,0,1,1,1,0,1,0,1,0,1,0,1.0,0.0,1.0,0.0,1,1,1,1,1,1,1,1,1.0,1.0,1.0,1.0,1.0,1.0,1,0,1,0,1,0,1,0,1,0,1.0,0.0,,,,,,,,,,,,,,,,,,,,
0133e760-241c-4180-9d18-4a4369c0dcb7,17891392,v1.16+,0.0,100.00768285187462,1,1,1,1,1,1,1,1,1,1,1,1,1,0,1,0,1,0,1,0,1,0,1,0,1,0,1,1,1,0,1,0,1,0,1,0,,,,,1,1,1,1,1,1,1,1,1.0,1.0,1.0,1.0,1.0,1.0,1,0,1,0,1,0,1,0,1,0,1.0,0.0,,,,,,,,,,,,,,,,,,,,
8b5bbe93-8766-4a88-8513-5b045c087bca,17629951,v1.12-1.13,0.00026534967286276785,2.0000162868934885,1,1,1,0,1,1,1,1,1,0,1,0,1,0,1,0,1,0,1,0,1,0,1,0,1,0,1,1,1,0,1,0,1,0,1,0,,,,,1,1,1,1,1,0,1,0,,,,,,,1,0,1,0,1,0,1,0,1,0,1.0,0.0,1.0,0.0,,,,,,,,,,,,,,,,,,
717e7a2d-b09f-4b3d-ae67-bf74d7f1ec6e,17695743,v1.14-1.15,0.019501766568765535,1.958987755682664,1,1,1,0,1,1,1,1,1,0,1,0,1,0,1,0,1,0,1,0,1,0,1,0,1,0,1,1,1,0,1,0,1,0,1,0,1.0,0.0,1.0,0.0,1,1,1,0,1,0,1,0,1.0,1.0,1.0,0.0,1.0,0.0,1,0,1,0,1,0,1,0,1,0,1.0,0.0,1.0,0.0,,,,,,,,,,,,,,,,,,
185fd6d7-5b93-4d6c-8410-67667566f0c6,17761535,v1.14-1.15,0.0,1.9999810066738815,1,1,1,1,1,1,1,1,1,1,1,1,1,0,1,0,1,0,1,0,1,0,1,0,1,0,1,1,1,0,1,0,1,0,1,0,1.0,0.0,1.0,0.0,1,1,1,1,1,1,1,1,1.0,1.0,1.0,1.0,1.0,1.0,1,0,1,0,1,0,1,0,1,0,1.0,0.0,,,,,,,,,,,,,,,,,,,,
1f49ae61-e4c0-432e-8441-b0e681e9b6a9,17760768,v1.14-1.15,0.0,2.0000326974492535,1,1,1,1,1,1,1,1,1,1,1,1,1,0,1,0,1,0,1,0,1,0,1,0,1,0,1,1,1,0,1,0,1,0,1,0,1.0,0.0,1.0,0.0,1,1,1,1,1,1,1,1,1.0,1.0,1.0,1.0,1.0,1.0,1,0,1,0,1,0,1,0,1,0,1.0,0.0,,,,,,,,,,,,,,,,,,,,
dfdb29c8-2b18-47f8-87a6-2d561d4b5c01,17891392,v1.16+,0.0,100.00331136792609,1,1,1,1,1,1,1,1,1,1,1,1,1,0,1,0,1,0,1,0,1,0,1,0,1,0,1,1,1,0,1,0,1,0,1,0,,,,,1,1,1,1,1,1,1,1,1.0,1.0,1.0,1.0,1.0,1.0,1,0,1,0,1,0,1,0,1,0,1.0,0.0,,,,,,,,,,,,,,,,,,,,
c865ff13-78e3-49fe-8b85-f9b7c07bbbb4,17761535,v1.14-1.15,0.0,1.9999999654320995,1,1,1,1,1,1,1,1,1,1,1,1,1,0,1,0,1,0,1,0,1,0,1,0,1,0,1,1,1,0,1,0,1,0,1,0,1.0,0.0,1.0,0.0,1,1,1,1,1,1,1,1,1.0,1.0,1.0,1.0,1.0,1.0,1,0,1,0,1,0,1,0,1,0,1.0,0.0,,,,,,,,,,,,,,,,,,,,
a9bebd55-10d4-42df-b12b-5781106c4696,17694720,v1.14-1.15,0.003471754978136489,1.991004802465747,1,1,1,0,1,1,1,1,1,0,1,1,1,0,1,0,1,0,1,0,1,0,1,0,1,1,1,1,1,0,1,0,1,0,1,0,1.0,0.0,1.0,0.0,1,1,1,0,1,0,1,0,1.0,1.0,1.0,0.0,1.0,0.0,1,0,1,0,1,0,1,0,1,1,1.0,1.0,1.0,0.0,,,,,,,,,,,,,,,,,,
bc59530d-5074-46ed-ad8b-dcd6cca8812b,17825984,v1.16+,0.0,100.00168070051598,1,1,1,1,1,1,1,1,1,1,1,1,1,0,1,0,1,0,1,0,1,0,1,0,1,0,1,1,1,0,1,0,1,0,1,0,,,,,1,1,1,1,1,1,1,1,1.0,1.0,1.0,1.0,1.0,1.0,1,0,1,0,1,0,1,0,1,0,1.0,0.0,,,,,,,,,,,,,,,,,,,,
22e97f05-85f5-451b-88c9-87350ad9c461,17694975,v1.14-1.15,0.008885511673310054,1.9845925573109473,1,1,1,0,1,1,1,1,1,0,1,1,1,0,1,0,1,0,1,0,1,0,1,0,1,0,1,1,1,0,1,0,1,0,1,0,1.0,0.0,1.0,0.0,1,0,1,0,1,0,1,0,1.0,1.0,1.0,0.0,1.0,0.0,1,0,1,0,1,0,1,0,1,0,1.0,0.0,1.0,0.0,,,,,,,,,,,,,,,,,,
001f6160-c307-4705-b5e8-37b4804856bf,17630207,v1.12-1.13,0.0,2.000112409418359,1,1,1,0,1,1,1,1,1,0,1,0,1,0,1,0,1,0,1,0,1,0,1,0,1,1,1,0,1,0,1,0,1,0,1,0,,,,,1,1,1,0,1,0,1,0,,,,,,,1,0,1,0,1,0,1,0,1,1,1.0,1.0,1.0,0.0,,,,,,,,,,,,,,,,,,
f0d2f70d-02fc-4ef1-89fe-ce0ad9c69793,17694720,v1.14-1.15,0.0002698359057331943,1.9999776175344408,1,1,1,0,1,1,1,1,1,0,1,1,1,0,1,0,1,0,1,0,1,0,1,0,1,0,1,1,1,0,1,0,1,0,1,0,1.0,0.0,1.0,0.0,1,1,1,0,1,0,1,0,1.0,1.0,1.0,0.0,1.0,0.0,1,0,1,0,1,0,1,0,1,0,1.0,0.0,1.0,0.0,,,,,,,,,,,,,,,,,,
6ed54385-3472-449f-b36a-dac38d2ec87e,17761023,v1.14-1.15,0.0,2.000116494240256,1,1,1,1,1,1,1,1,1,1,1,1,1,0,1,0,1,0,1,0,1,0,1,0,1,0,1,1,1,0,1,0,1,0,1,0,1.0,0.0,1.0,0.0,1,1,1,1,1,1,1,1,1.0,1.0,1.0,1.0,1.0,1.0,1,0,1,0,1,0,1,0,1,0,1.0,0.0,,,,,,,,,,,,,,,,,,,,
7f28990a-44a8-43fe-8fd3-9a0c0dbeb469,17694975,v1.14-1.15,0.017744252139013792,1.9657822231479176,1,1,1,0,1,1,1,1,1,0,1,1,1,0,1,0,1,0,1,0,1,0,1,0,1,1,1,1,1,0,1,0,1,0,1,0,1.0,0.0,1.0,0.0,1,1,1,0,1,0,1,0,1.0,1.0,1.0,0.0,1.0,0.0,1,0,1,0,1,0,1,0,1,1,1.0,1.0,1.0,0.0,,,,,,,,,,,,,,,,,,
7ab96f11-63ac-4ea2-ac79-a412e07ef652,17826047,v1.16+,0.0,2.0002490997237623,1,1,1,1,1,1,1,1,1,1,1,1,1,0,1,0,1,0,1,0,1,0,1,0,1,0,1,1,1,0,1,0,1,0,1,0,,,,,1,1,1,1,1,1,1,1,1.0,1.0,1.0,1.0,1.0,1.0,1,0,1,0,1,0,1,0,1,0,1.0,0.0,,,,,,,,,,,,,,,,,,,,
21d0220f-2698-41f8-8db7-71e2a39d8fae,17761023,v1.14-1.15,0.0,2.0000192571513615,1,1,1,1,1,1,1,1,1,1,1,1,1,0,1,0,1,0,1,0,1,0,1,0,1,0,1,1,1,0,1,0,1,0,1,0,1.0,0.0,1.0,0.0,1,1,1,1,1,1,1,1,1.0,1.0,1.0,1.0,1.0,1.0,1,0,1,0,1,0,1,0,1,0,1.0,0.0,,,,,,,,,,,,,,,,,,,,
4e586407-ceb6-414b-9399-aa4fce364c19,17630207,v1.12-1.13,0.0001552607958673054,1.9998445745794693,1,0,1,0,1,0,1,0,1,0,1,0,1,0,1,0,1,0,1,1,1,0,1,1,1,0,1,0,1,0,1,0,1,0,1,0,,,,,1,1,1,0,1,0,1,0,,,,,,,1,0,1,0,1,0,1,0,1,0,1.0,0.0,1.0,0.0,,,,,,,,,,,,,,,,,,
5598c44e-9aaa-44d2-8915-3abf7c50eb00,17629952,v1.12-1.13,0.0,2.0000298154733764,1,0,1,0,1,0,1,0,1,0,1,0,1,0,1,0,1,0,1,1,1,0,1,1,1,0,1,0,1,0,1,0,1,0,1,0,,,,,1,1,1,0,1,0,1,0,,,,,,,1,0,1,0,1,0,1,0,1,0,1.0,0.0,1.0,0.0,,,,,,,,,,,,,,,,,,
0522f4e0-24a0-4e44-9be7-9fd558bf4b9a,17891392,v1.16+,0.002510596128451399,1.9930250665546823,1,1,1,1,1,1,1,1,1,1,1,1,1,0,1,0,1,0,1,0,1,0,1,0,1,0,1,1,1,0,1,0,1,0,1,0,,,,,1,1,1,1,1,1,1,1,1.0,1.0,1.0,1.0,1.0,1.0,1,0,1,0,1,0,1,0,1,0,1.0,0.0,,,,,,,,,,,,,,,,,,,,
54138a37-193b-4f6d-9b29-75d0f7ebc335,17630207,v1.12-1.13,0.0,2.000015500120126,1,0,1,0,1,0,1,1,1,0,1,0,1,0,1,0,1,0,1,0,1,0,1,0,1,0,1,1,1,0,1,0,1,0,1,0,,,,,1,1,1,0,1,0,1,0,,,,,,,1,0,1,0,1,0,1,0,1,0,1.0,0.0,1.0,0.0,,,,,,,,,,,,,,,,,,
8b4312bb-4ed8-4a11-806f-91ac08763441,17629696,v1.12-1.13,0.003796805327894566,1.993532254085621,1,1,1,0,1,1,1,1,1,0,1,0,1,0,1,0,1,0,1,0,1,0,1,0,1,0,1,1,1,0,1,0,1,0,1,0,,,,,1,1,1,1,1,0,1,0,,,,,,,1,0,1,0,1,0,1,0,1,0,1.0,0.0,1.0,0.0,,,,,,,,,,,,,,,,,,
407d9cb5-3efd-4160-b3d9-a091572f2b67,17761535,v1.14-1.15,0.0,2.0001051301943233,1,1,1,1,1,1,1,1,1,1,1,1,1,0,1,0,1,0,1,0,1,0,1,0,1,0,1,1,1,0,1,0,1,0,1,0,1.0,0.0,1.0,0.0,1,1,1,1,1,1,1,1,1.0,1.0,1.0,1.0,1.0,1.0,1,0,1,0,1,0,1,0,1,0,1.0,0.0,,,,,,,,,,,,,,,,,,,,
90237d87-541d-4e8c-80f6-aa370e687e65,17760768,v1.14-1.15,0.0,1.9999463185140602,1,0,1,0,1,0,1,0,1,0,1,0,1,0,1,0,1,0,1,0,1,0,1,0,1,0,1,1,1,0,1,0,1,0,1,0,1.0,0.0,1.0,0.0,1,1,1,1,1,1,1,1,1.0,1.0,1.0,1.0,1.0,1.0,1,0,1,0,1,0,1,0,1,0,1.0,0.0,,,,,,,,,,,,,,,,,,,,
283aedec-3385-425a-8b3c-e8be592bdfd7,17761535,v1.14-1.15,0.0,2.000110050999098,1,1,1,1,1,1,1,1,1,1,1,1,1,0,1,0,1,0,1,0,1,0,1,0,1,0,1,1,1,0,1,0,1,0,1,0,1.0,0.0,1.0,0.0,1,1,1,1,1,1,1,1,1.0,1.0,1.0,1.0,1.0,1.0,1,0,1,0,1,0,1,0,1,0,1.0,0.0,,,,,,,,,,,,,,,,,,,,
a248716d-0e0d-4d1c-9e2c-cdd452acc654,17761535,v1.14-1.15,0.0,2.000026139230514,1,1,1,1,1,1,1,1,1,1,1,1,1,0,1,0,1,0,1,0,1,0,1,0,1,0,1,1,1,0,1,0,1,0,1,0,1.0,0.0,1.0,0.0,1,1,1,1,1,1,1,1,1.0,1.0,1.0,1.0,1.0,1.0,1,0,1,0,1,0,1,0,1,0,1.0,0.0,,,,,,,,,,,,,,,,,,,,
b3f85953-a965-416a-a73e-622d12ba663c,17564928,v1.12-1.13,0.012761117843087057,1.9777023580180721,1,0,1,0,1,0,1,1,1,0,1,0,1,0,1,0,1,0,1,0,1,0,1,0,1,0,1,1,1,0,1,0,1,0,1,0,,,,,1,1,1,0,1,0,1,0,,,,,,,1,0,1,0,1,0,1,0,1,0,,,1.0,0.0,,,,,,,,,,,,,,,,,,
3507c72a-38aa-40bc-8e11-d687c16d6bb7,17761535,v1.14-1.15,0.0,2.0000251838677614,1,0,1,0,1,0,1,0,1,0,1,0,1,0,1,0,1,0,1,1,1,1,1,1,1,0,1,1,1,0,1,0,1,0,1,0,1.0,0.0,1.0,0.0,1,1,1,1,1,1,1,1,1.0,1.0,1.0,1.0,1.0,1.0,1,0,1,0,1,0,1,0,1,0,1.0,0.0,,,,,,,,,,,,,,,,,,,,
b20820ed-6907-43f0-861e-c99d7ee67c62,17170944,v1.12-1.13,0.0,2.0000091310761707,1,1,1,1,1,1,1,1,1,1,1,1,1,0,1,0,1,0,1,0,1,0,1,0,1,0,1,1,1,0,1,0,1,0,1,0,,,,,1,1,1,1,1,1,1,1,1.0,1.0,1.0,1.0,1.0,1.0,1,0,1,0,1,0,1,0,1,0,1.0,0.0,,,,,,,,,,,,,,,,,,,,
73c27540-33ff-4263-a035-40fa8835daba,17629696,v1.12-1.13,0.0,2.0000149613522304,1,1,1,0,1,1,1,1,1,0,1,0,1,0,1,0,1,0,1,0,1,0,1,0,1,0,1,1,1,0,1,0,1,0,1,0,,,,,1,1,1,0,1,0,1,0,,,,,,,1,0,1,0,1,0,1,0,1,0,1.0,0.0,1.0,0.0,,,,,,,,,,,,,,,,,,
682db2c9-1419-4d45-b364-bfc863009ca2,17825984,v1.16+,0.0005538561665918328,1.9999850968852457,1,1,1,1,1,1,1,1,1,1,1,1,1,0,1,0,1,0,1,0,1,0,1,0,1,1,1,1,1,0,1,0,1,1,1,1,,,,,1,1,1,1,1,1,1,1,1.0,1.0,1.0,1.0,1.0,1.0,1,0,1,0,1,0,1,0,1,1,1.0,1.0,,,,,,,,,,,,,,,,,,,,
8c800142-1217-4039-8e25-35246b6566e8,17760512,v1.14-1.15,0.0,1.9999493418236984,1,0,1,0,1,0,1,0,1,0,1,0,1,0,1,0,1,0,1,1,1,1,1,1,1,0,1,0,1,0,1,0,1,0,1,0,1.0,0.0,1.0,0.0,1,1,1,0,1,0,1,0,1.0,1.0,1.0,1.0,1.0,1.0,1,0,1,0,1,0,1,0,1,0,1.0,0.0,,,,,,,,,,,,,,,,,,,,
9c9fb9d4-00c1-409e-93b6-3d84295af85c,17629951,v1.12-1.13,0.0,2.0000004152249997,1,0,1,0,1,0,1,0,1,0,1,0,1,0,1,0,1,0,1,1,1,0,1,1,1,0,1,0,1,0,1,0,1,0,1,0,,,,,1,1,1,0,1,0,1,0,,,,,,,1,0,1,0,1,0,1,0,1,1,1.0,1.0,1.0,0.0,,,,,,,,,,,,,,,,,,
94357db0-6a25-4010-9210-fdfb644666e4,17891583,v1.16+,0.0,2.000008612918447,1,1,1,1,1,1,1,1,1,1,1,1,1,0,1,0,1,0,1,0,1,0,1,0,1,0,1,1,1,0,1,0,1,0,1,0,,,,,1,1,1,1,1,1,1,1,1.0,1.0,1.0,1.0,1.0,1.0,1,0,1,0,1,0,1,0,1,0,1.0,0.0,,,,,,,,,,,,,,,,,,,,
da288af9-2e44-4a7e-8175-9cc83b711310,17826047,v1.16+,0.0,100.00620770997578,1,1,1,1,1,1,1,1,1,1,1,1,1,0,1,0,1,0,1,0,1,0,1,0,1,0,1,1,1,0,1,0,1,0,1,0,,,,,1,1,1,1,1,1,1,1,1.0,1.0,1.0,1.0,1.0,1.0,1,0,1,0,1,0,1,0,1,0,1.0,0.0,,,,,,,,,,,,,,,,,,,,
7a155fa4-a336-49df-9038-4f8297fd0bb0,17629439,v1.12-1.13,0.0,2.000036803398321,1,0,1,0,1,0,1,0,1,0,1,0,1,0,1,0,1,0,1,0,1,0,1,0,1,1,1,0,1,0,1,0,1,1,1,0,,,,,1,1,1,1,1,0,1,0,,,,,,,1,0,1,0,1,0,1,0,1,1,1.0,1.0,1.0,0.0,,,,,,,,,,,,,,,,,,
5016e79c-3155-4a42-a019-1c26df270661,17761023,v1.14-1.15,0.0,1.999938809211663,1,0,1,0,1,0,1,0,1,0,1,0,1,0,1,0,1,0,1,1,1,1,1,1,1,0,1,1,1,0,1,0,1,0,1,0,1.0,0.0,1.0,0.0,1,1,1,1,1,1,1,1,1.0,1.0,1.0,1.0,1.0,1.0,1,0,1,0,1,0,1,0,1,0,1.0,0.0,,,,,,,,,,,,,,,,,,,,
ed7d5563-6c4b-4926-8379-c91ebad1b236,17826047,v1.16+,0.0,2.0000018757344673,1,0,1,0,1,0,1,0,1,0,1,0,1,0,1,0,1,0,1,0,1,0,1,0,1,0,1,1,1,0,1,0,1,0,1,0,,,,,1,1,1,1,1,1,1,1,1.0,1.0,1.0,1.0,1.0,1.0,1,0,1,0,1,0,1,0,1,0,1.0,0.0,,,,,,,,,,,,,,,,,,,,
069b26a8-8f89-4b8a-9188-e73eed72595c,17630207,v1.12-1.13,0.0,2.000018184214411,1,0,1,0,1,0,1,0,1,0,1,0,1,0,1,0,1,0,1,1,1,0,1,1,1,0,1,0,1,0,1,0,1,0,1,0,,,,,1,1,1,0,1,0,1,0,,,,,,,1,0,1,0,1,0,1,0,1,0,1.0,0.0,1.0,0.0,,,,,,,,,,,,,,,,,,
61cd6bbd-c021-43ef-b668-4dd7e0352528,17891583,v1.16+,0.0,1.9999941522839928,1,1,1,1,1,1,1,1,1,1,1,1,1,0,1,0,1,0,1,0,1,0,1,0,1,0,1,1,1,0,1,0,1,0,1,0,,,,,1,0,1,1,1,1,1,1,1.0,1.0,1.0,1.0,1.0,1.0,1,0,1,0,1,0,1,0,1,0,1.0,0.0,,,,,,,,,,,,,,,,,,,,
8a3e0247-df2b-4f85-a8dd-ee1e436ed873,17630207,v1.12-1.13,0.0,2.0001005301494263,1,1,1,0,1,1,1,1,1,0,1,0,1,0,1,0,1,0,1,0,1,0,1,0,1,0,1,1,1,0,1,0,1,0,1,0,,,,,1,1,1,1,1,0,1,0,,,,,,,1,0,1,0,1,0,1,0,1,0,1.0,0.0,1.0,0.0,,,,,,,,,,,,,,,,,,
365a68c6-a5cc-4753-9494-f7391633e0d6,17694720,v1.14-1.15,0.00014343612423625644,108.02876070029583,1,0,1,0,1,0,1,0,1,0,1,0,1,0,1,0,1,0,1,0,1,0,1,0,1,0,1,1,1,0,1,0,1,0,1,0,1.0,0.0,1.0,0.0,1,0,1,0,1,0,1,0,1.0,1.0,1.0,0.0,1.0,0.0,1,0,1,0,1,0,1,0,1,0,1.0,0.0,1.0,0.0,,,,,,,,,,,,,,,,,,
8c6509f4-e717-48a6-923b-e8e283a586ed,17761280,v1.14-1.15,0.0,2.0002292202978125,1,0,1,0,1,0,1,0,1,0,1,0,1,0,1,0,1,0,1,0,1,0,1,0,1,1,1,0,1,0,1,0,1,1,1,1,1.0,1.0,1.0,1.0,1,0,1,0,1,0,1,0,1.0,1.0,1.0,1.0,1.0,1.0,1,0,1,0,1,0,1,0,1,1,1.0,1.0,,,,,,,,,,,,,,,,,,,,
e8a84558-0171-4bc6-a5f7-0adcba2ee665,17695743,v1.14-1.15,0.0,1.9999469411666932,1,1,1,0,1,1,1,1,1,0,1,1,1,0,1,0,1,0,1,0,1,0,1,0,1,0,1,1,1,0,1,0,1,0,1,0,1.0,0.0,1.0,0.0,1,1,1,0,1,0,1,0,1.0,1.0,1.0,0.0,1.0,0.0,1,0,1,0,1,0,1,0,1,0,1.0,0.0,1.0,0.0,,,,,,,,,,,,,,,,,,
1d25d0db-a843-4be9-88f5-3191662ac651,17826047,v1.16+,0.0,2.000055882602281,1,1,1,1,1,1,1,1,1,1,1,1,1,0,1,0,1,0,1,0,1,0,1,0,1,0,1,1,1,0,1,0,1,0,1,0,,,,,1,1,1,1,1,1,1,1,1.0,1.0,1.0,1.0,1.0,1.0,1,0,1,0,1,0,1,0,1,0,1.0,0.0,,,,,,,,,,,,,,,,,,,,
caadb2de-807e-4f62-b2eb-c77b977e4d83,17760511,v1.14-1.15,0.0013376923217955797,2.0001028465582764,1,0,1,0,1,0,1,0,1,0,1,0,1,0,1,0,1,0,1,1,1,1,1,1,1,0,1,1,1,0,1,0,1,0,1,0,1.0,0.0,1.0,0.0,1,1,1,0,1,0,1,0,1.0,1.0,1.0,1.0,1.0,1.0,1,0,1,0,1,0,1,0,1,0,1.0,0.0,,,,,,,,,,,,,,,,,,,,
6ababb49-2afb-4d82-9990-9dbcf3e12f77,17825984,v1.16+,9.257291313414216e-05,1.9999928724151925,1,1,1,1,1,1,1,1,1,1,1,1,1,0,1,0,1,0,1,0,1,0,1,0,1,0,1,1,1,0,1,0,1,0,1,0,,,,,1,1,1,1,1,1,1,1,1.0,1.0,1.0,1.0,1.0,1.0,1,0,1,0,1,0,1,0,1,0,1.0,0.0,,,,,,,,,,,,,,,,,,,,
b17ce95d-539b-4ce3-b5d1-a88fa184ae8e,17761535,v1.14-1.15,0.0,1.99999393550226,1,1,1,1,1,1,1,1,1,1,1,1,1,0,1,0,1,0,1,0,1,0,1,0,1,0,1,1,1,0,1,0,1,0,1,0,1.0,0.0,1.0,0.0,1,1,1,1,1,1,1,1,1.0,1.0,1.0,1.0,1.0,1.0,1,0,1,0,1,0,1,0,1,0,1.0,0.0,,,,,,,,,,,,,,,,,,,,
4c42e492-5520-45dd-86ba-9f0c5b8f259c,16777728,v1.12-1.13,0.0,1.9999592618268838,1,1,1,1,1,1,1,1,1,1,1,1,1,0,1,0,1,0,1,0,1,0,1,0,1,1,1,1,1,0,1,0,1,0,1,0,1.0,0.0,1.0,0.0,1,1,1,1,1,1,1,1,1.0,1.0,1.0,1.0,1.0,1.0,1,0,1,0,1,0,1,0,1,1,1.0,1.0,,,,,,,,,,,,,,,,,,,,
f26bc33c-fdff-49a7-9af9-8e496187059f,17695488,v1.14-1.15,0.0,1.9999317654859485,1,0,1,0,1,0,1,0,1,0,1,0,1,0,1,0,1,0,1,1,1,0,1,1,1,0,1,1,1,0,1,0,1,0,1,0,1.0,0.0,1.0,0.0,1,0,1,0,1,0,1,0,1.0,1.0,1.0,0.0,1.0,0.0,1,0,1,0,1,0,1,0,1,0,1.0,0.0,1.0,0.0,,,,,,,,,,,,,,,,,,
b2a73855-fd04-46cb-881a-4294f28adbc0,17826047,v1.16+,0.0,2.0000009714290434,1,1,1,1,1,1,1,1,1,1,1,1,1,0,1,0,1,0,1,0,1,0,1,0,1,1,1,1,1,0,1,0,1,0,1,0,,,,,1,1,1,1,1,1,1,1,1.0,1.0,1.0,1.0,1.0,1.0,1,0,1,0,1,0,1,0,1,1,1.0,1.0,,,,,,,,,,,,,,,,,,,,
0039082d-f3df-464d-a205-7bca9494aa60,17760256,v1.14-1.15,0.0,2.000031299191111,1,1,1,1,1,1,1,1,1,1,1,1,1,0,1,0,1,0,1,0,1,0,1,0,1,1,1,1,1,0,1,0,1,0,1,0,1.0,0.0,1.0,0.0,1,0,1,0,1,0,1,0,1.0,1.0,1.0,1.0,1.0,1.0,1,0,1,0,1,0,1,0,1,1,1.0,1.0,,,,,,,,,,,,,,,,,,,,
7940d64c-acb8-4ffd-bd8a-e2a13c0711be,17760512,v1.14-1.15,0.0,2.0000088891130434,1,1,1,1,1,1,1,1,1,1,1,1,1,0,1,0,1,0,1,0,1,0,1,0,1,0,1,1,1,0,1,0,1,1,1,1,1.0,1.0,1.0,1.0,1,1,1,1,1,1,1,1,1.0,1.0,1.0,1.0,1.0,1.0,1,0,1,0,1,0,1,0,1,1,1.0,1.0,,,,,,,,,,,,,,,,,,,,
565e86fb-378b-45de-9bfa-9efd1465521c,17695488,v1.14-1.15,4.0360455460744064e-05,2.00007175767653,1,1,1,0,1,1,1,1,1,0,1,1,1,0,1,0,1,0,1,0,1,0,1,0,1,1,1,1,1,0,1,0,1,0,1,0,1.0,0.0,1.0,0.0,1,1,1,0,1,0,1,0,1.0,1.0,1.0,0.0,1.0,0.0,1,0,1,0,1,0,1,0,1,1,1.0,1.0,1.0,0.0,,,,,,,,,,,,,,,,,,
870a256e-7425-4520-ba83-3f6e238186cc,17761280,v1.14-1.15,0.0,2.0000028481302885,1,1,1,1,1,1,1,1,1,1,1,1,1,0,1,0,1,0,1,0,1,0,1,0,1,1,1,1,1,0,1,0,1,0,1,0,1.0,0.0,1.0,0.0,1,1,1,1,1,1,1,1,1.0,1.0,1.0,1.0,1.0,1.0,1,0,1,0,1,0,1,0,1,1,1.0,1.0,,,,,,,,,,,,,,,,,,,,
dd890d75-f9a4-4052-821c-461474712dee,17695743,v1.14-1.15,0.0,2.0000809175594076,1,0,1,0,1,0,1,0,1,0,1,0,1,0,1,0,1,0,1,0,1,0,1,0,1,0,1,1,1,0,1,0,1,0,1,0,1.0,0.0,1.0,0.0,1,0,1,0,1,0,1,0,1.0,1.0,1.0,0.0,1.0,0.0,1,0,1,0,1,0,1,0,1,0,1.0,0.0,1.0,0.0,,,,,,,,,,,,,,,,,,
c501a45e-8d7c-4b37-abd4-7bead637752b,17694975,v1.14-1.15,0.0,2.0000982725450447,1,0,1,0,1,0,1,0,1,0,1,0,1,0,1,0,1,0,1,0,1,0,1,0,1,0,1,1,1,0,1,0,1,0,1,0,1.0,0.0,1.0,0.0,1,1,1,0,1,0,1,0,1.0,1.0,1.0,0.0,1.0,0.0,1,0,1,0,1,0,1,0,1,0,1.0,0.0,1.0,0.0,,,,,,,,,,,,,,,,,,
5d16a86c-a0f1-4ecf-b9ce-0d52b85f3148,17695488,v1.14-1.15,0.0005187236191673968,2.000123211129847,1,0,1,0,1,0,1,0,1,0,1,0,1,0,1,0,1,0,1,0,1,0,1,0,1,0,1,1,1,0,1,0,1,1,1,0,1.0,0.0,1.0,0.0,1,0,1,0,1,0,1,0,1.0,1.0,1.0,0.0,1.0,0.0,1,0,1,0,1,0,1,0,1,1,1.0,1.0,1.0,0.0,,,,,,,,,,,,,,,,,,
74e2b0de-203d-4a4b-9a2f-847fdd1429e7,17761280,v1.14-1.15,0.0,2.0000003339659003,1,1,1,1,1,1,1,1,1,1,1,1,1,0,1,0,1,0,1,0,1,0,1,0,1,0,1,1,1,0,1,0,1,0,1,0,1.0,0.0,1.0,0.0,1,1,1,1,1,1,1,1,1.0,1.0,1.0,1.0,1.0,1.0,1,0,1,0,1,0,1,0,1,1,1.0,1.0,,,,,,,,,,,,,,,,,,,,
2000e59e-83c7-4733-b362-8793595e375d,17761535,v1.14-1.15,0.003745936735598687,2.0000258619696365,1,1,1,1,1,1,1,1,1,1,1,1,1,0,1,0,1,0,1,0,1,0,1,0,1,0,1,1,1,0,1,0,1,0,1,0,1.0,0.0,1.0,0.0,1,1,1,1,1,1,1,1,1.0,1.0,1.0,1.0,1.0,1.0,1,0,1,0,1,0,1,0,1,0,1.0,0.0,,,,,,,,,,,,,,,,,,,,
356444e1-bf6d-4b45-a7c2-fa5d3a504d17,17826047,v1.16+,0.0,2.0000674720436034,1,1,1,1,1,1,1,1,1,1,1,1,1,0,1,0,1,0,1,1,1,1,1,1,1,0,1,1,1,0,1,0,1,0,1,0,,,,,1,0,1,0,1,0,1,0,1.0,1.0,1.0,1.0,1.0,1.0,1,0,1,0,1,0,1,0,1,0,1.0,0.0,,,,,,,,,,,,,,,,,,,,
900bbfd8-3182-41ec-ae73-039eb4569705,17826559,v1.16+,0.0,2.000068536595127,1,1,1,1,1,1,1,1,1,1,1,1,1,0,1,0,1,0,1,0,1,0,1,0,1,0,1,1,1,0,1,0,1,0,1,0,,,,,1,1,1,0,1,0,1,0,1.0,1.0,1.0,1.0,1.0,1.0,1,0,1,0,1,0,1,0,1,0,1.0,0.0,,,,,,,,,,,,,,,,,,,,
77c907ab-ef72-460b-abe8-ff2c34b1114f,17630207,v1.12-1.13,7.458295727466813e-05,2.0000382590651973,1,1,1,0,1,1,1,1,1,0,1,0,1,0,1,0,1,0,1,0,1,0,1,0,1,0,1,1,1,0,1,0,1,0,1,0,,,,,1,1,1,1,1,0,1,0,,,,,,,1,0,1,0,1,0,1,0,1,0,1.0,0.0,1.0,0.0,,,,,,,,,,,,,,,,,,
280fc88c-1e6f-4a58-99f3-321f6a6a1c41,17761535,v1.14-1.15,0.0,1.9999461879430844,1,1,1,1,1,1,1,1,1,1,1,1,1,0,1,0,1,0,1,0,1,0,1,0,1,0,1,1,1,0,1,0,1,0,1,0,1.0,0.0,1.0,0.0,1,1,1,1,1,1,1,1,1.0,1.0,1.0,1.0,1.0,1.0,1,0,1,0,1,0,1,0,1,0,1.0,0.0,,,,,,,,,,,,,,,,,,,,
beb7929d-e7ca-4283-b6a0-85f112db2025,17630207,v1.12-1.13,0.0,2.000137591554619,1,0,1,0,1,0,1,1,1,0,1,0,1,0,1,0,1,0,1,0,1,0,1,0,1,0,1,1,1,0,1,0,1,0,1,0,,,,,1,1,1,1,1,0,1,0,,,,,,,1,0,1,0,1,0,1,0,1,0,1.0,0.0,1.0,0.0,,,,,,,,,,,,,,,,,,
a7abac16-d762-4b2b-90ba-ea69d6d51196,17694720,v1.14-1.15,0.0,2.0001824460896227,1,1,1,0,1,1,1,1,1,0,1,1,1,0,1,0,1,0,1,0,1,0,1,0,1,0,1,1,1,0,1,0,1,0,1,0,1.0,0.0,1.0,0.0,1,0,1,0,1,0,1,0,1.0,1.0,1.0,0.0,1.0,0.0,1,0,1,0,1,0,1,0,1,0,1.0,0.0,1.0,0.0,,,,,,,,,,,,,,,,,,
08aa6079-a52f-4d1e-8112-22abc99a62f0,17630207,v1.12-1.13,0.0,2.0000087704088303,1,1,1,0,1,1,1,1,1,0,1,0,1,0,1,0,1,0,1,0,1,0,1,0,1,1,1,1,1,0,1,0,1,0,1,0,,,,,1,1,1,1,1,0,1,0,,,,,,,1,0,1,0,1,0,1,0,1,1,1.0,1.0,1.0,0.0,,,,,,,,,,,,,,,,,,
954391ee-1bb5-48dc-8821-0d70c76839bc,17760256,v1.14-1.15,0.0,2.000011723985258,1,1,1,1,1,1,1,1,1,1,1,1,1,0,1,0,1,0,1,0,1,0,1,0,1,0,1,1,1,0,1,0,1,0,1,0,1.0,0.0,1.0,0.0,1,0,1,0,1,0,1,0,1.0,1.0,1.0,1.0,1.0,1.0,1,0,1,0,1,0,1,0,1,0,1.0,0.0,,,,,,,,,,,,,,,,,,,,
a827ee17-835b-4ae8-a5c2-8d18782cc39b,17826303,v1.16+,0.0,2.000017271319462,1,1,1,1,1,1,1,1,1,1,1,1,1,0,1,0,1,0,1,0,1,0,1,0,1,0,1,1,1,0,1,0,1,0,1,0,,,,,1,1,1,1,1,1,1,1,1.0,1.0,1.0,1.0,1.0,1.0,1,0,1,0,1,0,1,0,1,0,1.0,0.0,,,,,,,,,,,,,,,,,,,,
e2a50874-5132-4e95-9fe8-1a863e2b5097,17629696,v1.12-1.13,0.0,1.9783736391262328,1,1,1,0,1,1,1,1,1,0,1,0,1,0,1,0,1,0,1,0,1,0,1,0,1,1,1,1,1,0,1,0,1,1,1,0,,,,,1,1,1,1,1,0,1,0,,,,,,,1,0,1,0,1,0,1,0,1,1,1.0,1.0,1.0,0.0,,,,,,,,,,,,,,,,,,
2b518b3a-a5a6-49cf-966e-e3021bb3c77f,17760512,v1.14-1.15,0.0006770324155254082,1.996813512138484,1,1,1,1,1,1,1,1,1,1,1,1,1,0,1,0,1,0,1,0,1,0,1,0,1,0,1,1,1,0,1,0,1,0,1,0,1.0,0.0,1.0,0.0,1,0,1,0,1,0,1,0,1.0,1.0,1.0,1.0,1.0,1.0,1,0,1,0,1,0,1,0,1,0,1.0,0.0,,,,,,,,,,,,,,,,,,,,
56ec36a8-96a3-4687-b46b-6f9f5da78c02,17760511,v1.14-1.15,0.0,2.0000707132438946,1,1,1,1,1,1,1,1,1,1,1,1,1,0,1,0,1,0,1,0,1,0,1,0,1,0,1,1,1,0,1,0,1,0,1,0,1.0,0.0,1.0,0.0,1,1,1,1,1,1,1,1,1.0,1.0,1.0,1.0,1.0,1.0,1,0,1,0,1,0,1,0,1,0,1.0,0.0,,,,,,,,,,,,,,,,,,,,
a5f28aa6-89cb-48ab-84e5-7d887a490db2,17761535,v1.14-1.15,0.0,2.000021727711845,1,1,1,1,1,1,1,1,1,1,1,1,1,0,1,0,1,0,1,0,1,0,1,0,1,0,1,1,1,0,1,0,1,0,1,0,1.0,0.0,1.0,0.0,1,0,1,0,1,0,1,0,1.0,1.0,1.0,1.0,1.0,1.0,1,0,1,0,1,0,1,0,1,0,1.0,0.0,,,,,,,,,,,,,,,,,,,,
07981e83-67c4-4176-948c-7187b36b9726,17630207,v1.12-1.13,0.0,1.9999836753469233,1,0,1,0,1,0,1,0,1,0,1,0,1,0,1,0,1,0,1,1,1,0,1,1,1,0,1,0,1,0,1,0,1,0,1,0,,,,,1,1,1,0,1,0,1,0,,,,,,,1,0,1,0,1,0,1,0,1,0,1.0,0.0,1.0,0.0,,,,,,,,,,,,,,,,,,
95695267-4278-4757-9e39-49257352efdc,17826559,v1.16+,0.0,1.9999997315436602,1,1,1,1,1,1,1,1,1,1,1,1,1,0,1,0,1,0,1,0,1,0,1,0,1,0,1,1,1,0,1,0,1,0,1,0,,,,,1,1,1,1,1,1,1,1,1.0,1.0,1.0,1.0,1.0,1.0,1,0,1,0,1,0,1,0,1,0,1.0,0.0,,,,,,,,,,,,,,,,,,,,
df9ae9dc-db0c-4a29-8edb-d5c62ccfeedd,17826048,v1.16+,0.0,2.0000046720292626,1,1,1,1,1,1,1,1,1,1,1,1,1,0,1,0,1,0,1,0,1,0,1,0,1,0,1,1,1,0,1,0,1,0,1,0,,,,,1,1,1,1,1,1,1,1,1.0,1.0,1.0,1.0,1.0,1.0,1,0,1,0,1,0,1,0,1,0,1.0,0.0,,,,,,,,,,,,,,,,,,,,
ab12f315-4f16-4887-ad66-bc63d16b8f6e,17760256,v1.14-1.15,0.0,2.000019920292414,1,1,1,1,1,1,1,1,1,1,1,1,1,0,1,0,1,0,1,0,1,0,1,0,1,0,1,1,1,0,1,0,1,0,1,0,1.0,0.0,1.0,0.0,1,1,1,0,1,0,1,0,1.0,1.0,1.0,1.0,1.0,1.0,1,0,1,0,1,0,1,0,1,0,1.0,0.0,,,,,,,,,,,,,,,,,,,,
c14020e6-21e9-4bcc-99a0-c21eeb98090d,17760256,v1.14-1.15,0.0,1.9999827436043904,1,1,1,1,1,1,1,1,1,1,1,1,1,0,1,0,1,0,1,0,1,0,1,0,1,0,1,1,1,0,1,0,1,0,1,0,1.0,0.0,1.0,0.0,1,1,1,1,1,1,1,1,1.0,1.0,1.0,1.0,1.0,1.0,1,0,1,0,1,0,1,0,1,0,1.0,0.0,,,,,,,,,,,,,,,,,,,,
7364e89c-a3e5-495d-bb16-82a5ddd3eadb,17695743,v1.14-1.15,0.0,2.000102349499737,1,0,1,0,1,0,1,0,1,0,1,0,1,0,1,0,1,0,1,1,1,0,1,1,1,1,1,0,1,0,1,0,1,1,1,0,1.0,1.0,1.0,0.0,1,1,1,0,1,0,1,0,1.0,1.0,1.0,0.0,1.0,0.0,1,0,1,0,1,0,1,0,1,1,1.0,1.0,1.0,0.0,,,,,,,,,,,,,,,,,,
1043a7da-35e5-485d-ac28-dacd29493655,16973952,v1.12-1.13,0.0,2.0000141324528036,1,0,1,0,1,0,1,0,1,0,1,0,1,0,1,0,1,0,1,1,1,0,1,1,1,0,1,1,1,0,1,0,1,0,1,0,1.0,0.0,1.0,0.0,1,1,1,0,1,0,1,0,1.0,1.0,1.0,0.0,1.0,0.0,1,0,1,0,1,0,1,0,1,1,1.0,1.0,1.0,0.0,,,,,,,,,,,,,1.0,0.0,1.0,0.0,1.0,0.0
c55b7c92-ba41-4ea0-a475-8f6f7150ccc8,17825984,v1.16+,0.0,2.0000798810529594,1,1,1,1,1,1,1,1,1,1,1,1,1,0,1,0,1,0,1,0,1,0,1,0,1,0,1,1,1,0,1,0,1,0,1,0,,,,,1,1,1,1,1,1,1,1,1.0,1.0,1.0,1.0,1.0,1.0,1,0,1,0,1,0,1,0,1,0,1.0,0.0,,,,,,,,,,,,,,,,,,,,
508d5c15-7a06-4190-8554-9f33af9aa6b4,17695744,v1.14-1.15,0.0,2.0000067826316976,1,0,1,0,1,0,1,0,1,0,1,0,1,0,1,0,1,0,1,0,1,0,1,0,1,0,1,1,1,0,1,0,1,0,1,0,1.0,0.0,1.0,0.0,1,0,1,0,1,0,1,0,1.0,1.0,1.0,0.0,1.0,0.0,1,0,1,0,1,0,1,0,1,0,1.0,0.0,1.0,0.0,,,,,,,,,,,,,,,,,,
48379592-912b-4bb8-9b12-a72d23a4f949,17825856,v1.16+,0.0,2.0000686690243032,1,0,1,0,1,0,1,0,1,0,1,0,1,0,1,0,1,0,1,0,1,0,1,0,1,0,1,1,1,0,1,0,1,0,1,0,,,,,1,0,1,0,1,0,1,0,1.0,1.0,1.0,1.0,1.0,1.0,1,0,1,0,1,0,1,0,1,0,1.0,0.0,,,,,,,,,,,,,,,,,,,,
44725054-acfe-41de-b279-c49d8df71030,17694720,v1.14-1.15,0.00032650528254257066,91.18362768782848,1,0,1,0,1,0,1,0,1,0,1,0,1,0,1,0,1,0,1,0,1,0,1,0,1,0,1,1,1,0,1,0,1,0,1,0,1.0,0.0,1.0,0.0,1,0,1,0,1,0,1,0,1.0,1.0,1.0,0.0,1.0,0.0,1,0,1,0,1,0,1,0,1,0,1.0,0.0,1.0,0.0,,,,,,,,,,,,,,,,,,
44eeafca-e82c-4121-bcd4-44575ee503a3,17826240,v1.16+,0.0,2.000085797619852,1,0,1,0,1,0,1,0,1,0,1,0,1,0,1,0,1,0,1,0,1,0,1,0,1,0,1,1,1,0,1,0,1,0,1,0,,,,,1,1,1,1,1,1,1,1,1.0,1.0,1.0,1.0,1.0,1.0,1,0,1,0,1,0,1,0,1,0,1.0,0.0,,,,,,,,,,,,,,,,,,,,
dc1f3609-6ae2-42e3-a6d4-2a38c16cf8c2,17563904,v1.12-1.13,0.0006818414021197888,2.0018578975617873,1,1,1,0,1,1,1,1,1,0,1,1,1,0,1,0,1,0,1,0,1,0,1,0,1,0,1,0,1,0,1,0,1,0,1,0,,,,,1,1,1,0,1,0,1,0,,,,,,,1,0,1,0,1,0,1,0,1,0,,,1.0,0.0,,,,,,,,,,,,,,,,,,
a66baa1b-0da9-4798-ac98-4bf618dc480c,17694720,v1.14-1.15,0.0,2.0000236669467255,1,0,1,0,1,0,1,0,1,0,1,0,1,0,1,0,1,0,1,1,1,0,1,1,1,1,1,1,1,0,1,0,1,0,1,0,1.0,0.0,1.0,0.0,1,1,1,0,1,0,1,0,1.0,1.0,1.0,0.0,1.0,0.0,1,0,1,0,1,0,1,0,1,1,1.0,1.0,1.0,0.0,,,,,,,,,,,,,,,,,,
b4935741-1eba-4af8-abc9-afe91b7b58f0,17760768,v1.14-1.15,0.0,2.0000190044318815,1,1,1,1,1,1,1,1,1,1,1,1,1,0,1,0,1,0,1,0,1,0,1,0,1,0,1,1,1,0,1,0,1,0,1,0,1.0,0.0,1.0,0.0,1,1,1,1,1,1,1,1,1.0,1.0,1.0,1.0,1.0,1.0,1,0,1,0,1,0,1,0,1,0,1.0,0.0,,,,,,,,,,,,,,,,,,,,
772bbfae-7515-4035-8b74-4a05d0384cf8,17761023,v1.14-1.15,0.0,2.0000491008364127,1,1,1,1,1,1,1,1,1,1,1,1,1,0,1,0,1,0,1,0,1,0,1,0,1,0,1,1,1,0,1,0,1,0,1,0,1.0,0.0,1.0,0.0,1,1,1,1,1,1,1,1,1.0,1.0,1.0,1.0,1.0,1.0,1,0,1,0,1,0,1,0,1,0,1.0,0.0,,,,,,,,,,,,,,,,,,,,
34757530-476f-4a6c-8a5e-98be81aa47b9,17761535,v1.14-1.15,0.0010855443923847,1.9945337752710162,1,1,1,1,1,1,1,1,1,1,1,1,1,0,1,0,1,0,1,0,1,0,1,0,1,0,1,1,1,0,1,0,1,0,1,0,1.0,0.0,1.0,0.0,1,1,1,1,1,1,1,1,1.0,1.0,1.0,1.0,1.0,1.0,1,0,1,0,1,0,1,0,1,0,1.0,0.0,,,,,,,,,,,,,,,,,,,,
45e130f6-b5b3-422b-b580-748ca74c780b,17826240,v1.16+,0.0,1.999984444565431,1,1,1,1,1,1,1,1,1,1,1,1,1,0,1,0,1,0,1,0,1,0,1,0,1,0,1,1,1,0,1,0,1,0,1,0,,,,,1,1,1,1,1,1,1,1,1.0,1.0,1.0,1.0,1.0,1.0,1,0,1,0,1,0,1,0,1,0,1.0,0.0,,,,,,,,,,,,,,,,,,,,
0728c66c-4999-4e37-8d11-218087772053,17695488,v1.14-1.15,0.0,2.000002708665086,1,0,1,0,1,0,1,0,1,0,1,0,1,0,1,0,1,0,1,1,1,0,1,1,1,0,1,1,1,0,1,0,1,0,1,0,1.0,0.0,1.0,0.0,1,1,1,0,1,0,1,0,1.0,1.0,1.0,0.0,1.0,0.0,1,0,1,0,1,0,1,0,1,0,1.0,0.0,1.0,0.0,,,,,,,,,,,,,,,,,,
c169409d-e457-46d2-a4c9-66818ec162a1,17761280,v1.14-1.15,0.0010213158162426918,49.95254859399973,1,1,1,1,1,1,1,1,1,1,1,1,1,0,1,0,1,0,1,0,1,0,1,0,1,0,1,1,1,0,1,0,1,1,1,1,1.0,0.0,1.0,0.0,1,0,1,0,1,0,1,0,1.0,1.0,1.0,1.0,1.0,1.0,1,0,1,0,1,0,1,0,1,0,1.0,1.0,,,,,,,,,,,,,,,,,,,,
8df0dfec-09a0-4540-839f-323dc4f63d60,17826303,v1.16+,0.0,1.999847485315462,1,1,1,1,1,1,1,1,1,1,1,1,1,0,1,0,1,0,1,0,1,0,1,0,1,0,1,1,1,0,1,0,1,0,1,0,,,,,1,1,1,1,1,1,1,1,1.0,1.0,1.0,1.0,1.0,1.0,1,0,1,0,1,0,1,0,1,0,1.0,0.0,,,,,,,,,,,,,,,,,,,,
3c3e25b1-6ac6-4bc3-a0fe-ac4b12ec47d1,17498367,v1.12-1.13,0.0006759028068354111,5.0156467343888025,1,0,1,1,1,0,1,0,1,1,1,0,1,0,1,1,1,0,1,1,1,1,1,1,1,0,1,0,1,0,1,0,1,0,1,1,,,,,1,1,1,0,1,0,1,0,,,,,,,1,0,1,0,1,0,1,0,1,0,,,1.0,0.0,1.0,0.0,1.0,0.0,1.0,0.0,1.0,0.0,1.0,0.0,1.0,0.0,,,,,,
831697eb-397f-43d3-836d-6845425979bf,17761535,v1.14-1.15,0.0,2.000096787752491,1,1,1,1,1,1,1,1,1,1,1,1,1,0,1,0,1,0,1,0,1,0,1,0,1,0,1,1,1,0,1,0,1,1,1,1,1.0,1.0,1.0,1.0,1,1,1,1,1,1,1,1,1.0,1.0,1.0,1.0,1.0,1.0,1,0,1,0,1,0,1,0,1,1,1.0,1.0,,,,,,,,,,,,,,,,,,,,
4aaec745-afa7-476b-818d-7a5c5831d4bc,17630207,v1.12-1.13,0.0,2.000000444040135,1,0,1,0,1,0,1,0,1,0,1,0,1,0,1,0,1,0,1,1,1,0,1,1,1,0,1,0,1,0,1,0,1,0,1,0,,,,,1,1,1,0,1,0,1,0,,,,,,,1,0,1,0,1,0,1,0,1,0,1.0,0.0,1.0,0.0,,,,,,,,,,,,,,,,,,
08aaac0c-ec3c-49a7-bf39-99b4ae39c4e9,17564416,v1.12-1.13,0.0,2.0073428011433503,1,1,1,0,1,1,1,1,1,0,1,1,1,0,1,0,1,0,1,0,1,0,1,0,1,0,1,0,1,0,1,0,1,0,1,0,,,,,1,1,1,1,1,0,1,0,,,,,,,1,0,1,0,1,0,1,0,1,0,,,1.0,0.0,,,,,,,,,,,,,,,,,,
a0203ef7-07df-4472-bc92-f89687affc1b,17825984,v1.16+,0.0,2.0000209965497384,1,1,1,1,1,1,1,1,1,1,1,1,1,0,1,0,1,0,1,0,1,0,1,0,1,0,1,1,1,0,1,0,1,0,1,0,,,,,1,0,1,1,1,1,1,1,1.0,1.0,1.0,1.0,1.0,1.0,1,0,1,0,1,0,1,0,1,0,1.0,0.0,,,,,,,,,,,,,,,,,,,,
9c7dc744-3bbc-48d7-849e-3d4a71646340,17825984,v1.16+,0.0,2.000078939076157,1,0,1,0,1,0,1,0,1,0,1,0,1,0,1,0,1,0,1,0,1,0,1,0,1,0,1,1,1,0,1,0,1,0,1,0,,,,,1,0,1,0,1,0,1,0,1.0,1.0,1.0,1.0,1.0,1.0,1,0,1,0,1,0,1,0,1,0,1.0,0.0,,,,,,,,,,,,,,,,,,,,
cf659151-8ce7-4fe2-85fe-2e63c5ce47e3,17761280,v1.14-1.15,0.0,2.000173888801554,1,0,1,0,1,0,1,0,1,0,1,0,1,0,1,0,1,0,1,0,1,0,1,0,1,1,1,1,1,0,1,0,1,1,1,1,1.0,1.0,1.0,1.0,1,0,1,0,1,0,1,0,1.0,1.0,1.0,1.0,1.0,1.0,1,0,1,0,1,0,1,0,1,1,1.0,1.0,,,,,,,,,,,,,,,,,,,,
2fb5e1fb-218e-494d-915f-9aede68ed4c2,17761280,v1.14-1.15,0.0,2.0002020709557895,1,0,1,0,1,0,1,0,1,0,1,0,1,1,1,1,1,1,1,1,1,1,1,1,1,0,1,1,1,0,1,0,1,0,1,0,1.0,0.0,1.0,0.0,1,1,1,0,1,0,1,0,1.0,1.0,1.0,1.0,1.0,1.0,1,0,1,0,1,0,1,0,1,0,1.0,0.0,,,,,,,,,,,,,,,,,,,,
5ed4741d-2b77-4437-9a96-1cc0e599c544,17694720,v1.14-1.15,0.0,2.0001034433665175,1,1,1,0,1,1,1,1,1,0,1,1,1,0,1,0,1,0,1,0,1,0,1,0,1,1,1,1,1,0,1,0,1,0,1,0,1.0,0.0,1.0,0.0,1,1,1,0,1,0,1,0,1.0,1.0,1.0,0.0,1.0,0.0,1,0,1,0,1,0,1,0,1,1,1.0,1.0,1.0,0.0,,,,,,,,,,,,,,,,,,
bd8a18c6-419d-4448-ba89-0eecbc160fa7,17761280,v1.14-1.15,0.0,2.0001104904787357,1,1,1,1,1,1,1,1,1,1,1,1,1,0,1,0,1,0,1,0,1,0,1,0,1,1,1,1,1,0,1,0,1,1,1,1,1.0,1.0,1.0,1.0,1,0,1,1,1,1,1,1,1.0,1.0,1.0,1.0,1.0,1.0,1,0,1,0,1,0,1,0,1,1,1.0,1.0,,,,,,,,,,,,,,,,,,,,
934879f6-841e-4926-b73f-ae2cdcf1cbf5,17891392,v1.16+,0.0,100.00248813986663,1,1,1,1,1,1,1,1,1,1,1,1,1,0,1,0,1,0,1,0,1,0,1,0,1,0,1,1,1,0,1,0,1,0,1,0,,,,,1,0,1,1,1,1,1,1,1.0,1.0,1.0,1.0,1.0,1.0,1,0,1,0,1,0,1,0,1,0,1.0,0.0,,,,,,,,,,,,,,,,,,,,
e119f53c-211d-4996-bf4d-5bef76f504b8,17694975,v1.14-1.15,0.0017420569177292319,1.99086796171897,1,0,1,0,1,0,1,0,1,0,1,0,1,0,1,0,1,0,1,0,1,0,1,0,1,0,1,1,1,0,1,0,1,0,1,0,1.0,0.0,1.0,0.0,1,1,1,0,1,0,1,0,1.0,1.0,1.0,0.0,1.0,0.0,1,0,1,0,1,0,1,0,1,0,1.0,0.0,1.0,0.0,,,,,,,,,,,,,,,,,,
d1971e74-ed88-4cb3-85db-4f5f88cdcdbe,17695743,v1.14-1.15,0.0,2.000016471880132,1,0,1,0,1,0,1,0,1,0,1,0,1,1,1,0,1,1,1,0,1,0,1,0,1,1,1,1,1,0,1,0,1,1,1,0,1.0,1.0,1.0,0.0,1,1,1,0,1,0,1,0,1.0,1.0,1.0,0.0,1.0,0.0,1,0,1,0,1,0,1,0,1,1,1.0,1.0,1.0,0.0,,,,,,,,,,,,,,,,,,
dcaeda51-4b4c-49a5-a7a2-a7cd1619f5f7,17891583,v1.16+,0.0,2.000025865619485,1,0,1,0,1,0,1,0,1,0,1,0,1,0,1,0,1,0,1,0,1,0,1,0,1,0,1,1,1,0,1,0,1,0,1,0,,,,,1,1,1,1,1,1,1,1,1.0,1.0,1.0,1.0,1.0,1.0,1,0,1,0,1,0,1,0,1,0,1.0,0.0,,,,,,,,,,,,,,,,,,,,
36010c43-19eb-4e01-8d22-bcfffcb2dd51,17825920,v1.16+,0.0,2.0001887450833995,1,1,1,1,1,1,1,1,1,1,1,1,1,0,1,0,1,0,1,0,1,0,1,0,1,0,1,1,1,0,1,0,1,0,1,0,,,,,1,1,1,1,1,1,1,1,1.0,1.0,1.0,1.0,1.0,1.0,1,0,1,0,1,0,1,0,1,0,1.0,0.0,,,,,,,,,,,,,,,,,,,,
689a4f6a-3a4b-4ec8-a3ad-4a0318069f46,17629951,v1.12-1.13,0.0,2.000085864151284,1,0,1,0,1,0,1,1,1,0,1,0,1,0,1,0,1,0,1,0,1,0,1,0,1,0,1,1,1,0,1,0,1,0,1,0,,,,,1,1,1,1,1,0,1,0,,,,,,,1,0,1,0,1,0,1,0,1,0,1.0,0.0,1.0,0.0,,,,,,,,,,,,,,,,,,
4f8fddfb-0896-4bd7-87f2-0269b8e29390,17761280,v1.14-1.15,0.0,2.000022638852747,1,1,1,1,1,1,1,1,1,1,1,1,1,0,1,0,1,0,1,0,1,0,1,0,1,1,1,1,1,0,1,0,1,1,1,1,1.0,1.0,1.0,1.0,1,1,1,0,1,0,1,0,1.0,1.0,1.0,1.0,1.0,1.0,1,0,1,0,1,0,1,0,1,1,1.0,1.0,,,,,,,,,,,,,,,,,,,,
b4638b29-a0c3-48d3-aa17-7875adfb0aa6,17629951,v1.12-1.13,0.0008717872624294931,1.9985203406772203,1,1,1,0,1,1,1,1,1,0,1,0,1,0,1,0,1,0,1,0,1,0,1,0,1,0,1,1,1,0,1,0,1,0,1,0,,,,,1,1,1,1,1,0,1,0,,,,,,,1,0,1,0,1,0,1,0,1,0,1.0,0.0,1.0,0.0,,,,,,,,,,,,,,,,,,
bc472feb-bd16-4b71-badb-9099e82ef501,17826559,v1.16+,0.0,2.0002660506539436,1,0,1,0,1,0,1,0,1,0,1,0,1,0,1,0,1,0,1,0,1,0,1,0,1,1,1,1,1,0,1,0,1,1,1,1,,,,,1,1,1,1,1,1,1,1,1.0,1.0,1.0,1.0,1.0,1.0,1,0,1,0,1,0,1,0,1,1,1.0,1.0,,,,,,,,,,,,,,,,,,,,
bbf5fc12-56d5-43f8-8db7-831790410f2a,17694975,v1.14-1.15,0.0,2.0000646965982516,1,1,1,0,1,1,1,1,1,0,1,1,1,0,1,0,1,0,1,0,1,0,1,0,1,0,1,1,1,0,1,0,1,0,1,0,1.0,0.0,1.0,0.0,1,1,1,0,1,0,1,0,1.0,1.0,1.0,0.0,1.0,0.0,1,0,1,0,1,0,1,0,1,0,1.0,0.0,1.0,0.0,,,,,,,,,,,,,,,,,,
cbd02060-0779-4c59-aed3-ee99cb444240,17694975,v1.14-1.15,0.0,2.0000753186258144,1,1,1,0,1,1,1,1,1,0,1,1,1,0,1,0,1,0,1,0,1,0,1,0,1,0,1,1,1,0,1,0,1,0,1,0,1.0,0.0,1.0,0.0,1,1,1,0,1,0,1,0,1.0,1.0,1.0,0.0,1.0,0.0,1,0,1,0,1,0,1,0,1,0,1.0,0.0,1.0,0.0,,,,,,,,,,,,,,,,,,
e698dbe1-1ed4-4ec3-9d6b-523f8c4313ae,17825856,v1.16+,0.0,2.000045934388293,1,0,1,0,1,0,1,0,1,0,1,0,1,0,1,0,1,0,1,1,1,1,1,1,1,0,1,1,1,0,1,0,1,0,1,0,,,,,1,1,1,1,1,1,1,1,1.0,1.0,1.0,1.0,1.0,1.0,1,0,1,0,1,0,1,0,1,0,1.0,0.0,,,,,,,,,,,,,,,,,,,,
d2b69e8b-a866-40de-b9eb-c4d1cf7229dc,17695488,v1.14-1.15,0.0,2.00006827630335,1,1,1,0,1,1,1,1,1,0,1,1,1,0,1,0,1,0,1,0,1,0,1,0,1,0,1,1,1,0,1,0,1,0,1,0,1.0,0.0,1.0,0.0,1,1,1,0,1,0,1,0,1.0,1.0,1.0,0.0,1.0,0.0,1,0,1,0,1,0,1,0,1,0,1.0,0.0,1.0,0.0,,,,,,,,,,,,,,,,,,
22ec5d10-0148-4d25-af82-34b5fc08eb23,17629951,v1.12-1.13,0.0006828062086180146,1.999060158184517,1,1,1,0,1,1,1,1,1,0,1,0,1,0,1,0,1,0,1,0,1,0,1,0,1,0,1,1,1,0,1,0,1,0,1,0,,,,,1,1,1,1,1,0,1,0,,,,,,,1,0,1,0,1,0,1,0,1,0,1.0,0.0,1.0,0.0,,,,,,,,,,,,,,,,,,
58c2e3d0-93dc-40c7-87b9-304a4ab51723,17695744,v1.14-1.15,0.0,1.9239140064761382,1,1,1,0,1,1,1,1,1,0,1,1,1,0,1,0,1,0,1,0,1,0,1,0,1,0,1,1,1,0,1,0,1,1,1,0,1.0,1.0,1.0,0.0,1,0,1,0,1,0,1,0,1.0,1.0,1.0,0.0,1.0,0.0,1,0,1,0,1,0,1,0,1,1,1.0,1.0,1.0,0.0,,,,,,,,,,,,,,,,,,
a1554b7c-6ac2-4b08-8c32-8aaa2c63c5a4,17694720,v1.14-1.15,0.0,2.0000096789942097,1,1,1,0,1,1,1,1,1,0,1,1,1,0,1,0,1,0,1,0,1,0,1,0,1,1,1,1,1,0,1,0,1,0,1,0,1.0,0.0,1.0,0.0,1,0,1,0,1,0,1,0,1.0,1.0,1.0,0.0,1.0,0.0,1,0,1,0,1,0,1,0,1,1,1.0,1.0,1.0,0.0,,,,,,,,,,,,,,,,,,
26bf3e8b-d189-45ec-9cc1-87fc082e8172,17826240,v1.16+,0.009552440684860306,1.9843197180928536,1,1,1,1,1,1,1,1,1,1,1,1,1,0,1,0,1,0,1,0,1,0,1,0,1,1,1,1,1,0,1,0,1,1,1,1,,,,,1,1,1,1,1,1,1,1,1.0,1.0,1.0,1.0,1.0,1.0,1,0,1,0,1,0,1,0,1,1,1.0,0.0,,,,,,,,,,,,,,,,,,,,
4007c56d-dffa-4933-aedc-534ee57ed3cd,17760256,v1.14-1.15,0.0,2.000037448842095,1,1,1,1,1,1,1,1,1,1,1,0,1,0,1,0,1,0,1,0,1,0,1,0,1,0,1,1,1,0,1,0,1,0,1,0,1.0,0.0,1.0,0.0,1,1,1,1,1,1,1,1,1.0,1.0,1.0,1.0,1.0,1.0,1,0,1,0,1,0,1,0,1,0,1.0,0.0,,,,,,,,,,,,,,,,,,,,
bf9fb425-3028-4725-927f-e5d163c712bf,17825920,v1.16+,0.0,2.000004752758547,1,0,1,0,1,0,1,0,1,0,1,0,1,0,1,0,1,0,1,1,1,1,1,1,1,0,1,1,1,0,1,0,1,0,1,0,,,,,1,1,1,1,1,1,1,1,1.0,1.0,1.0,1.0,1.0,1.0,1,0,1,0,1,0,1,0,1,0,1.0,0.0,,,,,,,,,,,,,,,,,,,,
b0030a21-1507-418d-b8db-38a3a3cff317,17761023,v1.14-1.15,0.0,2.000008934619353,1,1,1,1,1,1,1,1,1,1,1,1,1,0,1,0,1,0,1,0,1,0,1,0,1,0,1,1,1,0,1,0,1,0,1,0,1.0,0.0,1.0,0.0,1,0,1,0,1,0,1,0,1.0,1.0,1.0,1.0,1.0,1.0,1,0,1,0,1,0,1,0,1,0,1.0,0.0,,,,,,,,,,,,,,,,,,,,
523c6b2b-1337-4ede-b09e-f3892355d795,17826047,v1.16+,0.0,2.000136537098331,1,0,1,0,1,0,1,0,1,0,1,0,1,0,1,0,1,0,1,0,1,0,1,0,1,0,1,1,1,0,1,0,1,0,1,0,,,,,1,0,1,0,1,0,1,0,1.0,1.0,1.0,1.0,1.0,1.0,1,0,1,0,1,0,1,0,1,0,1.0,0.0,,,,,,,,,,,,,,,,,,,,
f94898cb-02d5-4de4-b537-4fa72628a3ed,17761280,v1.14-1.15,0.0,2.000055066032221,1,1,1,1,1,1,1,1,1,1,1,1,1,0,1,0,1,0,1,0,1,0,1,0,1,0,1,1,1,0,1,0,1,0,1,0,1.0,0.0,1.0,0.0,1,1,1,1,1,1,1,1,1.0,1.0,1.0,1.0,1.0,1.0,1,0,1,0,1,0,1,0,1,0,1.0,1.0,,,,,,,,,,,,,,,,,,,,
a7b3fe97-4714-4a23-91ce-da50ff69602e,17761280,v1.14-1.15,0.0,2.0001394416739755,1,0,1,0,1,0,1,0,1,0,1,0,1,0,1,0,1,0,1,1,1,1,1,1,1,0,1,0,1,0,1,0,1,0,1,0,1.0,0.0,1.0,0.0,1,1,1,0,1,0,1,0,1.0,1.0,1.0,1.0,1.0,1.0,1,0,1,0,1,0,1,0,1,0,1.0,0.0,,,,,,,,,,,,,,,,,,,,
91b33d70-117a-4e60-98ae-11211dbc9516,17630207,v1.12-1.13,0.0,2.0001559904264274,1,1,1,0,1,1,1,1,1,0,1,0,1,0,1,0,1,0,1,0,1,0,1,0,1,0,1,1,1,0,1,0,1,0,1,0,,,,,1,1,1,1,1,0,1,0,,,,,,,1,0,1,0,1,0,1,0,1,0,1.0,0.0,1.0,0.0,,,,,,,,,,,,,,,,,,
213b64e4-4930-4d3c-b725-44db26d3992b,17630207,v1.12-1.13,0.0026299616902713424,1.999921421527126,1,0,1,0,1,0,1,0,1,0,1,0,1,0,1,0,1,0,1,1,1,0,1,1,1,0,1,0,1,0,1,0,1,0,1,0,,,,,1,1,1,0,1,0,1,0,,,,,,,1,0,1,0,1,0,1,0,1,0,1.0,0.0,1.0,0.0,,,,,,,,,,,,,,,,,,
fb2a6328-3472-4226-87f2-c8e0f21918f8,17630207,v1.12-1.13,0.0,1.9999934137822923,1,1,1,0,1,1,1,1,1,0,1,1,1,0,1,0,1,0,1,0,1,0,1,0,1,1,1,1,1,0,1,0,1,0,1,0,,,,,1,1,1,1,1,0,1,0,,,,,,,1,0,1,0,1,0,1,0,1,1,1.0,1.0,1.0,0.0,,,,,,,,,,,,,,,,,,
016c2bf1-74e0-4c75-9fff-da58aae59964,17569024,v1.12-1.13,0.0,2.0080798520291925,1,1,1,0,1,1,1,1,1,0,1,0,1,0,1,0,1,0,1,0,1,0,1,0,1,0,1,1,1,0,1,0,1,0,1,0,,,,,1,1,1,0,1,0,1,0,,,,,,,1,1,1,1,1,0,1,0,1,1,,,1.0,0.0,,,,,,,,,,,,,,,,,,
e626af9d-cb3a-4bfb-8bce-2ab136016970,17694975,v1.14-1.15,0.0,2.000050131126663,1,0,1,0,1,0,1,0,1,0,1,0,1,0,1,0,1,0,1,0,1,0,1,0,1,0,1,1,1,0,1,0,1,0,1,0,1.0,0.0,1.0,0.0,1,1,1,0,1,0,1,0,1.0,1.0,1.0,0.0,1.0,0.0,1,0,1,0,1,0,1,0,1,0,1.0,0.0,1.0,0.0,,,,,,,,,,,,,,,,,,
bb14cf28-db70-4d8c-8ff3-dba299389a0b,17826047,v1.16+,0.0,2.000015742613184,1,0,1,0,1,0,1,0,1,0,1,0,1,0,1,0,1,0,1,1,1,1,1,1,1,0,1,1,1,0,1,0,1,0,1,0,,,,,1,1,1,0,1,0,1,0,1.0,1.0,1.0,1.0,1.0,1.0,1,0,1,0,1,0,1,0,1,0,1.0,0.0,,,,,,,,,,,,,,,,,,,,
ecce788d-f578-4ea1-aae9-9968fdd2dae4,17761023,v1.14-1.15,0.0038425153020206896,1.9901800807617027,1,0,1,0,1,0,1,0,1,0,1,0,1,0,1,0,1,0,1,0,1,0,1,0,1,0,1,1,1,0,1,0,1,0,1,0,1.0,0.0,1.0,0.0,1,1,1,1,1,1,1,1,1.0,1.0,1.0,1.0,1.0,1.0,1,0,1,0,1,0,1,0,1,0,1.0,0.0,,,,,,,,,,,,,,,,,,,,
7ed7edf9-8b1b-43b9-80cc-13dc87856bac,17629952,v1.12-1.13,0.0,2.000051938521545,1,0,1,0,1,0,1,1,1,0,1,0,1,0,1,0,1,0,1,0,1,0,1,0,1,1,1,1,1,0,1,0,1,0,1,0,,,,,1,1,1,0,1,0,1,0,,,,,,,1,0,1,0,1,0,1,0,1,1,1.0,1.0,1.0,0.0,,,,,,,,,,,,,,,,,,
d46c6d1f-54d2-4bb8-89e9-a4c26e1dd6ad,17891583,v1.16+,0.0,2.000014715340058,1,1,1,1,1,1,1,1,1,1,1,1,1,0,1,0,1,0,1,0,1,0,1,0,1,0,1,1,1,0,1,0,1,0,1,0,,,,,1,1,1,1,1,1,1,1,1.0,1.0,1.0,1.0,1.0,1.0,1,0,1,0,1,0,1,0,1,0,1.0,0.0,,,,,,,,,,,,,,,,,,,,
1a4276df-a6bc-4a76-8ef2-2b64705524c5,17826240,v1.16+,0.0,2.0000625308806144,1,0,1,0,1,0,1,0,1,0,1,0,1,0,1,0,1,0,1,1,1,1,1,1,1,1,1,0,1,0,1,0,1,1,1,1,,,,,1,1,1,0,1,0,1,0,1.0,1.0,1.0,1.0,1.0,1.0,1,0,1,0,1,0,1,0,1,1,1.0,1.0,,,,,,,,,,,,,,,,,,,,
158c84c0-5527-49c0-873b-fbd80f192d2e,17891583,v1.16+,0.0,1.9999708558463838,1,1,1,1,1,1,1,1,1,1,1,1,1,0,1,0,1,0,1,0,1,0,1,0,1,0,1,1,1,0,1,0,1,0,1,0,,,,,1,1,1,1,1,1,1,1,1.0,1.0,1.0,1.0,1.0,1.0,1,0,1,0,1,0,1,0,1,0,1.0,0.0,,,,,,,,,,,,,,,,,,,,
42f8bb81-48e6-413b-a2fb-fea937e9f455,17761280,v1.14-1.15,0.0,2.000014161439694,1,1,1,1,1,1,1,1,1,1,1,1,1,0,1,0,1,0,1,0,1,0,1,0,1,0,1,1,1,0,1,0,1,0,1,0,1.0,0.0,1.0,0.0,1,1,1,1,1,1,1,1,1.0,1.0,1.0,1.0,1.0,1.0,1,0,1,0,1,0,1,0,1,0,1.0,0.0,,,,,,,,,,,,,,,,,,,,
31e428fe-d363-43c6-9cc3-236af2212533,17694720,v1.14-1.15,1.7165143654250444e-06,97.01197379002082,1,1,1,0,1,1,1,1,1,0,1,1,1,0,1,0,1,0,1,0,1,0,1,0,1,0,1,1,1,0,1,0,1,0,1,0,1.0,0.0,1.0,0.0,1,0,1,0,1,0,1,0,1.0,1.0,1.0,0.0,1.0,0.0,1,0,1,0,1,0,1,0,1,0,1.0,0.0,1.0,0.0,,,,,,,,,,,,,,,,,,
a84babfb-f827-4e48-b42e-8370829ecf43,17826240,v1.16+,0.0,2.0000192806091497,1,1,1,1,1,1,1,1,1,1,1,1,1,0,1,0,1,0,1,0,1,0,1,0,1,0,1,1,1,0,1,0,1,0,1,0,,,,,1,0,1,0,1,0,1,0,1.0,1.0,1.0,1.0,1.0,1.0,1,0,1,0,1,0,1,0,1,0,1.0,0.0,,,,,,,,,,,,,,,,,,,,
daa3c812-6bab-4a47-b665-36192007708f,17499135,v1.12-1.13,0.007123366073093899,5.000124712975191,1,1,1,1,1,1,1,1,1,1,1,0,1,0,1,1,1,0,1,0,1,1,1,0,1,0,1,1,1,0,1,0,1,0,1,1,,,,,1,1,1,0,1,0,1,0,,,,,,,1,0,1,0,1,0,1,0,1,0,,,1.0,0.0,1.0,0.0,1.0,0.0,1.0,0.0,1.0,0.0,1.0,0.0,1.0,0.0,,,,,,
2899a106-2f5b-4032-a542-727ad0fb86e0,17825984,v1.16+,0.0008355394434373292,2.000426393916812,1,0,1,0,1,0,1,0,1,0,1,0,1,0,1,0,1,0,1,1,1,1,1,1,1,0,1,1,1,0,1,0,1,0,1,0,,,,,1,1,1,1,1,1,1,1,1.0,1.0,1.0,1.0,1.0,1.0,1,0,1,0,1,0,1,0,1,0,1.0,0.0,,,,,,,,,,,,,,,,,,,,
173f5932-2420-44e8-ba65-00847434110b,17694975,v1.14-1.15,0.01103507685715042,1.9801315589457353,1,1,1,0,1,1,1,1,1,0,1,1,1,0,1,0,1,0,1,0,1,0,1,0,1,0,1,1,1,0,1,0,1,0,1,0,1.0,0.0,1.0,0.0,1,1,1,0,1,0,1,0,1.0,1.0,1.0,0.0,1.0,0.0,1,0,1,0,1,0,1,0,1,0,1.0,0.0,1.0,0.0,,,,,,,,,,,,,,,,,,
893c95ec-9521-44a0-bbda-d887548e9d20,17826559,v1.16+,0.0,2.000004691954135,1,0,1,0,1,0,1,0,1,0,1,0,1,0,1,0,1,0,1,0,1,0,1,0,1,0,1,1,1,0,1,0,1,0,1,0,,,,,1,1,1,1,1,1,1,1,1.0,1.0,1.0,1.0,1.0,1.0,1,0,1,0,1,0,1,0,1,0,1.0,0.0,,,,,,,,,,,,,,,,,,,,
f1dca28b-8852-4204-b372-b751629c1366,17826240,v1.16+,0.0,1.9999753023184146,1,1,1,1,1,1,1,1,1,1,1,1,1,0,1,0,1,0,1,0,1,0,1,0,1,0,1,1,1,0,1,0,1,0,1,0,,,,,1,1,1,1,1,1,1,1,1.0,1.0,1.0,1.0,1.0,1.0,1,0,1,0,1,0,1,0,1,0,1.0,0.0,,,,,,,,,,,,,,,,,,,,
14a637a7-60f4-4766-9f0e-45e89c15a55a,17694720,v1.14-1.15,0.00028187685289635177,89.22301037694331,1,0,1,0,1,0,1,0,1,0,1,0,1,1,1,0,1,1,1,1,1,0,1,1,1,0,1,1,1,0,1,0,1,0,1,0,1.0,0.0,1.0,0.0,1,1,1,0,1,0,1,0,1.0,1.0,1.0,0.0,1.0,0.0,1,0,1,0,1,0,1,0,1,0,1.0,0.0,1.0,0.0,,,,,,,,,,,,,,,,,,
b11aa794-b00d-4d6a-b875-63aeee37356c,17826559,v1.16+,0.0,2.0000081986151685,1,1,1,1,1,1,1,1,1,1,1,1,1,0,1,0,1,0,1,0,1,0,1,0,1,0,1,1,1,0,1,0,1,0,1,0,,,,,1,1,1,1,1,1,1,1,1.0,1.0,1.0,1.0,1.0,1.0,1,0,1,0,1,0,1,0,1,0,1.0,0.0,,,,,,,,,,,,,,,,,,,,
96377f37-3446-4608-8b21-9e915ef8edf2,17695488,v1.14-1.15,0.0,2.0000538773134124,1,1,1,0,1,1,1,1,1,0,1,1,1,0,1,0,1,0,1,0,1,0,1,0,1,0,1,1,1,0,1,0,1,0,1,0,1.0,0.0,1.0,0.0,1,1,1,0,1,0,1,0,1.0,1.0,1.0,0.0,1.0,0.0,1,0,1,0,1,0,1,0,1,1,1.0,1.0,1.0,0.0,,,,,,,,,,,,,,,,,,
4d8fa018-afaa-4a20-8bdf-0d3b74b8685d,17761280,v1.14-1.15,0.0,2.0010696371025145,1,1,1,1,1,1,1,1,1,1,1,1,1,0,1,0,1,0,1,0,1,0,1,0,1,1,1,1,1,0,1,0,1,0,1,0,1.0,0.0,1.0,0.0,1,1,1,1,1,1,1,1,1.0,1.0,1.0,1.0,1.0,1.0,1,0,1,0,1,0,1,0,1,0,1.0,1.0,,,,,,,,,,,,,,,,,,,,
ee56078e-4d07-4493-b269-c20ffc21b8ab,17564416,v1.12-1.13,4.794514180801182e-05,1.9836376343666542,1,1,1,0,1,1,1,1,1,0,1,0,1,0,1,0,1,0,1,0,1,0,1,0,1,0,1,1,1,0,1,0,1,0,1,0,,,,,1,1,1,1,1,0,1,0,,,,,,,1,0,1,0,1,0,1,0,1,0,,,1.0,0.0,,,,,,,,,,,,,,,,,,
04d0ec5c-e337-4a0a-84a4-81ac04a1265e,17694720,v1.14-1.15,0.0017151513473412819,95.2027691565903,1,1,1,0,1,1,1,1,1,0,1,1,1,0,1,0,1,0,1,0,1,0,1,0,1,0,1,1,1,0,1,0,1,0,1,0,1.0,0.0,1.0,0.0,1,1,1,0,1,0,1,0,1.0,1.0,1.0,0.0,1.0,0.0,1,0,1,0,1,0,1,0,1,1,1.0,1.0,1.0,0.0,,,,,,,,,,,,,,,,,,
ad1cf194-2343-4479-9178-145c25ede663,17761535,v1.14-1.15,0.0,2.0000275442389865,1,1,1,1,1,1,1,1,1,1,1,1,1,0,1,0,1,0,1,0,1,0,1,0,1,0,1,1,1,0,1,0,1,0,1,0,1.0,0.0,1.0,0.0,1,0,1,0,1,0,1,0,1.0,1.0,1.0,1.0,1.0,1.0,1,0,1,0,1,0,1,0,1,0,1.0,0.0,,,,,,,,,,,,,,,,,,,,
28bed9e9-5458-4f37-b891-09bfdeb4750a,17629696,v1.12-1.13,0.0,2.0000840619272156,1,1,1,0,1,1,1,1,1,0,1,1,1,0,1,0,1,0,1,0,1,0,1,0,1,1,1,0,1,0,1,0,1,0,1,0,,,,,1,1,1,0,1,0,1,0,,,,,,,1,0,1,0,1,0,1,0,1,1,1.0,1.0,1.0,0.0,,,,,,,,,,,,,,,,,,
b9f05ea6-63f2-4d8c-affb-5db0e5f2b671,17761023,v1.14-1.15,0.0,2.000159580731989,1,1,1,1,1,1,1,1,1,1,1,1,1,0,1,0,1,0,1,0,1,0,1,0,1,0,1,1,1,0,1,0,1,0,1,0,1.0,0.0,1.0,0.0,1,0,1,0,1,0,1,0,1.0,1.0,1.0,1.0,1.0,1.0,1,0,1,0,1,0,1,0,1,0,1.0,0.0,,,,,,,,,,,,,,,,,,,,
94524c95-deb4-478e-9f82-8a1a873e72b2,17630207,v1.12-1.13,0.0,2.0002214551754167,1,1,1,0,1,1,1,1,1,0,1,1,1,0,1,0,1,0,1,0,1,0,1,0,1,1,1,0,1,0,1,0,1,0,1,0,,,,,1,1,1,0,1,0,1,0,,,,,,,1,0,1,0,1,0,1,0,1,1,1.0,1.0,1.0,0.0,,,,,,,,,,,,,,,,,,
0cdb8485-8b27-454f-8cd6-dc8d0415ca66,17761535,v1.14-1.15,0.0,1.999987190886635,1,1,1,1,1,1,1,1,1,1,1,0,1,0,1,0,1,0,1,0,1,0,1,0,1,0,1,1,1,0,1,0,1,0,1,0,1.0,0.0,1.0,0.0,1,0,1,0,1,0,1,0,1.0,1.0,1.0,1.0,1.0,1.0,1,0,1,0,1,0,1,0,1,0,1.0,0.0,,,,,,,,,,,,,,,,,,,,
1468b7e6-a3cb-43ce-9fc8-4d82764684e5,17695999,v1.14-1.15,0.0,1.999999589098617,1,1,1,0,1,1,1,1,1,0,1,1,1,0,1,0,1,0,1,0,1,0,1,0,1,0,1,1,1,0,1,0,1,0,1,0,1.0,0.0,1.0,0.0,1,1,1,0,1,0,1,0,1.0,1.0,1.0,0.0,1.0,0.0,1,0,1,0,1,0,1,0,1,0,1.0,0.0,1.0,0.0,,,,,,,,,,,,,,,,,,
44193b37-9588-4541-b93f-ba43725ebe3a,17694975,v1.14-1.15,0.011409797680030817,1.9813470355907303,1,1,1,0,1,1,1,1,1,0,1,1,1,0,1,0,1,0,1,0,1,0,1,0,1,1,1,1,1,0,1,0,1,0,1,0,1.0,0.0,1.0,0.0,1,1,1,0,1,0,1,0,1.0,1.0,1.0,0.0,1.0,0.0,1,0,1,0,1,0,1,0,1,1,1.0,1.0,1.0,0.0,,,,,,,,,,,,,,,,,,
69061f84-de1d-4456-af86-2e5541123030,17694975,v1.14-1.15,0.0,1.9999317343875926,1,1,1,0,1,1,1,1,1,0,1,1,1,0,1,0,1,0,1,0,1,0,1,0,1,0,1,1,1,0,1,0,1,0,1,0,1.0,0.0,1.0,0.0,1,1,1,0,1,0,1,0,1.0,1.0,1.0,0.0,1.0,0.0,1,0,1,0,1,0,1,0,1,0,1.0,0.0,1.0,0.0,,,,,,,,,,,,,,,,,,
19e5602c-277f-4b79-908a-6607625d9ef4,17761535,v1.14-1.15,0.0,2.0000033969906945,1,0,1,0,1,0,1,0,1,0,1,0,1,1,1,1,1,1,1,0,1,0,1,1,1,0,1,1,1,0,1,0,1,0,1,0,1.0,0.0,1.0,0.0,1,1,1,0,1,0,1,0,1.0,1.0,1.0,1.0,1.0,1.0,1,0,1,0,1,0,1,0,1,0,1.0,0.0,,,,,,,,,,,,,,,,,,,,
c8f1ed62-7457-4d27-8583-b2362bec0c04,17170944,v1.12-1.13,0.0,2.0001829239455495,1,1,1,1,1,1,1,1,1,1,1,1,1,0,1,0,1,0,1,0,1,0,1,0,1,0,1,1,1,0,1,0,1,0,1,0,,,,,1,1,1,1,1,1,1,1,1.0,1.0,1.0,1.0,1.0,1.0,1,0,1,0,1,0,1,0,1,0,1.0,0.0,,,,,,,,,,,,,,,,,,,,
63faf144-fda7-48ee-803e-176bd52cdb4f,17630207,v1.12-1.13,0.0,2.0000600710682814,1,1,1,0,1,1,1,1,1,0,1,0,1,0,1,0,1,0,1,0,1,0,1,0,1,0,1,1,1,0,1,0,1,0,1,0,,,,,1,1,1,1,1,0,1,0,,,,,,,1,0,1,0,1,0,1,0,1,0,1.0,0.0,1.0,0.0,,,,,,,,,,,,,,,,,,
9e21b469-0460-41c1-8d37-5303555cc4c2,17694975,v1.14-1.15,0.0,2.000126798282295,1,1,1,0,1,1,1,1,1,0,1,1,1,0,1,0,1,0,1,0,1,0,1,0,1,1,1,1,1,0,1,0,1,0,1,0,1.0,0.0,1.0,0.0,1,0,1,0,1,0,1,0,1.0,1.0,1.0,0.0,1.0,0.0,1,0,1,0,1,0,1,0,1,1,1.0,1.0,1.0,0.0,,,,,,,,,,,,,,,,,,
f34d9ea8-e1c3-48f7-bb3f-bb338e7428e7,17826559,v1.16+,0.0,2.0000243524977765,1,0,1,0,1,0,1,0,1,0,1,0,1,0,1,0,1,0,1,0,1,0,1,0,1,0,1,1,1,0,1,0,1,0,1,0,,,,,1,1,1,1,1,1,1,1,1.0,1.0,1.0,1.0,1.0,1.0,1,0,1,0,1,0,1,0,1,0,1.0,0.0,,,,,,,,,,,,,,,,,,,,
426f6f2a-eac6-42c5-85ce-38c298aeffaa,17695488,v1.14-1.15,0.002490748682297219,2.000091856070427,1,0,1,0,1,0,1,0,1,0,1,0,1,0,1,0,1,0,1,1,1,0,1,1,1,1,1,1,1,0,1,0,1,1,1,0,1.0,1.0,1.0,0.0,1,1,1,0,1,0,1,0,1.0,1.0,1.0,0.0,1.0,0.0,1,0,1,0,1,0,1,0,1,1,1.0,1.0,1.0,0.0,,,,,,,,,,,,,,,,,,
5909406f-a986-40a6-a769-cdcb74f46402,17629951,v1.12-1.13,0.0,2.000033491395858,1,1,1,0,1,1,1,1,1,0,1,0,1,0,1,0,1,0,1,0,1,0,1,0,1,0,1,1,1,0,1,0,1,0,1,0,,,,,1,1,1,1,1,0,1,0,,,,,,,1,0,1,0,1,0,1,0,1,0,1.0,0.0,1.0,0.0,,,,,,,,,,,,,,,,,,
ef8e32a4-741a-404a-81d7-cff4c92a00c0,17826047,v1.16+,0.0,2.0014684155023215,1,1,1,1,1,1,1,1,1,1,1,1,1,0,1,0,1,0,1,0,1,0,1,0,1,0,1,1,1,0,1,0,1,0,1,0,,,,,1,1,1,1,1,1,1,1,1.0,1.0,1.0,1.0,1.0,1.0,1,0,1,0,1,0,1,0,1,0,1.0,0.0,,,,,,,,,,,,,,,,,,,,
34ee9d46-c2d7-4c10-b75d-1903509ee821,17760768,v1.14-1.15,0.0,2.000011403689404,1,1,1,1,1,1,1,1,1,1,1,0,1,0,1,0,1,0,1,0,1,0,1,0,1,0,1,1,1,0,1,0,1,0,1,0,1.0,0.0,1.0,0.0,1,1,1,1,1,1,1,1,1.0,1.0,1.0,1.0,1.0,1.0,1,0,1,0,1,0,1,0,1,0,1.0,0.0,,,,,,,,,,,,,,,,,,,,
8e0c18ab-1469-407a-8aa9-8bb3a56c9074,17694720,v1.14-1.15,0.0,2.0000212006010236,1,0,1,0,1,0,1,0,1,0,1,0,1,0,1,0,1,0,1,0,1,0,1,0,1,1,1,1,1,0,1,0,1,1,1,0,1.0,0.0,1.0,0.0,1,0,1,0,1,0,1,0,1.0,1.0,1.0,0.0,1.0,0.0,1,0,1,0,1,0,1,0,1,1,1.0,1.0,1.0,0.0,,,,,,,,,,,,,,,,,,
