,>1.0,>2.0,>3.0,>5.0,>10.0
baro_vpos,0.0,0.0,0.0,0.0,0.0
gps_hpos[0],0.78125,0.78125,0.78125,0.78125,0.78125
gps_hpos[1],0.0,0.0,0.0,0.0,0.0
gps_hvel[0],0.390625,0.390625,0.390625,0.0,0.0
gps_hvel[1],0.0,0.0,0.0,0.0,0.0
gps_vpos,0.78125,0.78125,0.78125,0.78125,0.390625
gps_vvel,1.171875,0.78125,0.390625,0.390625,0.390625
heading,4.6875,3.125,1.953125,0.78125,0.78125
mag_field[0],2.904564315352697,2.4896265560165975,0.8298755186721992,0.4149377593360996,0.0
hagl,0.390625,0.390625,0.390625,0.390625,0.0
