ratio,band,n,mean_rate,n_gt5,frac_gt5,ci_low,ci_high
baro_vpos,v1.12-1.13,256,6.996133339077793e-05,0,0.0,0.0,0.01478385642587143
baro_vpos,v1.14-1.15,900,0.01249811471639945,21,0.023333333333333334,0.015311331071466332,0.0354071421445186
baro_vpos,v1.16+,471,0.007209056226930769,9,0.01910828025477707,0.01008485462935049,0.03591251652467446
gps_hpos[0],v1.12-1.13,256,0.0022481719468929653,2,0.0078125,0.002145090367681419,0.028032768301535768
gps_hpos[0],v1.14-1.15,899,0.004387318903704096,14,0.01557285873192436,0.00929875167154436,0.025969299556725497
gps_hpos[0],v1.16+,471,0.015328429317802565,23,0.04883227176220807,0.032757024779886665,0.07220739628073278
gps_hpos[1],v1.12-1.13,256,0.00014937640894958386,0,0.0,0.0,0.01478385642587143
gps_hpos[1],v1.14-1.15,900,0.002802174952469645,11,0.012222222222222223,0.0068381920200508844,0.02175250667882414
gps_hpos[1],v1.16+,471,0.013424631693885065,25,0.05307855626326964,0.03620793140515957,0.07718035392783051
gps_hvel[0],v1.12-1.13,256,0.0007651353208390508,1,0.00390625,0.0006898821669617927,0.021790975380582514
gps_hvel[0],v1.14-1.15,897,0.004360408415681069,13,0.014492753623188406,0.008488938146912527,0.024637266834550087
gps_hvel[0],v1.16+,471,0.005029228548673748,9,0.01910828025477707,0.01008485462935049,0.03591251652467446
gps_hvel[1],v1.12-1.13,256,0.0,0,0.0,0.0,0.01478385642587143
gps_hvel[1],v1.14-1.15,898,0.001142651413629193,3,0.0033407572383073497,0.0011367953648031576,0.009775830933796432
gps_hvel[1],v1.16+,471,0.0017148626005119327,7,0.014861995753715499,0.0072173933238545325,0.03035611355779978
gps_vpos,v1.12-1.13,256,0.0031228397665564664,2,0.0078125,0.002145090367681419,0.028032768301535768
gps_vpos,v1.14-1.15,899,0.015796970529695465,35,0.0389321468298109,0.028124818298057516,0.05366302839337268
gps_vpos,v1.16+,471,0.013822063872011998,15,0.03184713375796178,0.019393128579042716,0.05187583539209416
gps_vvel,v1.12-1.13,256,0.0027860905388878954,3,0.01171875,0.003993287123007758,0.033881572667882304
gps_vvel,v1.14-1.15,897,0.001998674748542723,8,0.008918617614269788,0.00452599518295789,0.01749947736430797
gps_vvel,v1.16+,471,0.0021768140575024095,4,0.008492569002123142,0.0033074087179915147,0.021630301755106843
heading,v1.12-1.13,256,0.009458834742009939,12,0.046875,0.027014851001628076,0.0801330188843179
heading,v1.14-1.15,900,0.023467134982231054,79,0.08777777777777777,0.07099897489285388,0.10806059052236848
heading,v1.16+,471,0.018018888500254352,42,0.08917197452229299,0.06664760092881244,0.11834353071932807
mag_field[0],v1.12-1.13,241,0.006237657917003717,7,0.029045643153526972,0.01413952165520671,0.05872991355658087
mag_field[0],v1.14-1.15,791,0.04167734508303976,88,0.11125158027812895,0.09118979547629735,0.13507099757232494
mag_field[0],v1.16+,471,0.04920221809596396,72,0.15286624203821655,0.1231857142787251,0.18816338145497502
hagl,v1.12-1.13,256,0.00044917631576422886,1,0.00390625,0.0006898821669617927,0.021790975380582514
hagl,v1.14-1.15,899,0.015103885302125728,31,0.034482758620689655,0.024397687063175258,0.048529246206700585
hagl,v1.16+,471,0.005769192689655956,8,0.016985138004246284,0.008631205161666917,0.033154233856172714
