ratio,n_flights,mean_rate,median_rate,p95_rate,frac_gt_1pct,frac_gt_5pct,frac_gt_10pct
baro_vpos,1627,0.009011480534106907,0.0,0.0,0.027043638598647817,0.01843884449907806,0.014136447449293177
gps_hpos[0],1626,0.007219816679901347,0.0,0.003310917431434065,0.042435424354243544,0.023985239852398525,0.014760147601476014
gps_hpos[1],1627,0.005459864379676485,0.0,0.0017296211325765292,0.03810694529809465,0.022126613398893668,0.010448678549477565
gps_hvel[0],1624,0.00398764017082885,0.0,0.00041705656907427974,0.029556650246305417,0.01416256157635468,0.007389162561576354
gps_hvel[1],1625,0.0011284930795570063,0.0,0.0,0.014769230769230769,0.006153846153846154,0.0018461538461538461
gps_vpos,1626,0.013229468370327386,0.0,0.017843895718524797,0.05781057810578106,0.03198031980319803,0.022755227552275523
gps_vvel,1624,0.0021744641924148762,0.0,0.0019439857144775046,0.027093596059113302,0.009236453201970444,0.0049261083743842365
heading,1627,0.01968578958917166,0.0,0.11543710930731563,0.13952059004302397,0.08174554394591273,0.05531653349723417
mag_field[0],1503,0.03835282783890976,0.0,0.2665822784810125,0.1536926147704591,0.1111111111111111,0.08383233532934131
hagl,1626,0.01009266407150961,0.0,0.0024056032710493857,0.03936039360393604,0.024600246002460024,0.020910209102091022
