ratio,n_cal,n_test,threshold,coverage
baro_vpos,462,189,0.1854540055660695,0.9682539682539683
gps_hpos[0],462,189,0.1133981571630146,0.8994708994708994
gps_hpos[1],462,189,0.0449377397792192,0.9047619047619048
gps_hvel[0],460,189,0.1198506167004241,0.9047619047619048
gps_hvel[1],460,189,0.0488837217003988,0.8624338624338624
gps_vpos,462,189,0.6195455601120997,0.9417989417989417
gps_vvel,460,189,0.1113178159736445,0.91005291005291
heading,462,189,1.3441754285262135,0.9682539682539683
mag_field[0],423,189,1.7598891854287613,0.9470899470899471
hagl,461,189,0.0565067555719735,0.9629629629629629
