method,threshold,n_detected,n_total,rate,ci_low,ci_high,ci_width
IsoForest,1,21,264,0.07954545454545454,0.05261397706675952,0.11853749075504091,0.0659235136882814
IsoForest,2,13,94,0.13829787234042554,0.08263778119593643,0.22236031654688312,0.1397225353509467
IsoForest,3,5,24,0.20833333333333334,0.09244825352851857,0.40470453253188665,0.31225627900336805
IsoForest,4,2,11,0.18181818181818182,0.05136768974608513,0.4769805619608442,0.4256128722147591
SVM,1,24,264,0.09090909090909091,0.06185164074579346,0.13170113875649886,0.06984949801070539
SVM,2,14,94,0.14893617021276595,0.0908404795865941,0.2345988505755543,0.14375837098896022
SVM,3,4,24,0.16666666666666666,0.06678676328632951,0.3585307064969906,0.2917439432106611
SVM,4,3,11,0.2727272727272727,0.09746059290024889,0.5656453011761291,0.4681847082758802
Autoencoder,1,27,264,0.10227272727272728,0.0712435759156428,0.1447105152671414,0.0734669393514986
Autoencoder,2,15,94,0.1595744680851064,0.09915613688605254,0.24672442569542472,0.14756828880937217
Autoencoder,3,4,24,0.16666666666666666,0.06678676328632951,0.3585307064969906,0.2917439432106611
Autoencoder,4,2,11,0.18181818181818182,0.05136768974608513,0.4769805619608442,0.4256128722147591
