log_id,band,sat_frac,sat_max_run_s,spread_p95,n_motors,actuator_source,reversible_flags,failsafe_frac,nav_state_forbidden_frac,filter_fault_flags_frac,landed_at_end,motor_1_mean,motor_1_std,motor_1_max,motor_2_mean,motor_2_std,motor_2_max,motor_3_mean,motor_3_std,motor_3_max,motor_4_mean,motor_4_std,motor_4_max,rank,flag_iso,flag_svm,flag_ae,flag_count,hand_label
696590b3-101b-4aa4-820d-d67b22eecea3,v1.16+,1.0,67.1,0.1324393630027769,4,actuator_motors,0,0.0257510729613733,0.0,0.0,False,0.9543110253732829,0.018278468968618244,1.0,0.9527237963463578,0.020107944853977308,1.0,0.9515394850500992,0.023202949257936,1.0,0.9469642050209499,0.029813101753973864,0.9968224763870239,1,True,False,True,2.0,
c1506e1f-9ee3-4640-b073-1483605b9e32,v1.12-1.13,1.0,101.302202,1.0,4,actuator_outputs,0,0.0,0.0,0.0,True,0.9925867850098619,0.04459548476316264,1.0,1.0,0.0,1.0,0.9578708086785009,0.1918045882529624,1.0,0.2685009861932939,0.11766197656341856,1.0,2,False,False,False,0.0,
b48a234c-03d3-4dae-9f9d-cf335744cad3,v1.16+,0.9559585492227979,73.70066999999999,1.0,4,actuator_motors,0,0.0,0.0543478260869565,0.0,False,0.4763684637429419,0.2581905482909864,0.9998297095298767,0.3004906341394921,0.3429333509957987,1.0,0.8663056002244585,0.27081271256166484,1.0,0.11295360680331387,0.22941235410464647,0.8037019371986389,3,False,False,False,0.0,
eb456400-8803-4062-b937-ea4b4320bb59,v1.14-1.15,0.9486642221058146,179.703782,1.0,4,actuator_motors,0,0.0,0.0,0.0,True,0.029326511921225033,0.10300424092132543,0.526292085647583,0.5057286863213719,0.04313415828097982,0.8054747581481934,0.019911838751487013,0.08040130555697467,0.4647781252861023,0.978922990736384,0.09782966945232334,1.0,4,False,False,False,0.0,
f386caa8-c372-40e0-b1c5-4687f8d614b7,v1.16+,0.9168886978942845,1012.2008250000001,1.0,4,actuator_motors,0,0.8752166377816292,0.0,0.0,False,0.6897809184232508,0.3935320668464224,1.0,0.3886697961439732,0.4282999415410008,1.0,0.7603870906936888,0.3646440103903664,1.0,0.15093166921934803,0.24879925840967299,1.0,5,False,False,False,0.0,
cdfac74e-bc29-4ca0-ae91-fa20c4973386,v1.16+,0.8719211822660099,2.4000000000000057,1.0,4,actuator_motors,0,0.0,0.0919540229885057,0.0,True,0.6035536869924465,0.42834476090750406,1.0,0.602998222345991,0.4290282794112776,1.0,0.5948198669085139,0.43147352999631544,1.0,0.5930017947398236,0.4334188924856301,1.0,6,False,False,False,0.0,
afd1472c-f54f-403d-8dd8-402d8ec951ce,v1.16+,0.7947084762371387,263.297909,1.0,4,actuator_motors,0,0.0,0.0,0.0286407766990291,False,0.6965213186784213,0.35264820213792286,1.0,0.25336826043545835,0.315020624772048,1.0,0.2581937450978034,0.2341575177307084,1.0,0.3782895071792724,0.33701830967973956,1.0,7,False,False,False,0.0,
376cfb8d-d741-4115-801e-2d60ee5e53c9,v1.14-1.15,0.7792592592592592,2.3037630000000036,1.0,4,actuator_motors,0,0.0,0.0,0.0,True,0.6465578169970612,0.3371296453828317,1.0,0.6879757647489536,0.3241270288766401,1.0,0.42251979127859807,0.31817843439356863,1.0,0.477293454742201,0.3674072936043719,1.0,8,False,False,False,0.0,
aaf2608e-2a6e-4e1d-b887-45cd26723511,v1.16+,0.7583547557840618,58.102644999999995,0.9340581551194191,4,actuator_motors,0,0.0,0.0,0.0,True,0.2600520688486095,0.14110646333283305,0.4823616147041321,0.8928888015892745,0.21055798242895704,1.0,0.44360798331120344,0.14918674211367758,0.5608418583869934,0.7263905786375645,0.20579363480952517,1.0,9,False,False,False,0.0,
a4ac869f-6f57-4ac3-91ec-63b1997596b8,v1.16+,0.6753393665158371,29.900577,1.0,4,actuator_motors,0,0.0,0.0,0.0,True,0.7039113327596128,0.33751315436381174,1.0,0.21014156590885272,0.2539623253511948,1.0,0.6830524478594423,0.317634246670967,1.0,0.0854040880432948,0.18542137788488108,1.0,10,False,False,False,0.0,
7a10c97d-79c5-4186-b2cd-2fc728ee62ff,v1.14-1.15,0.6732939279957012,125.30015,0.8908491283655167,4,actuator_motors,0,0.0,0.0,0.0,False,0.8371615274411449,0.21606905497146575,1.0,0.4356644553913059,0.25514258928831796,1.0,0.19086797275012388,0.22119128396746768,0.9353381991386414,0.5923509965919002,0.1981118164154154,1.0,11,False,False,False,0.0,
df14c679-3e75-46f5-a495-7ed0285cd9ff,v1.14-1.15,0.6221692491060786,12.901248,1.0,4,actuator_motors,0,0.0,0.0,0.0,True,0.6702513024177145,0.3524934686504483,1.0,0.5477465657673178,0.2968711670948441,1.0,0.545416436332826,0.3131485591272286,1.0,0.3307033502472982,0.32192118575084017,1.0,12,False,False,False,0.0,
c8b3aec5-645b-41e2-96a3-b38a4b6f6095,v1.14-1.15,0.5949764521193093,3.298082000000001,1.0,4,actuator_motors,0,0.1493506493506493,0.0,0.0,True,0.24749664362441767,0.32606800694249827,1.0,0.44526154178231003,0.36102034164891467,1.0,0.36294107536806924,0.34516753813922424,1.0,0.5504913282497813,0.3492008828347726,1.0,13,False,True,True,2.0,
332fb065-a9ff-498c-81f0-ee7818ef6895,v1.14-1.15,0.5794684731631058,10.402501,0.656008858414868,4,actuator_motors,0,0.0,0.0623441396508728,0.0,True,0.6594290771512743,0.22946853145789692,0.9293919801712036,0.6810111128504293,0.10145762448856246,1.0,0.7989227917901659,0.31519536906756,1.0,0.8521752472794136,0.13325283650862985,1.0,14,False,False,False,0.0,
9e082b2f-6292-4e70-84cf-e520db2b4144,v1.14-1.15,0.5770104895104895,21.851264,0.999999939505356,4,actuator_motors,0,0.0,0.0,0.0,True,0.4073382366298164,0.3088576616373534,0.9653069972991943,0.7921479634413092,0.2347940613538387,1.0,0.6156474309741866,0.24347481140743643,1.0,0.6810681636542916,0.1938672113795324,1.0,15,False,False,False,0.0,
bb754bf2-b9bc-4137-8629-ff36b91e737c,v1.14-1.15,0.5637886597938144,7.500927000000004,0.5300368234515186,4,actuator_motors,0,0.0,0.0,0.0,True,0.8214389645247024,0.1693321490151347,1.0,0.7688519925736994,0.18403406976856249,1.0,0.7988697067105679,0.15995550710744713,1.0,0.7785955535622371,0.13486575135576667,1.0,16,False,False,False,0.0,
480597bd-2f52-4bfd-a6c4-9b8ec7ea5f12,v1.16+,0.5535248041775457,17.902071,0.9999999999994353,4,actuator_motors,0,0.0,0.0,0.0,True,0.8600898624104272,0.19176273985725784,1.0,0.15099808850828858,0.15039074410050055,0.970645546913147,0.3598111501255036,0.15529947605250294,0.6813700795173645,0.646707470249165,0.17273305276825715,1.0,17,False,False,False,0.0,
b542b8e7-2953-4c05-a5f6-12841b7bb488,v1.14-1.15,0.502859971400286,7.392586000000001,0.5404825821518898,4,actuator_motors,0,0.0,0.0,0.0,True,0.5845107334369725,0.09075179221634955,1.0,0.5745390861951252,0.08585891114970026,1.0,0.7973593670536752,0.14622788283573585,0.9745795726776123,0.9204672539633121,0.11177935172906546,1.0,18,False,False,False,0.0,
46969280-f01c-4d74-9520-e2de5dc6fcfe,v1.14-1.15,0.4760672703751617,2.8000919999999496,0.7978374719619751,4,actuator_motors,0,0.0,0.0,0.0,True,0.6557372373988416,0.2093512114294368,1.0,0.8137231752989672,0.16705321111491192,1.0,0.5722248059134022,0.22899138377714753,1.0,0.7889280108442328,0.15750790116710875,1.0,19,False,False,False,0.0,
897fc073-14b4-4366-8ab6-c98d06d91c1f,v1.14-1.15,0.4689569536423841,10.898387999999983,0.5439606010913849,4,actuator_motors,0,0.0,0.0,0.0,True,0.7459079921083918,0.10845241763493506,1.0,0.9147897397016872,0.10932531078702419,1.0,0.6515327407116269,0.10624901355553855,1.0,0.6491244171691337,0.10514966752033254,1.0,20,False,False,False,0.0,
1d33794c-79e8-4200-be54-c6fa4bcacdf5,v1.16+,0.4577405857740586,4.098877000000002,0.535561379790306,4,actuator_motors,0,0.3169014084507042,0.0,0.023961661341853,True,0.6335857739908988,0.12914695869051873,1.0,0.6460185595035387,0.18145387415119957,1.0,0.7090673676381445,0.14485941544470343,1.0,0.9038504570319345,0.13707285979811062,1.0,21,False,False,False,0.0,
e5b15dd2-ceec-4e8c-a852-72580d8e1884,v1.16+,0.4369449378330373,2.799999999999997,0.7467036172747612,4,actuator_motors,0,0.0120240480961923,0.0781563126252505,0.0,True,0.7112046654202163,0.1868510089638909,1.0,0.7615047068158115,0.18707485213933248,1.0,0.7257527825860952,0.19073259634078235,1.0,0.7622883828227833,0.17452856963797772,1.0,22,False,False,False,0.0,
78d77df7-6edd-42c6-81d1-1fd45fed372c,v1.14-1.15,0.43266832917705733,41.40097299999999,1.0,4,actuator_motors,0,0.3474576271186441,0.0,0.2746987951807229,False,0.505051725570285,0.3475435587905183,1.0,0.35418797982317285,0.2953332842264405,1.0,0.5707726539743945,0.3271493125644599,1.0,0.5117043578391379,0.3122389093382512,1.0,23,False,False,False,0.0,
558d60f8-8a59-405b-835c-3ab1f032ce24,v1.16+,0.41929133858267714,5.0,1.0,4,actuator_motors,0,0.0,0.0987868284228769,0.0,True,0.6413565429111788,0.2854752904718279,1.0,0.6615796369251414,0.27870819205362735,1.0,0.6484986006186079,0.2844691317721866,1.0,0.6474224074891269,0.2890984789955247,1.0,24,False,False,False,0.0,
3a0a0ea1-ad59-4140-9651-c893c21971c1,v1.14-1.15,0.41472045293701343,19.800027,1.0,4,actuator_motors,0,0.0068027210884353,0.0,0.0,True,0.48206166600398986,0.2662196516855371,1.0,0.7188636705264455,0.20649924171663983,1.0,0.34295077673212654,0.23611273197525837,1.0,0.6182022815625373,0.2810424687718241,1.0,25,False,False,False,0.0,
def4855c-0135-4bfc-9c9b-b0802a50d926,v1.14-1.15,0.40181774695049033,5.152264000000002,0.7671965181827544,4,actuator_motors,0,0.0,0.0,0.0,True,0.4786667413272191,0.1287146605094419,1.0,0.4530141437722832,0.1296500351188194,1.0,0.7644463751971117,0.1274773610098105,1.0,0.9019987266247879,0.11396303435913964,1.0,26,False,False,False,0.0,
44b6a14d-9a49-4046-9a60-e161e645d4f4,v1.14-1.15,0.3906810035842294,1.0982509999999976,1.0,4,actuator_motors,0,0.0,0.0,0.0,True,0.5126789210060526,0.3578848000879796,1.0,0.5440407187071541,0.3492582853418918,1.0,0.3633072144569311,0.3437601448613034,1.0,0.3295429253467183,0.32504783087783906,1.0,27,False,False,False,0.0,
d3299236-fbda-4af8-99cd-f59debbc12a2,v1.14-1.15,0.37740646567381037,15.599995000000007,0.7317636758089066,4,actuator_motors,0,0.0,0.1839285714285714,0.0,True,0.8346613023607375,0.09609815510486923,1.0,0.9081851667949515,0.08841717440191602,1.0,0.434975218345224,0.1179886382341899,0.7980270981788635,0.4649417111423452,0.09874309282063219,0.696407675743103,28,False,False,False,0.0,
e6582484-f30a-4828-9d86-cf39ccaf3af8,v1.16+,0.36117936117936117,2.6005759999999993,0.999999937769238,4,actuator_motors,0,0.0,0.0,0.6612903225806451,True,0.4454109189220961,0.3181035891387703,1.0,0.3205759562830529,0.2978484962582731,1.0,0.4820236105517348,0.3177257013901617,1.0,0.4659751198549424,0.3372441618934646,1.0,29,True,True,True,3.0,
4d9f0dc8-288f-4fe8-8fd8-be37ff06278b,v1.14-1.15,0.3434343434343434,5.198910999999999,0.24823886752128602,4,actuator_motors,0,0.1984126984126984,0.0,0.0,True,0.8580757358553585,0.1848985063375839,0.9892975687980652,0.8814260905690064,0.18522994974288548,1.0,0.720859543432231,0.15966067650029325,0.8866629004478455,0.7586547529792207,0.1390125004125866,0.9238587021827698,30,False,False,False,0.0,
4287b232-f4a8-417d-aa49-b21eb88081fb,v1.16+,0.3196004993757803,4.402313999999997,0.3161134719848633,4,actuator_motors,0,0.0,0.0,0.0,True,0.6777510247425232,0.1865378195253965,0.9079861044883728,0.7310840541489634,0.18508186692836412,0.9999998807907104,0.8009134236206946,0.23620481629659798,1.0,0.7582076784353804,0.18104476825565852,0.9960145950317383,31,False,False,False,0.0,
efe75f5d-87ba-4204-b10a-139c0da4c698,v1.16+,0.3045212765957447,0.7980900000000002,0.5397508248686789,4,actuator_motors,0,0.0,0.1137724550898203,0.0,True,0.669283367951024,0.1409142165369094,1.0,0.7943073814843801,0.12668951946060034,1.0,0.7905611362943159,0.15844931595933986,1.0,0.8058486097282842,0.17028346185413143,1.0,32,False,False,False,0.0,
b58e2067-08eb-4ee0-a119-e138823b8cd1,v1.14-1.15,0.29925174756325684,0.9666789999999992,0.43777538090944285,4,actuator_motors,0,0.0,0.0,0.0,True,0.8136508808968259,0.15709236329080584,1.0,0.8302922147486909,0.12709670127291853,1.0,0.8025313391053079,0.13889728927194306,1.0,0.7188592243004094,0.12502107119876912,1.0,33,False,False,False,0.0,
2cb6ff34-eef4-4466-9b2d-f13f0db891c4,v1.16+,0.292846049003138,3.465635000000006,0.9379920080304146,4,actuator_motors,0,0.0,0.0,0.0,True,0.18737771056639863,0.11103771054996531,0.5983221530914307,0.2600313718681445,0.09930801950081256,0.6320561766624451,0.8496327409013888,0.16121237479707892,1.0,0.8713593909366173,0.18675563393142514,1.0,34,False,False,False,0.0,
66705865-6555-4077-852a-8d75706e6937,v1.16+,0.2766497461928934,8.398960000000002,1.0,4,actuator_motors,0,0.0,0.1173184357541899,0.0,True,0.7522630529374187,0.1776312489903049,1.0,0.6768925833736835,0.2600422398240736,1.0,0.5638266086787191,0.2171931334421988,1.0,0.49889517370576675,0.23604339337542068,1.0,35,False,False,False,0.0,
dd152b77-5609-44e0-8e6a-90f703990876,v1.14-1.15,0.2567049808429119,1.0007719999999978,1.0,4,actuator_motors,0,0.0,0.0,0.0,True,0.4955600481795029,0.3740342096665347,1.0,0.3938537002260979,0.3810740583629341,1.0,0.49924343019785283,0.3870345065969555,1.0,0.43879586512457885,0.37056563587464314,1.0,36,False,False,False,0.0,
0ae539bf-9dd1-4393-a645-98ab97a865d4,v1.16+,0.2293144208037825,5.2990020000000015,0.9999999781799271,4,actuator_motors,0,0.0711111111111111,0.0711111111111111,0.1816192560175054,False,0.2725064858386461,0.2456942127268623,1.0,0.3862774192218385,0.29032689780347515,1.0,0.29588602675346914,0.26510128497020086,1.0,0.3421768501336754,0.26028218700522143,1.0,37,False,False,False,0.0,
d19ecb79-8949-44a4-8921-88159a8c5404,v1.14-1.15,0.22473604826546004,1.300228999999998,0.6311072289943694,4,actuator_motors,0,0.0,0.0,0.1420454545454545,True,0.7342558976931449,0.16816085600390449,1.0,0.7109059412019904,0.18503987166003227,1.0,0.7068247054541992,0.1459016805216006,1.0,0.6517961804795769,0.1652753939062725,1.0,38,False,False,False,0.0,
697f6dce-243c-4b83-937f-653e8f4f218d,v1.16+,0.21858864027538727,2.4988790000000023,0.3124650716781616,4,actuator_motors,0,0.0671140939597315,0.0671140939597315,0.0,True,0.8037460117463952,0.24493823104222137,1.0,0.8002054025763694,0.16098476045950108,1.0,0.6625591279082189,0.20120977693470543,0.8526386618614197,0.6614720413329884,0.12981454623076355,1.0,39,False,False,False,0.0,
ef996020-534c-4fbe-9c66-9070bbfa3f10,v1.16+,0.21544319982210858,0.5812430000000006,0.20674279928207395,4,actuator_motors,0,0.0,0.0,0.0,True,0.8671107501084379,0.10572756219971552,1.0,0.8733788978892545,0.11168787008350073,1.0,0.8588496929862807,0.10876458821576174,1.0,0.7813824472620484,0.10370723765350952,0.997759997844696,40,False,False,False,0.0,
996bdb97-9e64-4e4e-aff1-68205889b246,v1.14-1.15,0.21433850702143384,4.797664999999995,0.6041163086891174,4,actuator_motors,0,0.5030674846625767,0.0,0.5652797704447633,False,0.5808421220091984,0.16969721088078457,1.0,0.6022119182229665,0.1601918167656026,1.0,0.6784897985173738,0.1576394009828339,1.0,0.6949204212867518,0.1680823585074607,1.0,41,True,False,True,2.0,
c5aa149c-84f7-40d3-984b-9660fca0ff40,v1.16+,0.2073732718894009,3.101827,0.7185274839401243,4,actuator_motors,0,0.0220994475138121,0.0,0.0,True,0.6736167716575907,0.15449483953830698,0.9655740261077881,0.7848688662605018,0.20869727140517227,1.0,0.4249504061342378,0.1420843730323958,0.7695707082748413,0.5065978029118136,0.12090455608759777,0.8378575444221497,42,False,False,False,0.0,
1609a2f5-7ef4-46b2-ad6a-384aa9dc256d,v1.14-1.15,0.20378331900257954,3.2099999999999937,0.5828148692846298,4,actuator_motors,0,0.0,0.0,0.0,False,0.735761362665292,0.17110816385291253,1.0,0.6891007346909106,0.22884707183186032,0.9994724988937378,0.7058977257662156,0.18705059645754202,1.0,0.69341063753142,0.2273335722373493,1.0,43,False,False,False,0.0,
e1a04338-574c-4c12-b115-cadd9467dd6e,v1.16+,0.19738751814223512,2.2015550000000026,0.20073904395103462,4,actuator_motors,0,0.0,0.7624309392265194,0.0385604113110539,True,0.3149333662819475,0.33715878863964077,0.9963241815567017,0.3775565606441906,0.3487055023911891,1.0,0.3195899816661562,0.34809680534998777,1.0,0.3732716355235476,0.3496791905456156,1.0,44,True,False,True,2.0,
36c55341-13f7-40d9-8736-5a53eea5c970,v1.16+,0.1953206239168111,11.837762999999995,1.0,4,actuator_motors,0,0.0,0.0,0.0,True,0.3767284915405387,0.23828073610529538,1.0,0.1969324031865736,0.10018359168641361,1.0,0.40495328138786285,0.2958564373441215,1.0,0.20501718136977168,0.10313495808207472,1.0,45,False,False,False,0.0,
6019c4a4-97ed-4741-9ea4-990e9b992717,v1.14-1.15,0.19521178637200737,10.598247999999998,0.994739172887057,4,actuator_motors,0,0.0,0.0,0.0,True,0.4355796880633733,0.24283411109876332,0.8146119117736816,0.6623954965594065,0.19990302652014577,1.0,0.42730555634664347,0.1523336917654521,0.6961655616760254,0.5397928486720523,0.1323815070489717,0.8475273251533508,46,False,False,False,0.0,
71e2b054-2464-4455-8ed2-03d2ae475e88,v1.14-1.15,0.19126432899153456,21.623083,0.8039268374443048,4,actuator_motors,0,0.0,0.0,0.0,True,0.37671209783855136,0.16717849094562157,1.0,0.3323157535967796,0.20109007152873193,1.0,0.43166173130507124,0.2662139984037416,1.0,0.3626351186064369,0.16017213814955644,1.0,47,False,False,False,0.0,
0bbdcab9-0dc0-40e2-900c-7b619b591181,v1.16+,0.18467336683417085,13.799927999999994,0.9999999999900173,4,actuator_motors,0,0.3550295857988165,0.0,0.0,False,0.39635509520945333,0.257109144152753,1.0,0.2734288082977875,0.2581345919823512,1.0,0.40560578004395664,0.2566756573445187,1.0,0.26425569810801997,0.2398519850092304,1.0,48,False,False,False,0.0,
6cf28ab8-22ca-4e27-926c-122372ec9799,v1.14-1.15,0.17985611510791366,1.1028790000000015,0.6975462399423122,4,actuator_motors,0,0.0,0.0,0.0,True,0.547377407396708,0.11535968632513696,1.0,0.4454694469052559,0.12670489083172468,0.9426186680793762,0.8053463285966926,0.11481484259678676,1.0,0.7697041470496193,0.12496949389460683,1.0,49,False,False,False,0.0,
8a54b5fe-5299-4e84-b668-6df1a9a93441,v1.14-1.15,0.17027863777089783,6.201411,0.5475814864039421,4,actuator_motors,0,0.0,0.0,0.0833333333333333,True,0.538950801749163,0.3134585386025562,1.0,0.4898924178484112,0.23099473131542977,1.0,0.5827725804312072,0.30686946682522276,1.0,0.5255598278017017,0.25537307825875005,1.0,50,False,False,False,0.0,
