bucket,n,method,n_detected,rate,ci_low,ci_high
top_5pct,32,IsoForest,2,0.0625,0.017310567031640967,0.2014712314415458
top_5pct,32,SVM,2,0.0625,0.017310567031640967,0.2014712314415458
top_5pct,32,Autoencoder,3,0.09375,0.032401551298366194,0.24218154728387864
top_10pct,65,IsoForest,5,0.07692307692307693,0.03330350149516352,0.1677593327011
top_10pct,65,SVM,3,0.046153846153846156,0.015819840413512566,0.12713847263338832
top_10pct,65,Autoencoder,6,0.09230769230769231,0.042995089611340964,0.1871200051596039
top_20pct,130,IsoForest,12,0.09230769230769231,0.053593424925942615,0.1544247711249015
top_20pct,130,SVM,10,0.07692307692307693,0.04231743708607818,0.13581465315536378
top_20pct,130,Autoencoder,13,0.1,0.059375488014095035,0.1635857609414501
top_50pct,326,IsoForest,21,0.06441717791411043,0.04251544234620651,0.0964648392248076
top_50pct,326,SVM,19,0.05828220858895705,0.03762582511565238,0.08922741816762952
top_50pct,326,Autoencoder,22,0.06748466257668712,0.04498490608623247,0.10005889462864771
