log_id,status,ver_sw,band,failsafe_frac,nav_state_forbidden_frac,filter_fault_flags_frac,landed_at_end,sat_frac,sat_max_run_s,motor_spread_p95,n_motors,actuator_source,pwm_source,ulg_bytes,parquet_bytes,elapsed_s,excluded_reason,skip_reason,reversible_flags,n_active_control_channels,is_quadrotor,rate_position_hz,rate_attitude_hz,rate_ratios_hz,duration_s,airborne_s,is_quad_from_outputs,is_quadrotor_final,dropout_frac_proxy,group,n_indicators
0ae539bf-9dd1-4393-a645-98ab97a865d4,ok,18350080.0,v1.16+,0.0711111111111111,0.0711111111111111,0.1816192560175054,False,0.2293144208037825,5.2990020000000015,0.9999999781799273,4.0,actuator_motors,none,3572784,2642388,3.3,,,0.0,4.0,True,10.010827627646924,20.01067367795545,1.9999095289545687,91.046886,84.22501099999998,,True,0.0,C,5
9a387907-ccd8-45ff-889e-06b34f9c9b65,ok,17695743.0,v1.14-1.15,0.9731543624161074,1.0,0.0,False,0.9905100830367736,659.700641,1.0,4.0,actuator_motors,none,26455571,15219071,36.8,,,0.0,4.0,True,10.0014207430824,20.00151090975639,1.9999899808051889,675.902812,673.8957889999997,,True,0.0,C,4
12bfea6c-1b06-4732-848e-dced2a90fc3a,ok,17761023.0,v1.14-1.15,0.1104651162790697,0.002906976744186,0.0704419889502762,True,0.2482002576473262,1.959510999999992,0.7750966668128967,4.0,actuator_motors,none,18205330,11590602,11.2,,,0.0,4.0,True,10.006450215937951,195.83319222329013,1.9999828751466315,144.534587,139.29041600000005,,True,0.0,C,4
58606428-791c-4854-ba28-ea08321d865c,ok,17695488.0,v1.14-1.15,0.0125588697017268,0.0136054421768707,0.0028929604628736,False,0.0433884297520661,4.098230000000001,0.1054150875657796,4.0,actuator_motors,none,29936215,16302315,10.6,,,0.0,4.0,True,10.001165468023627,20.00123857001517,1.999993117706242,829.368573,96.45395,,True,0.0,C,4
996bdb97-9e64-4e4e-aff1-68205889b246,ok,17694975.0,v1.14-1.15,0.5030674846625767,0.0,0.5652797704447633,False,0.2143385070214338,4.797664999999995,0.6041163086891174,4.0,actuator_motors,none,4903019,3354179,1.3,,,0.0,4.0,True,9.999514503858531,19.999852957010862,1.9999750650590808,139.767749,134.62242500000002,,True,0.0,C,4
9922859c-fc46-411f-9416-29cc6abc5758,ok,17761280.0,v1.14-1.15,0.121311475409836,0.0557377049180327,0.0,False,0.0520570948782535,3.6987029999999934,0.526659781965592,4.0,actuator_motors,none,5275809,3826788,2.8,,,0.0,4.0,True,10.008327360617374,20.00747821041881,1.999999550000101,119.974681,118.73002900000004,,True,0.0,C,4
eba7d0eb-916a-44a9-b756-f334db92f67a,ok,17695488.0,v1.14-1.15,0.180327868852459,0.0,0.1856823266219239,False,0.1622554660529344,14.098545,0.2930333554744718,4.0,actuator_motors,none,3412455,2320375,2.7,,,0.0,4.0,True,10.011499306872029,20.011776532049364,1.9999142409656,88.982014,86.40824500000004,,True,0.0,C,4
7a1b3a5d-c531-49be-8300-23e78d6ef991,ok,17694720.0,v1.14-1.15,0.0259541984732824,0.0381679389312977,0.0180012414649286,False,0.0220025510204081,3.4034090000000106,0.2784448340535164,4.0,actuator_motors,none,11120757,7273534,4.7,,,0.0,4.0,True,10.000196680886894,20.00004813676182,1.999961481301735,322.160045,313.25880600000016,,True,0.0,C,4
d0f6a451-1658-44ba-a059-ab69c5edf501,ok,17760511.0,v1.14-1.15,0.075,0.0,0.5105820105820106,True,0.1152263374485596,2.1975120000000032,0.893137975037098,4.0,actuator_motors,none,3952668,2768336,2.7,,,0.0,4.0,True,10.01270682971254,20.01225238857394,1.9997955645232293,74.893031,72.89485499999999,,True,0.0,C,3
f386caa8-c372-40e0-b1c5-4687f8d614b7,ok,17826559.0,v1.16+,0.8752166377816292,0.0,0.0,False,0.9168886978942844,1012.200825,1.0,4.0,actuator_motors,none,48845504,28860287,14.2,,,0.0,4.0,True,10.000819854316788,20.00079017629453,1.9999922404766488,1164.653727,1162.537141,,True,0.0,C,3
c920dd50-fa09-4350-99e9-93c6180d68cb,ok,17695488.0,v1.14-1.15,0.0325732899022801,0.0,0.0329380764163372,False,0.0181945416375087,2.001760000000018,0.0967284694314002,4.0,actuator_motors,none,5391603,3312892,5.3,,,0.0,4.0,True,10.006681506126492,20.00676269503516,2.00011953032213,151.691543,142.29157899999993,,True,0.0,C,3
e5b15dd2-ceec-4e8c-a852-72580d8e1884,ok,17825984.0,v1.16+,0.0120240480961923,0.0781563126252505,0.0,True,0.4369449378330373,2.799999999999997,0.7467036172747612,4.0,actuator_motors,none,70520029,28116361,14.3,,,0.0,4.0,True,124.95738152062734,249.890281367338,99.99512931664312,246.228,112.66000000000004,,True,0.0,C,3
afd1472c-f54f-403d-8dd8-402d8ec951ce,ok,17825984.0,v1.16+,0.0,0.0,0.0286407766990291,False,0.7947084762371387,263.297909,1.0,4.0,actuator_motors,none,19388963,10376656,21.5,,,0.0,4.0,True,10.002381378231556,20.002318937614422,2.000019143735551,411.445867,407.1978030000004,,True,0.0,C,3
686c182a-eec6-4554-b0b3-5d403e049a20,ok,17695488.0,v1.14-1.15,0.0277777777777777,0.0,0.0027472527472527,False,0.0,0.0,0.162231010715186,4.0,actuator_motors,none,37683200,10490344,10.3,,,0.0,4.0,True,8.59052597930278,164.31878332028,1.7125634468829165,84.687703,83.84205999999998,,True,0.0,C,3
0bbdcab9-0dc0-40e2-900c-7b619b591181,ok,17826559.0,v1.16+,0.3550295857988165,0.0,0.0,False,0.1846733668341708,13.799927999999994,0.9999999999900172,4.0,actuator_motors,none,3105610,2168824,3.0,,,0.0,4.0,True,10.01191716115903,20.01191781176826,2.0001525385792296,83.860614,79.16827200000002,,True,0.0,C,3
