log_id,n_active_outputs,noutputs_declared,is_quad_from_outputs
b4a4ab4b-8646-43ce-9f68-813fcdd63044,6,8,False
9deccafa-b87a-4991-8bae-3d16eea1ec8b,4,4,True
d5390baa-79d6-4553-be0a-aa430ac79921,4,4,True
9cf501aa-273b-4d6a-b893-273a8899d755,6,8,False
aa4aab21-8851-4945-beea-2b6d851d20e2,4,4,True
25b5e13c-299c-499e-8026-c718df367bd6,4,4,True
d9e0c5ea-084b-4b02-b502-f779787dd156,6,8,False
9e4c8084-12fd-426f-9e4d-bb87674e4938,8,8,False
2e160109-d45f-4ab6-a819-d09b0d39d9ab,6,6,False
3310fabf-a608-41dd-aa6a-4a18582730bb,4,4,True
c07302c9-059c-4326-9462-ee469649d897,4,4,True
fb70a200-24ad-41a1-839c-c6b1fd684d6f,4,4,True
6e4d0d35-5bf7-4c94-a6ab-cfa2e14400b2,4,4,True
b8070b86-e076-4faa-a0ad-8cd6bfd748db,6,8,False
ce5ca1ca-edae-4aa6-bb68-4682e79a1ac3,6,8,False
22b0d930-fe68-475e-a07f-f92a42c21cea,6,8,False
3a0a9878-5bfc-458a-a75d-72ba71c0e3c0,12,12,False
364ed13f-f287-486a-8dc6-46b4ea87f7ae,4,4,True
e6d4089c-a95d-44a6-bff3-2cd2e1ae9232,6,8,False
ff9c924d-e758-4cbd-bff0-fab7b7636a29,6,8,False
1e2d51bf-444c-4ef3-a1f1-d1786fd6ebdc,4,4,True
f0585339-6b92-4ea4-ad50-2e95d3a7df95,6,8,False
258ed8e5-7dca-4e86-bd83-584cbdba41c1,4,4,True
fd79ad56-fede-45f3-bac7-74bcf0f4818f,4,4,True
db8b7bb3-f767-4bec-93cd-3b0f552343a8,4,4,True
435ee0c1-827e-4799-81b5-711a314efaf9,1,1,False
1e5c272f-87bd-4728-85ef-a882b3f97a1c,8,8,False
537d56a1-a81c-4744-a794-cba90d797a04,4,4,True
11da0d7e-2118-49d1-974e-b29e10fd9988,4,4,True
15a9f2ee-997b-40ad-a592-11df4e223fed,4,4,True
7906ce03-d3f7-4193-af7f-51df1c1c50ac,8,8,False
76e26fce-c326-4795-80e1-21f252213e62,6,8,False
01243e0e-431c-4b0a-b150-0dc699a521b7,4,4,True
d0dc9a0b-0d75-458a-9ca4-8cd50d9ae569,4,4,True
5824b695-eece-4f9b-a852-23bdec3a34cd,6,8,False
05b52cea-2b8d-4057-838c-5943d28d7960,4,4,True
6cb076a1-ad43-4419-9f53-a6f844c46421,4,4,True
1eda2d22-4b04-4cc8-817b-603d775195ca,4,4,True
9cf6469a-1726-4284-a094-f0b9ba8a60de,6,8,False
30e3585c-32ab-41af-8911-beda386456a7,4,4,True
f1f536cd-f698-4b73-9a1e-5eea5749eae6,4,4,True
3a4a07a5-a053-4e87-a4d8-e2926821573d,4,4,True
ad3ea7e0-5049-4eaa-a639-5d4403709076,4,4,True
b82b07f5-525c-480a-abd5-370f66ba87ee,4,4,True
f5ecb831-f1d1-4c06-ac9b-99b06b39507a,6,8,False
6626b235-e8ae-4228-b92b-6805aa110f82,4,4,True
540db462-de02-437a-8ff9-b58d52c614eb,6,8,False
594ee734-e21c-4d1f-acbe-4ab501dc304d,6,8,False
635eb49b-55a9-4df4-a7a8-472108a7da0c,6,6,False
5db6c7a1-df35-4963-b443-64a0fe36085a,7,7,False
5a7fbbc6-37a6-4dd3-9e09-c2ddb41f1192,4,4,True
9bca7da8-e329-4b4b-a3ab-2792247dcb7a,6,6,False
8997bfed-7424-4ce0-a77f-7824c1087587,4,4,True
062e1601-0d90-4369-a795-14d580f39330,8,8,False
63b90401-6177-44d2-b97d-60b5f3a886a5,6,8,False
6309d940-5bb8-4044-ad4d-fb031835a2d3,4,4,True
4b38c44f-7a8a-4a2d-a522-04850d28b3d3,4,4,True
a879317a-4e31-4767-9b86-a42a8cd11e2f,8,8,False
d52c0e8b-2b2a-4907-8917-2eceb69546ce,4,4,True
99cc2cac-a190-4ef2-8406-f797159a18cb,8,8,False
19e54610-346c-4200-bcef-b64726a8a1fd,4,4,True
ed6d8677-f09b-4100-9ed1-f9489205d005,4,4,True
9f152d9a-664a-4eb5-97c2-2b238d2b988e,0,4,False
a8cef7fe-0ce1-4900-a055-d3fd670335ed,4,4,True
baff5a82-7213-4023-a839-442000a78775,6,8,False
4356a699-8afb-4b55-86d3-52daa7a8e2de,4,4,True
c1a85bff-6c5f-4dea-9eb6-56cadedf630a,4,4,True
0fd9e43a-ee2d-45cc-9254-f9c22d120679,8,8,False
408d2413-25b3-4bf1-bf6a-22ae3b35a1a9,6,8,False
10475520-aeed-4a26-8c73-ceab3629b01d,4,4,True
01821764-d8c1-4391-927c-0069074c8e31,4,4,True
fe7e9b47-1027-4416-bce6-4837d1fdb91f,8,8,False
f822f8c6-96fe-45d2-b153-c9d07384ce9b,6,8,False
6d57db38-307b-41c4-b1a0-1e8ff4648aaa,4,4,True
6736edac-3b5e-4576-b6a2-fc8774ee0197,4,4,True
b740ed11-e242-4cfd-ab15-01183c864847,4,4,True
b390e084-6742-4cdc-969a-653b0f525da0,4,4,True
737fbd5c-3127-4203-8e70-b6fef1592c02,6,8,False
0272806d-1245-45c9-8306-82404f256806,4,8,True
93163d47-e3cd-48a3-b06e-1f4f332ea956,4,4,True
6a02610c-1880-4f1c-a46b-2c31e54aabb5,4,4,True
7fc67056-c7db-4032-88a9-f2b02f73eb45,6,8,False
6f7841fc-ef05-4e25-abec-51499149e788,6,8,False
edffa36c-a03d-40b2-9ec9-542280230a5f,4,4,True
2003b62d-8c72-47d1-9931-2bccc9c0ec34,8,8,False
00d3b37a-271c-424b-ab90-92d9159a1b22,4,4,True
34f1bcb0-a6bf-40a4-9136-41a418343365,4,4,True
56fae0a3-b045-4aa2-b3be-a8a7d28c71cd,4,4,True
b6a86822-c2d5-496c-9261-c757e3604992,4,4,True
60413875-f950-46a7-8aac-5d1f820b53ef,4,4,True
01c51f1f-b7ef-4397-9f1c-a8de1a157f5e,4,4,True
482b3a22-c52e-48dc-b68a-d020cdb2acd1,4,4,True
065b8c8d-7c59-4ee3-9b99-cadac6b1b6ff,6,8,False
8b82ec8d-4202-4445-9dd1-328f37797027,7,7,False
8df28ee8-9dab-4d29-8de2-356dae9676cb,12,12,False
fa18aacc-b70e-4195-bc40-fd129cf7ec2a,4,4,True
f0a8add0-962a-4d41-a130-cbcb7dd452a9,8,8,False
e4b607b8-df08-4f57-b3f7-bd9ebf465982,4,4,True
da529492-af79-4386-baec-d9c2113629f2,4,4,True
0de6f359-d177-4e69-8b19-1a53dc27bc28,6,8,False
91970d9d-4b2c-4c73-a6de-5aafcb32a15e,4,4,True
04c3f69d-3213-4faf-9d5a-1406fad14a3d,6,8,False
ed903f9d-2fa8-4b9b-bd32-7dec4ae811b1,6,8,False
5eee4850-3de5-471e-a1d8-45458abf999e,4,4,True
09cf15e7-a810-4ba7-ac54-c4886bc36917,4,4,True
ce606038-3488-41ee-b85c-1e1bc1f3e1fa,4,4,True
a918d647-e19d-4480-8469-100e07802380,12,12,False
6cb1f05a-90b3-4ae9-a9b3-e4b0499321f7,12,12,False
8e04bf67-5a58-49ba-a8e4-60e97a74053f,4,4,True
e54fb11c-719b-4c24-b1e3-a847670719e4,4,4,True
3ed1c470-ba2f-4016-b7d0-43d9ee8f558b,4,4,True
110ca988-9f0e-4079-9f13-bb441e92f50a,4,4,True
223d04f4-c52c-4bca-b86b-e940478d4b03,4,4,True
62833756-e65c-42fc-b102-d52812de448b,1,1,False
eda10354-1ba1-4ed7-a70f-51a16b5b52ae,4,4,True
25f3fc7e-d94b-4a5f-a889-567498cbb393,4,4,True
231ece71-6dd7-496b-80a5-73b82e7de600,6,8,False
e61406ba-a430-413e-bd5f-74bfed23b783,4,4,True
3ed876b7-17b0-4acb-b373-d89a1e984623,1,1,False
8eb7ae5c-099e-4580-bc76-fcd17ee8863f,4,4,True
0bab4375-9dae-4d33-af72-021c3b141fb2,6,8,False
40cc25d5-9f7a-4351-9dad-05363d8020b8,4,4,True
c3027625-f8cc-43a3-a963-08d6990b8741,6,8,False
074bfccb-7d19-4710-b200-5ba1243e1feb,4,4,True
15a7c9aa-b601-4d1a-8cb1-4a78e4e9a5f8,3,3,False
80ec0919-7710-4ef3-ad95-8b77a237dad3,6,6,False
2e950cc8-b9e7-4a7a-8ad2-8578fb5b07f7,8,8,False
d88bf54b-27cd-4b7b-bde2-f46a947f83ca,4,4,True
556929a8-8f00-44df-a157-23a0a80f0e00,6,6,False
e3e6447d-2834-4603-a1e9-e7a8daecd425,6,8,False
bd60119c-466b-455d-91d2-edf1f998a9d2,4,4,True
1316d1ea-a3a8-4b2d-9c91-f082a4af6b15,6,8,False
2697d527-e8f7-4dd2-a016-facf9130377c,6,6,False
a04c4897-a6de-4814-bbc4-b5f32eb58d1b,4,4,True
7bd7313b-330a-4c5e-8116-9b75ff174490,4,4,True
c886dfb9-4bf3-466f-99d1-2b0009ccb829,4,4,True
66a167e9-0c7e-4a24-9fa3-8e4bbf18ea44,4,4,True
80fc6b04-89b5-46a8-a8ec-4e63ec795ff4,4,4,True
e9489725-4aa7-4ce7-948b-1d377a91fd1c,6,8,False
ec9ecff4-1590-42c2-8249-5fdeacd26ced,4,4,True
9ea95adf-b57b-448b-ae0e-4460a3e13543,0,8,False
aeaba112-25cd-4025-bc83-f3c04bccbd2f,4,4,True
ce0db815-7e53-49f6-97f6-2aa4d40d2a57,4,8,True
91bc6f57-ddd5-4be5-9462-ef30a9b37fb2,4,4,True
9d43eb17-6bc1-45fe-8701-bedfda47ee70,4,4,True
119779b6-2b06-418a-b41d-e9ccb9e3c3d6,6,8,False
78b09171-070a-4fad-8680-7f328c928312,4,4,True
37edb356-de79-463c-92e8-d82054140c43,4,4,True
d160c43f-e542-4c95-91b0-34f98ce22536,6,8,False
9f60e750-8a74-4248-9898-4e4b048ea79d,6,8,False
f00f4a7c-8e26-42e1-b343-80da8264f46d,4,4,True
a9af7e26-89e7-4fc2-b090-9cf4ad86aa36,1,1,False
a3ea0485-5bf9-4fea-ac97-0590a3ef07ac,6,8,False
a02b2e92-9aeb-4f56-8715-50f70eb6842f,6,8,False
e8d6c562-879f-4d95-9c09-386f3e861709,8,8,False
21259c68-9adb-4f4b-b9b1-ee58e16471df,4,4,True
9ebb2e11-00d3-49bd-ae9d-02903f5ce176,4,4,True
0dff1c65-4e07-483d-a46b-74ec5dc1c7e2,12,12,False
c46ec159-8e45-4e41-883c-f78bb5aee200,6,8,False
14977c6c-ef3b-423f-b093-d52fc5094722,1,6,False
2b3b1ef7-6b7f-49bc-9550-db2d9dcb9fc9,6,8,False
a6cf700c-34ec-4908-a947-d569194c93ef,4,4,True
1a657ba4-4d9d-442d-84c0-6f05210ef5ad,4,4,True
92efc31b-a802-4c01-b7bb-b39bd3a60a54,4,4,True
66f911cc-7017-4408-86f1-7722298f4c6f,4,4,True
027a1f8f-92b0-424a-a756-53a67c4625c7,8,8,False
cb0d96b1-6153-49d6-bd07-c1e09294e97f,8,8,False
24618a8e-bb79-4653-90c4-4f9cf75ec004,1,1,False
cf690400-8c76-42f6-9e59-23b88008cc0b,8,8,False
a19b62b4-7e79-40a3-93ee-9ea23ce638f8,4,4,True
c37a1a93-c58f-4c62-9d1d-07e51a3eb72f,4,4,True
64dc8aa1-9949-4fff-aae8-4308b203679f,4,4,True
bc92359c-b2d9-4cc4-afc6-7886ca068bf7,6,8,False
3ba646f6-c64f-4c8a-a4ca-4d5f0b5ceb86,6,8,False
38992d36-fcac-430f-b395-bd3e592625e9,6,8,False
50562055-8025-4462-92dd-19c2b7e7436a,8,8,False
bbf258a8-bbb2-4014-9462-de6a7bcee3c4,4,4,True
72ada25d-dc54-4d7f-b24b-fc924a771a28,6,8,False
bf2a493b-60e8-421e-9b7c-48b5dd287e91,8,8,False
066cbcb5-0eb3-4dab-93b2-a6ea40654ffb,4,4,True
dc9dafac-2f16-46d2-b84a-1943ad76ac66,6,8,False
6e0cf7b4-e2bb-4091-b5a5-ebe85a2182f2,6,8,False
5980a2fa-75ef-443f-9113-de20ca01b41d,6,6,False
6babba16-d57f-4b3c-be8d-c8aae86b2fb4,6,6,False
f03a00d9-bc7b-4ee1-98ac-2c4a713434f0,8,8,False
4c162248-b152-4f95-94e8-9efd15fce1fc,6,8,False
a6c736f0-5515-45ad-98d5-26e13dd9a275,4,4,True
1edade43-cd60-488f-b8e5-4a41dfa736ff,6,8,False
54762be6-1bab-4971-894b-6b4fe24bbe6e,4,4,True
4beff263-ad8d-428d-960c-c80f7bb52330,4,4,True
d508fa65-290e-44b4-b056-af2ec0139860,4,4,True
796496e5-a41d-46c3-b6d7-7e7bc38fe0e6,8,8,False
136f17eb-4bee-4763-9795-0d251f0f9f2a,8,8,False
26c1b2ef-9b0d-400c-995b-a71d6d52c366,4,4,True
f1f2573d-85cc-49e3-947e-ea83ddfd2654,3,3,False
2e18b989-5b72-4484-9841-b55a00e1d362,4,4,True
390df573-70ce-48d7-94b8-2ebd6816114b,6,8,False
0193afca-021c-4a7f-abcf-fc94cf10817e,4,4,True
4fe1ea00-26d4-4829-8e5a-07192fd8a859,4,4,True
db32977c-4181-453b-9444-6eb2ccb59067,4,4,True
f4f5c1cd-956b-4da6-9f73-cb1b4ae2a32d,6,8,False
d47c6917-5feb-4ea9-a850-91f3292640cb,6,8,False
7eeefab7-d18d-4247-9433-b418d0d2d582,4,4,True
4f31f221-6668-4b2c-ac13-90b40618645d,4,4,True
8b306c74-ff85-4555-b137-35495633b298,4,4,True
41027991-7d9d-483b-a2ac-f748024d2c52,4,4,True
5e6ac697-8e3c-4d9f-af2a-422fba7007c1,8,8,False
94f171d2-9ebb-4554-9b04-25c3b815fb05,4,4,True
0dd04417-8ad5-4e1b-ba2b-503e8532c347,4,4,True
1a7b7730-7618-4546-8df1-38746041e0ab,4,4,True
6d54d9f5-8b9a-4897-9508-a8b229ed71e4,4,4,True
304368a4-6121-4970-afe2-6ee442056fac,4,4,True
b5b1d2f3-3e7b-49d7-a623-5b832a429d47,4,4,True
d161bf68-a84a-495d-a986-b752f1044469,6,8,False
411e3a1b-cc34-422e-a8ac-5e6c29b39312,4,4,True
2471e799-a860-4e3e-ba31-664b3c6f3d7a,4,4,True
5978ad00-524f-4a94-ba83-82d437aa307b,1,1,False
209aa69d-064c-40fe-b78b-2475e7a6ddb3,6,8,False
368af41a-7f1c-4fec-bf61-2db411468cee,6,6,False
4ba26a72-7dda-494c-b90c-66810e7b1890,3,3,False
4ea35538-b85d-4217-978b-c545d2411c73,6,8,False
34986477-7c4c-4c60-96a2-18e5a6c7b191,1,1,False
66193959-c127-46d4-a5bc-b88ffb450be3,4,4,True
49d6cd84-9bc3-4fe4-9664-96b0fa4de112,8,8,False
03751f6f-b653-4174-b2d2-7371f5606ccc,6,8,False
bdaf475e-9ca6-45fb-a391-0fadb9015c06,4,4,True
3462fbc5-9040-4990-b9cf-4cd36f6792a4,8,8,False
703916e7-6bea-4cc8-8011-9cf02f246032,4,4,True
17712d63-8f67-4c35-8579-9ff2bb2b5b42,4,4,True
3fcd1329-de34-4bb7-a625-3c9da7386158,1,1,False
3288950c-2189-45be-9f7f-171816aea34c,4,4,True
e0c8b3ec-1b2c-43a0-9061-40ad7996ca58,4,4,True
7a7b38f4-9a25-4577-a436-fd2e1abb7587,4,4,True
5c92f6a7-872c-4ef9-996c-51d8f5ee7f7d,4,4,True
25f000db-9b27-4af5-9e29-d56dc5c87167,4,4,True
ddb33a94-c846-45ef-9153-fec35dcc2c83,8,8,False
83bec4f4-2241-4792-9d36-543b8f1e57c8,4,4,True
55e7b8d8-cc57-4267-b327-dbe1ea074037,6,8,False
71cf510d-7938-4e62-8f07-82171ad8bbb2,4,4,True
604127f9-c150-411d-b411-65f274cfe9da,4,4,True
b3f43893-662a-47d3-af8e-2d9792ef0174,7,8,False
cdc5583e-f724-4e79-aead-85925ec084ad,8,8,False
4f5deb5a-fc75-4b40-a503-82cd7d634bf6,4,4,True
e547aec2-5a80-45b6-9046-6c20b60a828b,4,4,True
8ba92c89-8f20-4218-80d4-beb67b1586b8,6,6,False
f41e7dc7-249c-4631-991f-de1d49c1e3b8,4,4,True
32f0004e-d41a-4ae0-b546-95ba35721c8e,4,4,True
3184c1b6-22d2-4eba-a06e-24b07af31824,6,6,False
326aa2fb-c489-4509-a2c7-4536a0fb1ea7,4,4,True
035cc92b-0e37-4633-8cf7-bff8d02df70d,4,4,True
b29fb584-7c9a-48d4-8016-ae175cdc6dff,1,1,False
a3692935-60c7-43a8-9cce-b02879a9cce8,4,4,True
45eefca7-bfd5-4706-befd-0e99e1f97aa1,6,8,False
f2432893-a843-4bfe-a03e-1cbaa0594897,6,6,False
a1c9be68-6bf1-48c4-bf04-c96dac15a291,4,4,True
f7d34ab1-a727-4abc-a57f-f868fd3e9977,12,12,False
4f1e4a7f-7cd9-433d-9459-5be1f1a482aa,4,4,True
9e7a6690-fa74-427f-80d5-180467372117,4,8,True
05be569c-4ba8-47ad-9879-f3173995baef,4,4,True
f80eedd6-c0d4-4ef3-97a1-3712d902a5da,6,8,False
e3d23196-2cbb-42ac-a033-cce2130d1286,4,4,True
2bd1a2d8-68e5-4f7d-8294-9a9e098f01f4,8,8,False
d03299a0-b033-4e9e-a418-cfa96054ee3e,4,4,True
0821d7f2-f8e8-487a-9b95-a98804e1a948,4,4,True
b55dc38c-b90f-424f-a18b-b1622e9383ae,4,4,True
e521b3e1-665c-41f5-ab6e-04304b511a52,4,4,True
b69bd985-a6ac-40bf-9595-a4bea76a0d8f,4,4,True
411b4237-d205-43d5-85c3-661602872c36,4,4,True
64421946-1555-4ded-9f4e-a753e06b8e69,4,4,True
87eb82c5-1137-4a57-b6ec-2a59ffe9d793,4,4,True
dde11ade-e4db-4724-9126-d91487a21948,6,8,False
8d9286de-f1c1-4c39-9686-75cd2175b0da,16,4,False
ba253d0b-d72e-4533-9996-33e7406f7305,6,8,False
0fdcf0a6-c6bd-41bf-9d10-bde34a837f42,4,4,True
c1506e1f-9ee3-4640-b073-1483605b9e32,4,4,True
26d4d2fb-4748-4eaf-ac2c-565ac538d2f8,8,8,False
5618faa2-09ce-4290-9553-ec47db4abc57,6,8,False
cc8a5866-7eb6-4c9a-9f2f-4b227697609b,6,8,False
0b813e79-5ec8-40c0-8545-432aee2f3c33,6,6,False
c9b917e9-4fcb-409e-a0c1-f7acf948fbe1,4,4,True
deaf5559-3a35-44ae-8b67-825f1a5ec5b9,4,4,True
9b6c5a32-a2a2-468c-95f6-cce5ca641b08,4,4,True
56853e0d-b21c-4d56-96bd-f8bc9d46d719,4,4,True
713d6191-0357-4884-bc18-52a6cc0572dc,6,8,False
01ac54b5-1920-46e8-90ef-0080b22bd286,6,8,False
fffb31fe-cc17-44e9-a8e2-43b7bd842302,4,4,True
c12f1853-e299-4775-9020-b90e691a7974,4,4,True
ef8f9227-5c37-444e-90b5-7ded6e140c59,6,8,False
f962b924-1896-42de-a5e2-4d9b7fefe393,6,8,False
9a7e3512-22dc-4521-8bb7-498e91ce71e9,6,8,False
ded42fd0-c446-4fac-9c60-1b9194e1696d,4,4,True
4e921257-d089-4683-990b-91b20da229ff,6,8,False
c67b0be3-fa04-4666-8955-dc80b6c967a3,4,4,True
0ad85e61-ab60-4555-b05f-71cbf263dde2,4,4,True
da08342a-e0f6-430a-8691-fb20a31c7b39,8,8,False
cdbb622f-8879-40cd-8f76-3d679cee449f,6,8,False
3852e668-263a-4674-b78f-d00c96ca213e,4,4,True
d91dfe3e-3cb2-4df6-b896-407595d7c150,8,8,False
5307512c-9a11-439e-8a8a-daa125b66efa,4,4,True
9edb3a49-e6cb-4b6c-a800-ab3329486d00,8,8,False
f919e400-6b0d-49f0-a708-fdbe882ab03f,4,4,True
95a7537c-e64c-4fa1-b89b-d0084b5aea41,4,4,True
7ce8ab9d-832a-4d46-98d5-0da399ad3069,6,8,False
21bdc339-d2a6-423c-aa4c-2b7d3e2b9f97,4,4,True
ec6ee87f-d15d-4642-b7e4-0ce684e4da3b,3,3,False
6aa05a91-0bef-4096-a40c-ab2e10dc18e2,4,4,True
0cdbe672-637c-45e6-bd3f-b6699536facc,8,8,False
379bd881-b1f8-4548-ab94-1ba56ed7031a,6,8,False
f77804ae-26ca-418e-b102-3d98e34a8fa1,6,6,False
0dfe594c-b8bb-4d57-8123-b7c553203dc0,4,4,True
d4267a0f-c760-4f9f-a120-7e8ad27bff84,4,4,True
d46420a0-e735-4f6a-9218-6ae241b165bb,4,4,True
93cc3801-592b-44b0-ba05-2c764185b4d5,4,4,True
e9370530-e218-4a22-906e-64362677d6e2,4,4,True
d5dd99f1-bcd8-4396-894a-62142536f959,4,4,True
46b814e7-e9ca-4359-8f31-90a003a4dc9b,4,4,True
66f9ff7e-0f43-4ea9-a718-0021eadf2697,4,4,True
182e92cc-7f1c-4993-b69d-aaede05341da,4,4,True
786f8d15-f5ce-48b4-ba1d-faecf552bb72,6,6,False
b24b8c96-cb54-4a4b-9f7a-2c45c61507f6,4,4,True
d4ce1a44-033e-4db4-9385-274c566660db,6,6,False
02d39522-1db5-4b99-ade4-8451e31c6815,8,8,False
b92af6a1-87eb-4e89-8dda-5ebe9995939c,6,8,False
ad0262e4-7835-4752-88eb-528056ad33f9,4,4,True
0d81633c-2f6f-447c-ba20-3692c9323a9d,8,8,False
2e5b46c9-6b1e-42f5-862a-aed9b9de2d84,6,8,False
2563c790-9f15-4d54-80c0-0627e8398221,4,4,True
4beb5afd-7b5a-4ead-807f-7dce44ac94ce,4,4,True
1dd5172c-8eed-4063-93fa-1535a1f89466,6,8,False
fd9a5623-2039-458b-ba27-cca82774fa6f,6,8,False
8e09c782-d849-4533-9a10-79fd4f2d1160,4,4,True
2f19b5fe-7834-464b-84cf-0bb377a70755,6,8,False
bff82f5d-2cba-4547-91ce-415560f26692,4,4,True
949165e4-4348-4e04-9252-80bf97537577,4,4,True
abeddd84-cfb9-47c7-b6d0-4000304f5d9a,3,3,False
aa365e2c-9209-4be7-b694-ff4ff48a470c,3,3,False
88659cf9-062d-42ed-a0ab-37a8595345e8,6,6,False
3c8f61f0-895d-421e-8dff-526ae7e14a96,6,8,False
c272ef0e-1937-400a-9733-0dd63ff52175,8,8,False
cf203c25-7f88-4731-ab5c-032dc86ce208,4,4,True
c83838c1-8676-433d-9dd7-af1c418575ca,4,4,True
c1709db8-9ec5-4c74-8d98-72fc9e5796e3,4,4,True
950c54d6-22c4-41ce-b275-fd17795656a9,6,8,False
58d67b85-fe6c-4754-a674-cc2a6db78e23,8,8,False
077ec586-777f-4ad1-bd7c-82e239b2c111,3,3,False
44d8cdba-0a2c-4952-bba8-fa56f6d771d7,8,8,False
50de8271-7f60-489a-8be3-754839ac5d8b,6,6,False
cd6f7c53-64ae-4ca0-8686-ce8003f58934,6,8,False
3d6425f2-10e8-4e1f-a52b-b93e5cc60025,6,8,False
66d64978-16c0-4e8d-bd32-e1c1176c253d,4,4,True
278dd73b-5ef5-43f5-8de2-4107fc890133,4,4,True
45119151-7f80-4252-864e-fcaa3f245161,4,4,True
1803c7eb-5d5b-4f1d-9a5f-705fe6a72b81,4,4,True
fc5fa47e-d478-44b3-8eef-831d0a09af64,4,4,True
7f7d6a9b-b429-48ca-81b4-1dfeb94ab32f,4,4,True
f3b0ca30-6c50-49b8-9784-f942b7f41a4a,4,4,True
b2d1a5f3-4601-4720-9c36-4be0dc58df69,8,8,False
1c1e95ba-e135-4f55-9bea-d48516d2a133,4,4,True
9d19d89f-b880-41ae-afde-5aa7318c4555,0,8,False
c94d273b-ef8b-45c2-9b27-92e89c168738,4,4,True
c2340815-aaa3-4b96-a52a-89ae71ae30e2,4,4,True
00d29a7c-aae8-4f50-ae8b-9befe5c69e1e,6,6,False
e051da1d-f39c-4e56-852c-aec0d67b370e,4,4,True
ee1d85c7-4a22-40f7-ad1f-976218777741,4,4,True
e26b6285-8a55-4102-b1fd-770bad10d8e6,4,8,True
fc0fbd14-5794-4327-a396-70e1fcde7c1f,3,3,False
7c5dcc5b-f531-48f4-b4ed-0d99a55fc082,4,4,True
38144e9c-cbe9-4b4d-af12-b28785cee1d8,8,8,False
ba01db16-31cd-4a96-bd84-f341a15f43fa,7,7,False
d2269bad-c86e-499a-8937-e2902dfa09a7,6,8,False
60d2a43e-f1d4-499e-9279-afcda838297e,6,6,False
686b681c-6269-4266-9102-0c8396bc24e4,4,4,True
4c22c09c-4f85-4621-8f2e-87920afe2552,4,4,True
09265529-69ac-48a8-8c72-91c036ae1853,6,8,False
4a897844-3455-4af3-ab1e-fe75c9c053ac,3,3,False
74a61f75-3614-4022-9ccc-04a04048334b,4,4,True
728f6981-81ad-4be6-9a9c-d058cf2c62cb,3,3,False
5e23e6c6-9686-452a-b34a-c561e1f964e2,4,4,True
713fc89c-849e-4809-8baa-f63b0b9283f7,4,4,True
cd98b6d2-1bf1-4bc2-8355-ce265f63577e,6,8,False
5d906a39-38ba-4028-af68-8c93a3534202,4,4,True
fc94c3de-2a3c-48df-9a82-e6729ce3ca9a,6,8,False
e103a642-2669-4e9e-be56-fec9978ee12d,4,4,True
9dd4915b-8001-4437-a8c1-6c791c418980,8,8,False
38bbefc9-c994-49cb-8a65-29e51982070e,6,6,False
5eef58b4-f72b-4a5a-b093-b4bb88bf38ad,4,4,True
655680d9-2694-4e5b-bf9d-67628e39f11d,8,8,False
49f5e1a0-3122-4442-9eef-24ffa3ad3047,4,4,True
e41fd259-772c-4075-8f90-d7ae58a8a6db,6,6,False
6caf79b9-e79e-4318-9d6e-9b9611d9dd1a,4,4,True
c95c5bfc-7ae2-45b2-b89b-29f79259b579,8,8,False
2cbf5e2c-d5d2-403c-a894-808dc57f5cee,4,4,True
bd4751a9-68b0-4794-8d4b-3ff7a6baea5c,6,8,False
e36fddef-425b-4194-bba8-97b1318e0619,1,1,False
e004286e-f67e-4cdc-81fd-8ac1212aa38a,4,4,True
7ca75ff0-d8f0-4413-a721-4fa19cf24aff,3,3,False
ce059f36-490f-42d6-9fc1-302ebe7cf8d9,4,4,True
6585a34f-89c8-4404-85a3-7dbe12fb5804,8,8,False
8ba7a77f-be17-4668-ac23-770247ac510f,8,8,False
7833d306-d776-41d4-85db-1c9a46616c6a,4,4,True
cbdb6245-57a5-4f24-b3e0-963872002cfb,4,4,True
c05f5235-215e-4db8-9f37-caf15724cc43,4,8,True
ac280158-9e92-4b29-9202-bf65455f7cff,8,8,False
0daded3a-09a7-4bc6-b47d-6ffb146f6631,4,4,True
3f4b8d54-d264-4c85-a66b-c89704fe60d3,4,4,True
ec9e8e87-972b-4237-b903-89eb144978b9,4,4,True
52c752df-a7b3-4d38-a6fd-bd6fdd5d647d,6,8,False
44fb09de-035b-4c27-b765-5811c91fe907,4,4,True
7c3a6f47-b0ae-4410-8f00-580a6241b261,4,4,True
9cf97c42-959d-41a4-bc59-58f1e021bf5a,4,4,True
201bf29b-321b-4952-86ed-c8c4a29dfdd1,4,4,True
85a947c4-c918-4c93-9a39-ea289ce77a42,4,4,True
2084052f-bc1f-4e69-802b-636b265cd1e3,4,4,True
8daf71f7-e479-485e-8c44-73412f5b2bea,4,4,True
85906799-2093-4ed3-854a-9bc6f7c24516,4,4,True
5d93b204-9bc1-431e-9247-85c72f50fd2a,6,8,False
019a45d7-2553-4535-b9f7-f209633bf26d,4,4,True
5ca695f7-a3c0-4bc9-856a-a6bbd5959e30,4,4,True
0e035bda-9965-43ba-b296-e8978ea0dc6d,4,4,True
a5e80239-ac11-4f97-ad07-d4517fc09523,4,8,True
e8248856-d8b7-44fb-ba99-674ee6dcffef,6,8,False
b561f0e1-ff00-4d9a-82e0-f99004dcfcfd,0,4,False
db372177-e47c-4bf1-b59a-8496124a0fd7,8,8,False
89522b38-ec60-4fef-ac67-ddf56cb9a5d2,6,6,False
e41e1942-6b15-4ee2-950e-3991b4ab1523,8,8,False
c5780a58-6604-4f22-8345-c660568c820b,4,4,True
