ratio,coverage_full,coverage_clean,coverage_random,diff_clean,diff_random
baro_vpos,0.9648318042813455,0.9587155963302753,0.9645489296636086,-0.006116207951070263,-0.0002828746177369057
gps_hpos[0],0.9571209800918836,0.9464012251148545,0.9589280245022971,-0.01071975497702915,0.0018070444104134609
gps_hpos[1],0.9617737003058104,0.9556574923547401,0.9616896024464833,-0.006116207951070374,-8.409785932717018e-05
gps_hvel[0],0.9448698315467075,0.9096477794793262,0.9468606431852987,-0.03522205206738127,0.001990811638591272
gps_hvel[1],0.9587155963302753,0.9434250764525994,0.9582262996941896,-0.015290519877675823,-0.0004892966360856565
gps_vpos,0.9525267993874426,0.9218989280245024,0.9533767228177641,-0.030627871362940207,0.0008499234303215308
gps_vvel,0.9433384379785605,0.9142419601837672,0.9425344563552835,-0.029096477794793296,-0.0008039816232769947
heading,0.9525993883792049,0.9434250764525994,0.9505963302752295,-0.00917431192660545,-0.002003058103975386
mag_field[0],0.9599332220367279,0.9599332220367279,0.9592404006677796,0.0,-0.0006928213689483265
hagl,0.9541284403669725,0.9434250764525994,0.9565214067278288,-0.010703363914373099,0.0023929663608562857
