ratio,n_cal_full,n_cal_clean,coverage_full,coverage_clean,diff
baro_vpos,656,379,0.9648318042813455,0.9587155963302753,-0.006116207951070263
gps_hpos[0],656,379,0.9571209800918836,0.9464012251148545,-0.01071975497702915
gps_hpos[1],656,379,0.9617737003058104,0.9556574923547401,-0.006116207951070374
gps_hvel[0],654,379,0.9448698315467075,0.9096477794793262,-0.03522205206738127
gps_hvel[1],654,379,0.9587155963302753,0.9434250764525994,-0.015290519877675823
gps_vpos,656,379,0.9525267993874426,0.9218989280245024,-0.030627871362940207
gps_vvel,654,379,0.9433384379785605,0.9142419601837672,-0.029096477794793296
heading,656,379,0.9525993883792049,0.9434250764525994,-0.00917431192660545
mag_field[0],616,356,0.9599332220367279,0.9599332220367279,0.0
hagl,655,379,0.9541284403669725,0.9434250764525994,-0.010703363914373099
