ratio,band,n_cal,n_test,threshold,coverage,nominal
baro_vpos,v1.12-1.13,42,43,0.12161528132855877,1.0,0.95
baro_vpos,v1.14-1.15,384,385,0.1307656764984131,0.9428571428571428,0.95
baro_vpos,v1.16+,200,199,0.08432640880346301,0.9095477386934674,0.95
gps_hpos[0],v1.12-1.13,42,43,0.06337067335844038,1.0,0.95
gps_hpos[0],v1.14-1.15,383,385,0.04613337591290394,0.935064935064935,0.95
gps_hpos[0],v1.16+,200,199,0.5600916981697096,0.9447236180904522,0.95
gps_hpos[1],v1.12-1.13,42,43,0.0003920286617358215,0.9534883720930233,0.95
gps_hpos[1],v1.14-1.15,384,385,0.012994008930400005,0.9324675324675324,0.95
gps_hpos[1],v1.16+,200,199,2.0270389080047604,0.9547738693467337,0.95
gps_hvel[0],v1.12-1.13,42,43,0.4538170039653777,1.0,0.95
gps_hvel[0],v1.14-1.15,382,384,0.12030293643474578,0.9609375,0.95
gps_hvel[0],v1.16+,200,199,0.31832491308450694,0.9798994974874372,0.95
gps_hvel[1],v1.12-1.13,42,43,0.0027330747107043862,0.9069767441860465,0.95
gps_hvel[1],v1.14-1.15,383,384,0.030851575639098853,0.9479166666666666,0.95
gps_hvel[1],v1.16+,200,199,0.2854831695556641,0.9798994974874372,0.95
gps_vpos,v1.12-1.13,42,43,1.929306149482727,1.0,0.95
gps_vpos,v1.14-1.15,383,385,0.40360152125358567,0.9454545454545454,0.95
gps_vpos,v1.16+,200,199,0.4657101541757546,0.9597989949748744,0.95
gps_vvel,v1.12-1.13,42,43,0.7033908247947692,0.9534883720930233,0.95
gps_vvel,v1.14-1.15,382,384,0.08556916862726212,0.9348958333333334,0.95
gps_vvel,v1.16+,200,199,0.18702880740165592,0.9798994974874372,0.95
heading,v1.12-1.13,42,43,3.4945795297622677,1.0,0.95
heading,v1.14-1.15,384,385,3.6361644506454422,0.9558441558441558,0.95
heading,v1.16+,200,199,2.5654616355895996,0.9597989949748744,0.95
mag_field[0],v1.12-1.13,33,40,5.492333805561062,1.0,0.95
mag_field[0],v1.14-1.15,339,343,4.811793327331543,0.9416909620991254,0.95
mag_field[0],v1.16+,200,199,5.613840150833113,0.949748743718593,0.95
hagl,v1.12-1.13,42,43,0.018423760682344435,0.9302325581395349,0.95
hagl,v1.14-1.15,383,385,0.32930320501327515,0.9558441558441558,0.95
hagl,v1.16+,200,199,0.032993193715810776,0.9447236180904522,0.95
