alpha,method,coverage,power_n2
0.01,TrackA,0.9938650306748467,0.010638297872340425
0.01,IsoForest,0.9938650306748467,0.010638297872340425
0.01,OneClassSVM,0.9923312883435583,0.010638297872340425
0.01,Autoencoder,0.9877300613496932,0.0425531914893617
0.019999999999999997,TrackA,0.9815950920245399,0.02127659574468085
0.019999999999999997,IsoForest,0.9785276073619632,0.05319148936170213
0.019999999999999997,OneClassSVM,0.9877300613496932,0.010638297872340425
0.019999999999999997,Autoencoder,0.9769938650306749,0.07446808510638298
0.03,TrackA,0.9754601226993865,0.031914893617021274
0.03,IsoForest,0.9693251533742331,0.09574468085106383
0.03,OneClassSVM,0.9723926380368099,0.06382978723404255
0.03,Autoencoder,0.9677914110429447,0.11702127659574468
0.039999999999999994,TrackA,0.9693251533742331,0.031914893617021274
0.039999999999999994,IsoForest,0.9585889570552147,0.1276595744680851
0.039999999999999994,OneClassSVM,0.9647239263803681,0.0851063829787234
0.039999999999999994,Autoencoder,0.9555214723926381,0.14893617021276595
0.049999999999999996,TrackA,0.9585889570552147,0.031914893617021274
0.049999999999999996,IsoForest,0.950920245398773,0.13829787234042554
0.049999999999999996,OneClassSVM,0.946319018404908,0.14893617021276595
0.049999999999999996,Autoencoder,0.941717791411043,0.1595744680851064
0.05999999999999999,TrackA,0.946319018404908,0.05319148936170213
0.05999999999999999,IsoForest,0.9386503067484663,0.18085106382978725
0.05999999999999999,OneClassSVM,0.9202453987730062,0.19148936170212766
0.05999999999999999,Autoencoder,0.9294478527607362,0.1702127659574468
0.06999999999999999,TrackA,0.9371165644171779,0.07446808510638298
0.06999999999999999,IsoForest,0.9355828220858896,0.18085106382978725
0.06999999999999999,OneClassSVM,0.911042944785276,0.20212765957446807
0.06999999999999999,Autoencoder,0.9202453987730062,0.19148936170212766
0.07999999999999999,TrackA,0.9340490797546013,0.0851063829787234
0.07999999999999999,IsoForest,0.9263803680981595,0.2127659574468085
0.07999999999999999,OneClassSVM,0.906441717791411,0.2127659574468085
0.07999999999999999,Autoencoder,0.9156441717791411,0.19148936170212766
0.08999999999999998,TrackA,0.9202453987730062,0.1276595744680851
0.08999999999999998,IsoForest,0.9141104294478528,0.22340425531914893
0.08999999999999998,OneClassSVM,0.901840490797546,0.22340425531914893
0.08999999999999998,Autoencoder,0.901840490797546,0.22340425531914893
0.09999999999999998,TrackA,0.9156441717791411,0.14893617021276595
0.09999999999999998,IsoForest,0.9079754601226994,0.22340425531914893
0.09999999999999998,OneClassSVM,0.9003067484662577,0.22340425531914893
0.09999999999999998,Autoencoder,0.8987730061349694,0.22340425531914893
0.10999999999999997,TrackA,0.8987730061349694,0.19148936170212766
0.10999999999999997,IsoForest,0.8987730061349694,0.23404255319148937
0.10999999999999997,OneClassSVM,0.8957055214723927,0.22340425531914893
0.10999999999999997,Autoencoder,0.897239263803681,0.23404255319148937
0.11999999999999998,TrackA,0.8941717791411044,0.2127659574468085
0.11999999999999998,IsoForest,0.8941717791411044,0.24468085106382978
0.11999999999999998,OneClassSVM,0.8926380368098159,0.23404255319148937
0.11999999999999998,Autoencoder,0.8834355828220859,0.26595744680851063
0.12999999999999998,TrackA,0.8803680981595092,0.23404255319148937
0.12999999999999998,IsoForest,0.8849693251533742,0.26595744680851063
0.12999999999999998,OneClassSVM,0.8834355828220859,0.23404255319148937
0.12999999999999998,Autoencoder,0.8819018404907976,0.26595744680851063
0.13999999999999999,TrackA,0.8711656441717791,0.24468085106382978
0.13999999999999999,IsoForest,0.8773006134969326,0.26595744680851063
0.13999999999999999,OneClassSVM,0.8634969325153374,0.2553191489361702
0.13999999999999999,Autoencoder,0.8680981595092024,0.26595744680851063
0.15,TrackA,0.8604294478527608,0.2553191489361702
0.15,IsoForest,0.8726993865030674,0.26595744680851063
0.15,OneClassSVM,0.8512269938650306,0.26595744680851063
0.15,Autoencoder,0.8588957055214724,0.26595744680851063
0.15999999999999998,TrackA,0.852760736196319,0.2978723404255319
0.15999999999999998,IsoForest,0.8604294478527608,0.26595744680851063
0.15999999999999998,OneClassSVM,0.8466257668711656,0.26595744680851063
0.15999999999999998,Autoencoder,0.843558282208589,0.2765957446808511
0.16999999999999998,TrackA,0.848159509202454,0.2978723404255319
0.16999999999999998,IsoForest,0.8558282208588956,0.2765957446808511
0.16999999999999998,OneClassSVM,0.8374233128834356,0.26595744680851063
0.16999999999999998,Autoencoder,0.838957055214724,0.2872340425531915
0.18,TrackA,0.8312883435582822,0.30851063829787234
0.18,IsoForest,0.843558282208589,0.2872340425531915
0.18,OneClassSVM,0.8190184049079754,0.26595744680851063
0.18,Autoencoder,0.8282208588957055,0.3191489361702128
0.18999999999999997,TrackA,0.8251533742331288,0.3191489361702128
0.18999999999999997,IsoForest,0.8358895705521472,0.3191489361702128
0.18999999999999997,OneClassSVM,0.8128834355828221,0.26595744680851063
0.18999999999999997,Autoencoder,0.8190184049079754,0.32978723404255317
0.19999999999999998,TrackA,0.808282208588957,0.35106382978723405
0.19999999999999998,IsoForest,0.8312883435582822,0.3191489361702128
0.19999999999999998,OneClassSVM,0.8052147239263804,0.26595744680851063
0.19999999999999998,Autoencoder,0.8052147239263804,0.35106382978723405
0.20999999999999996,TrackA,0.7960122699386503,0.3723404255319149
0.20999999999999996,IsoForest,0.8205521472392638,0.3191489361702128
0.20999999999999996,OneClassSVM,0.8021472392638037,0.2765957446808511
0.20999999999999996,Autoencoder,0.7990797546012269,0.3617021276595745
0.21999999999999997,TrackA,0.7898773006134969,0.39361702127659576
0.21999999999999997,IsoForest,0.8128834355828221,0.3191489361702128
0.21999999999999997,OneClassSVM,0.7960122699386503,0.2872340425531915
0.21999999999999997,Autoencoder,0.7975460122699387,0.3617021276595745
0.22999999999999998,TrackA,0.7760736196319018,0.4148936170212766
0.22999999999999998,IsoForest,0.7975460122699387,0.3404255319148936
0.22999999999999998,OneClassSVM,0.7898773006134969,0.2872340425531915
0.22999999999999998,Autoencoder,0.7944785276073619,0.3617021276595745
0.23999999999999996,TrackA,0.7699386503067485,0.4148936170212766
0.23999999999999996,IsoForest,0.7776073619631902,0.3617021276595745
0.23999999999999996,OneClassSVM,0.7760736196319018,0.2872340425531915
0.23999999999999996,Autoencoder,0.7852760736196319,0.3829787234042553
0.24999999999999997,TrackA,0.7622699386503068,0.4148936170212766
0.24999999999999997,IsoForest,0.7760736196319018,0.3617021276595745
0.24999999999999997,OneClassSVM,0.7745398773006135,0.2872340425531915
0.24999999999999997,Autoencoder,0.7714723926380368,0.39361702127659576
0.25999999999999995,TrackA,0.75920245398773,0.425531914893617
0.25999999999999995,IsoForest,0.7653374233128835,0.3829787234042553
0.25999999999999995,OneClassSVM,0.7484662576687117,0.2872340425531915
0.25999999999999995,Autoencoder,0.7607361963190185,0.4148936170212766
0.26999999999999996,TrackA,0.75,0.425531914893617
0.26999999999999996,IsoForest,0.7484662576687117,0.39361702127659576
0.26999999999999996,OneClassSVM,0.74079754601227,0.2872340425531915
0.26999999999999996,Autoencoder,0.7515337423312883,0.425531914893617
0.27999999999999997,TrackA,0.7392638036809815,0.44680851063829785
0.27999999999999997,IsoForest,0.7361963190184049,0.43617021276595747
0.27999999999999997,OneClassSVM,0.7101226993865031,0.32978723404255317
0.27999999999999997,Autoencoder,0.7331288343558282,0.44680851063829785
0.29,TrackA,0.7300613496932515,0.44680851063829785
0.29,IsoForest,0.7269938650306749,0.43617021276595747
0.29,OneClassSVM,0.6886503067484663,0.35106382978723405
0.29,Autoencoder,0.7254601226993864,0.44680851063829785
0.3,TrackA,0.7193251533742331,0.4574468085106383
0.3,IsoForest,0.7254601226993864,0.43617021276595747
0.3,OneClassSVM,0.6779141104294479,0.3617021276595745
0.3,Autoencoder,0.7162576687116564,0.4574468085106383
