detector,alpha,fa_rate,detection_power,k,n_top
IsolationForest,0.01,0.006134969325153374,0.0,0,65
IsolationForest,0.019999999999999997,0.02147239263803681,0.015384615384615385,1,65
IsolationForest,0.03,0.03067484662576687,0.046153846153846156,3,65
IsolationForest,0.039999999999999994,0.03987730061349693,0.06153846153846154,4,65
IsolationForest,0.049999999999999996,0.049079754601226995,0.07692307692307693,5,65
IsolationForest,0.05999999999999999,0.0598159509202454,0.09230769230769231,6,65
IsolationForest,0.06999999999999999,0.06288343558282208,0.09230769230769231,6,65
IsolationForest,0.07999999999999999,0.06748466257668712,0.09230769230769231,6,65
IsolationForest,0.08999999999999998,0.0843558282208589,0.12307692307692308,8,65
IsolationForest,0.09999999999999998,0.09049079754601227,0.12307692307692308,8,65
IsolationForest,0.10999999999999997,0.10122699386503067,0.12307692307692308,8,65
IsolationForest,0.11999999999999998,0.10736196319018405,0.12307692307692308,8,65
IsolationForest,0.12999999999999998,0.11196319018404909,0.13846153846153847,9,65
IsolationForest,0.13999999999999999,0.1196319018404908,0.15384615384615385,10,65
IsolationForest,0.15,0.12883435582822086,0.15384615384615385,10,65
IsolationForest,0.15999999999999998,0.1411042944785276,0.16923076923076924,11,65
IsolationForest,0.16999999999999998,0.14570552147239263,0.18461538461538463,12,65
IsolationForest,0.18,0.1579754601226994,0.2153846153846154,14,65
IsolationForest,0.18999999999999997,0.16411042944785276,0.23076923076923078,15,65
IsolationForest,0.19999999999999998,0.16717791411042945,0.23076923076923078,15,65
IsolationForest,0.20999999999999996,0.17638036809815952,0.24615384615384617,16,65
IsolationForest,0.21999999999999997,0.18404907975460122,0.26153846153846155,17,65
IsolationForest,0.22999999999999998,0.18711656441717792,0.26153846153846155,17,65
IsolationForest,0.23999999999999996,0.21779141104294478,0.2923076923076923,19,65
IsolationForest,0.24999999999999997,0.22392638036809817,0.3384615384615385,22,65
IsolationForest,0.25999999999999995,0.23159509202453987,0.3384615384615385,22,65
IsolationForest,0.26999999999999996,0.25306748466257667,0.4,26,65
IsolationForest,0.27999999999999997,0.26226993865030673,0.4153846153846154,27,65
IsolationForest,0.29,0.2684049079754601,0.4307692307692308,28,65
IsolationForest,0.3,0.27300613496932513,0.4307692307692308,28,65
OneClassSVM,0.01,0.007668711656441718,0.0,0,65
OneClassSVM,0.019999999999999997,0.012269938650306749,0.0,0,65
OneClassSVM,0.03,0.027607361963190184,0.015384615384615385,1,65
OneClassSVM,0.039999999999999994,0.032208588957055216,0.015384615384615385,1,65
OneClassSVM,0.049999999999999996,0.05061349693251534,0.046153846153846156,3,65
OneClassSVM,0.05999999999999999,0.07208588957055215,0.06153846153846154,4,65
OneClassSVM,0.06999999999999999,0.08128834355828221,0.07692307692307693,5,65
OneClassSVM,0.07999999999999999,0.08588957055214724,0.09230769230769231,6,65
OneClassSVM,0.08999999999999998,0.08588957055214724,0.09230769230769231,6,65
OneClassSVM,0.09999999999999998,0.09049079754601227,0.09230769230769231,6,65
OneClassSVM,0.10999999999999997,0.09815950920245399,0.09230769230769231,6,65
OneClassSVM,0.11999999999999998,0.11503067484662577,0.09230769230769231,6,65
OneClassSVM,0.12999999999999998,0.12883435582822086,0.09230769230769231,6,65
OneClassSVM,0.13999999999999999,0.13650306748466257,0.09230769230769231,6,65
OneClassSVM,0.15,0.14263803680981596,0.1076923076923077,7,65
OneClassSVM,0.15999999999999998,0.1579754601226994,0.12307692307692308,8,65
OneClassSVM,0.16999999999999998,0.17024539877300612,0.15384615384615385,10,65
OneClassSVM,0.18,0.17484662576687116,0.18461538461538463,12,65
OneClassSVM,0.18999999999999997,0.18098159509202455,0.18461538461538463,12,65
OneClassSVM,0.19999999999999998,0.1901840490797546,0.18461538461538463,12,65
OneClassSVM,0.20999999999999996,0.19478527607361965,0.18461538461538463,12,65
OneClassSVM,0.21999999999999997,0.20245398773006135,0.18461538461538463,12,65
OneClassSVM,0.22999999999999998,0.21012269938650308,0.18461538461538463,12,65
OneClassSVM,0.23999999999999996,0.2285276073619632,0.18461538461538463,12,65
OneClassSVM,0.24999999999999997,0.2392638036809816,0.18461538461538463,12,65
OneClassSVM,0.25999999999999995,0.2714723926380368,0.2153846153846154,14,65
OneClassSVM,0.26999999999999996,0.2898773006134969,0.2153846153846154,14,65
OneClassSVM,0.27999999999999997,0.299079754601227,0.2153846153846154,14,65
OneClassSVM,0.29,0.3067484662576687,0.23076923076923078,15,65
OneClassSVM,0.3,0.30828220858895705,0.23076923076923078,15,65
Autoencoder,0.01,0.007668711656441718,0.0,0,65
Autoencoder,0.019999999999999997,0.023006134969325152,0.015384615384615385,1,65
Autoencoder,0.03,0.029141104294478526,0.046153846153846156,3,65
Autoencoder,0.039999999999999994,0.04294478527607362,0.09230769230769231,6,65
Autoencoder,0.049999999999999996,0.05368098159509203,0.09230769230769231,6,65
Autoencoder,0.05999999999999999,0.06901840490797546,0.09230769230769231,6,65
Autoencoder,0.06999999999999999,0.07975460122699386,0.1076923076923077,7,65
Autoencoder,0.07999999999999999,0.08588957055214724,0.1076923076923077,7,65
Autoencoder,0.08999999999999998,0.0950920245398773,0.1076923076923077,7,65
Autoencoder,0.09999999999999998,0.09815950920245399,0.12307692307692308,8,65
Autoencoder,0.10999999999999997,0.10276073619631902,0.13846153846153847,9,65
Autoencoder,0.11999999999999998,0.1165644171779141,0.15384615384615385,10,65
Autoencoder,0.12999999999999998,0.12116564417177914,0.15384615384615385,10,65
Autoencoder,0.13999999999999999,0.12269938650306748,0.15384615384615385,10,65
Autoencoder,0.15,0.13957055214723926,0.16923076923076924,11,65
Autoencoder,0.15999999999999998,0.15337423312883436,0.16923076923076924,11,65
Autoencoder,0.16999999999999998,0.16257668711656442,0.16923076923076924,11,65
Autoencoder,0.18,0.16717791411042945,0.18461538461538463,12,65
Autoencoder,0.18999999999999997,0.1794478527607362,0.24615384615384617,16,65
Autoencoder,0.19999999999999998,0.19171779141104295,0.26153846153846155,17,65
Autoencoder,0.20999999999999996,0.20398773006134968,0.26153846153846155,17,65
Autoencoder,0.21999999999999997,0.20705521472392638,0.26153846153846155,17,65
Autoencoder,0.22999999999999998,0.2116564417177914,0.2923076923076923,19,65
Autoencoder,0.23999999999999996,0.21779141104294478,0.3230769230769231,21,65
Autoencoder,0.24999999999999997,0.2254601226993865,0.3230769230769231,21,65
Autoencoder,0.25999999999999995,0.2392638036809816,0.36923076923076925,24,65
Autoencoder,0.26999999999999996,0.25,0.4153846153846154,27,65
Autoencoder,0.27999999999999997,0.26226993865030673,0.4461538461538462,29,65
Autoencoder,0.29,0.26993865030674846,0.4461538461538462,29,65
Autoencoder,0.3,0.2822085889570552,0.4461538461538462,29,65
PX4_threshold,0.01,0.0,0.0,0,65
PX4_threshold,0.019999999999999997,0.018404907975460124,0.0,0,65
PX4_threshold,0.03,0.02607361963190184,0.0,0,65
PX4_threshold,0.039999999999999994,0.03680981595092025,0.0,0,65
PX4_threshold,0.049999999999999996,0.046012269938650305,0.0,0,65
PX4_threshold,0.05999999999999999,0.05521472392638037,0.015384615384615385,1,65
PX4_threshold,0.06999999999999999,0.0598159509202454,0.015384615384615385,1,65
PX4_threshold,0.07999999999999999,0.06748466257668712,0.015384615384615385,1,65
PX4_threshold,0.08999999999999998,0.0843558282208589,0.06153846153846154,4,65
PX4_threshold,0.09999999999999998,0.09049079754601227,0.07692307692307693,5,65
PX4_threshold,0.10999999999999997,0.09355828220858896,0.07692307692307693,5,65
PX4_threshold,0.11999999999999998,0.10122699386503067,0.07692307692307693,5,65
PX4_threshold,0.12999999999999998,0.10889570552147239,0.1076923076923077,7,65
PX4_threshold,0.13999999999999999,0.12576687116564417,0.15384615384615385,10,65
PX4_threshold,0.15,0.13650306748466257,0.18461538461538463,12,65
PX4_threshold,0.15999999999999998,0.13957055214723926,0.18461538461538463,12,65
PX4_threshold,0.16999999999999998,0.15644171779141106,0.2,13,65
PX4_threshold,0.18,0.16104294478527606,0.2,13,65
PX4_threshold,0.18999999999999997,0.17484662576687116,0.23076923076923078,15,65
PX4_threshold,0.19999999999999998,0.18098159509202455,0.23076923076923078,15,65
PX4_threshold,0.20999999999999996,0.19171779141104295,0.23076923076923078,15,65
PX4_threshold,0.21999999999999997,0.200920245398773,0.26153846153846155,17,65
PX4_threshold,0.22999999999999998,0.20398773006134968,0.27692307692307694,18,65
PX4_threshold,0.23999999999999996,0.21012269938650308,0.3076923076923077,20,65
PX4_threshold,0.24999999999999997,0.21012269938650308,0.3076923076923077,20,65
PX4_threshold,0.25999999999999995,0.21932515337423314,0.35384615384615387,23,65
PX4_threshold,0.26999999999999996,0.23159509202453987,0.4,26,65
PX4_threshold,0.27999999999999997,0.24079754601226994,0.4153846153846154,27,65
PX4_threshold,0.29,0.2469325153374233,0.4153846153846154,27,65
PX4_threshold,0.3,0.25306748466257667,0.4153846153846154,27,65
