ratio,n_cal,n_test,coverage,detection_n2,detection_n3
baro_vpos,626,627,0.9330143540669856,0.1485148514851485,0.28
gps_hpos[0],625,627,0.9569377990430622,0.1188118811881188,0.2
gps_hpos[1],626,627,0.9457735247208932,0.10891089108910891,0.16
gps_hvel[0],624,626,0.9616613418530351,0.10891089108910891,0.2
gps_hvel[1],625,626,0.950479233226837,0.1188118811881188,0.28
gps_vpos,625,627,0.9553429027113237,0.0891089108910891,0.12
gps_vvel,624,626,0.9568690095846646,0.0891089108910891,0.24
heading,626,627,0.960127591706539,0.0594059405940594,0.08
mag_field[0],572,582,0.9484536082474226,0.08421052631578947,0.16666666666666666
hagl,625,627,0.9521531100478469,0.07920792079207921,0.04
