log_id,parse_ok,n_topics,has_position,has_attitude,has_status,has_imu,has_actuator,has_att_sp,has_rates_sp,has_battery,has_ekf_innov,has_land_det,has_ekf_ratios,src_ekf_ratios,rate_position,rate_attitude,rate_ratios,rate_position_ok,rate_attitude_ok,duration_s,duration_ok,dropout_frac,dropout_ok,airborne_s,airborne_ok,sys_autostart,topics_ok,rates_ok
02275f67-25f6-4f5f-a1df-f98cd3cbf855,True,56,True,True,True,True,True,True,True,True,True,True,True,estimator_innovation_test_ratios,9.42,187.18,1.89,True,True,90.1,True,0.058868,False,0.0,False,4001,True,True
024a04cb-a3b9-4282-a90c-f0178c3467ad,True,74,True,True,True,True,True,True,True,False,True,True,True,estimator_innovation_test_ratios,10.01,191.83,2.0,True,True,69.0,True,0.000145,True,62.2,True,4001,False,True
02dd3b50-d121-426a-823d-a3fb98425c05,True,31,True,True,True,True,True,True,True,True,True,True,True,estimator_status(legacy),9.71,30.98,0.0,True,True,507.0,True,0.010746,False,503.8,True,4011,True,True
02e832bc-43a8-4fb2-93b1-a6fb53df3bea,True,71,True,True,True,True,True,True,True,True,True,True,True,estimator_innovation_test_ratios,10.01,198.26,2.01,True,True,112.8,True,0.0,True,110.2,True,4011,True,True
03f43eef-c455-4d9a-8dd3-d6e54ecb154d,True,73,True,True,True,True,True,True,True,True,True,True,True,estimator_innovation_test_ratios,10.0,20.0,2.0,True,True,945.5,True,0.0,True,938.7,True,4001,True,True
043fd24e-3bc0-4ebe-90d5-1e806dd155fd,True,63,True,True,True,True,True,True,True,True,True,True,True,estimator_innovation_test_ratios,10.01,20.01,2.0,True,True,69.7,True,0.0,True,61.6,True,4001,True,True
05d97c11-5455-4383-bdc1-a996287aa61a,True,72,True,True,True,True,True,True,True,True,True,True,True,estimator_innovation_test_ratios,10.02,20.01,2.0,True,True,66.8,True,0.0,True,61.5,True,4001,True,True
06703e4e-55a6-42c5-8aab-bb51dab82a24,True,85,True,True,True,True,True,True,True,True,True,True,True,estimator_innovation_test_ratios,9.73,194.56,1.95,True,True,188.4,True,0.027758,False,59.5,True,4001,True,True
0a153927-bc19-4e65-b13d-aab192c4d407,True,26,True,True,True,True,True,True,True,True,True,True,True,estimator_status(legacy),9.31,29.81,0.0,True,True,486.5,True,0.052904,False,482.6,True,4011,True,True
0ab3ca07-0783-4e13-8747-bab39f46e013,True,69,True,True,True,True,True,True,True,True,True,True,True,estimator_innovation_test_ratios,10.01,20.01,2.0,True,True,143.7,True,0.0,True,136.0,True,4001,True,True
0b9d71df-51aa-415d-87fb-26d7f13152bf,True,38,False,True,True,True,True,False,True,True,False,True,False,,0.0,196.36,0.0,False,True,117.3,True,0.206986,False,0.0,False,4050,False,False
0f6aebf2-d038-4b4d-8247-f49692c13342,True,62,True,True,True,True,True,True,True,True,True,True,True,estimator_innovation_test_ratios,9.98,208.99,1.98,True,True,61.4,True,0.003338,True,55.1,True,4001,True,True
10918921-943f-481d-9e4c-f34fb705791b,True,74,True,True,True,True,True,True,True,True,True,True,True,estimator_innovation_test_ratios,10.0,20.0,2.0,True,True,336.6,True,0.0,True,329.3,True,4001,True,True
118ca8f4-7c23-4f0c-9d10-c47925b8a323,True,73,True,True,True,True,True,True,True,True,True,True,True,estimator_innovation_test_ratios,124.93,249.78,99.99,True,True,127.0,True,0.000945,True,122.9,True,4001,True,True
1270d499-1352-4db7-8b05-b8ee4d7e11a5,True,71,True,True,True,True,True,True,True,True,True,True,True,estimator_innovation_test_ratios,10.0,20.0,2.0,True,True,595.7,True,2.2e-05,True,593.6,True,4990,True,True
1334f070-62e5-4af5-982e-f748e2dbbcf2,True,68,True,True,True,True,True,True,True,True,True,True,True,estimator_innovation_test_ratios,9.97,19.93,1.99,True,True,1029.9,True,0.0,True,237.5,True,1004001,True,True
13383be3-2d0c-4041-b3fe-9dc8aaaf77f3,True,97,True,True,True,True,True,True,True,True,True,True,True,estimator_innovation_test_ratios,10.0,20.0,2.0,True,True,1065.4,True,0.0,True,929.3,True,4001,True,True
14c1efe4-310e-4425-8120-02ab5dcbcc29,True,80,True,True,True,True,True,True,True,True,True,True,True,estimator_innovation_test_ratios,9.78,236.84,1.96,True,True,73.6,True,0.026119,False,62.0,True,4001,True,True
163bfd44-e390-490a-8749-6322c7a454fe,True,67,True,True,True,True,True,True,True,True,True,True,True,estimator_innovation_test_ratios,10.0,20.0,2.0,True,True,269.3,True,0.0,True,260.5,True,4001,True,True
188803a1-aaf7-44e9-a630-c59afb7306b2,True,73,True,True,True,True,True,True,True,True,True,True,True,estimator_innovation_test_ratios,9.98,219.54,2.0,True,True,648.0,True,0.0,True,643.2,True,4001,True,True
199d5499-d5f1-40af-92ca-af9e8d3c99e2,True,78,True,True,True,True,True,True,True,True,True,True,True,estimator_innovation_test_ratios,10.0,20.0,2.0,True,True,272.6,True,0.0,True,265.8,True,4001,True,True
1b8b70fa-125b-4ad9-b818-e283ff46faec,True,83,True,True,True,True,True,True,True,True,True,True,True,estimator_innovation_test_ratios,10.01,20.01,2.0,True,True,113.1,True,0.0,True,110.7,True,4001,True,True
1fd03562-6f0e-4b0a-991b-2f57a4f1f64a,True,62,True,True,True,True,True,True,True,True,True,True,True,estimator_innovation_test_ratios,10.01,20.01,2.0,True,True,122.4,True,0.0,True,119.9,True,4001,True,True
1fff8320-09c3-409c-9ac0-ad4ff06986c5,True,29,True,True,True,True,True,True,True,True,True,True,True,estimator_status(legacy),9.69,31.17,0.0,True,True,319.0,True,0.014312,False,274.6,True,4011,True,True
223566f3-2f33-4018-9c13-75d6925124d0,True,65,True,True,True,True,True,True,True,True,True,True,True,estimator_innovation_test_ratios,10.01,20.01,2.0,True,True,65.0,True,0.0,True,62.4,True,4001,True,True
2345ec45-ba61-41c9-86dc-1c2a9cc96384,True,25,True,True,True,True,True,True,True,True,True,False,True,estimator_status(legacy),9.84,31.6,0.0,True,True,319.0,True,0.000539,True,319.0,True,1001,False,True
23e5f9b2-0b7e-4238-bcf2-e141a2fc2d49,True,75,True,True,True,True,True,True,True,True,True,True,True,estimator_innovation_test_ratios,10.0,20.0,2.0,True,True,928.1,True,0.0,True,669.6,True,4001,True,True
260c9d48-8083-43f9-b6fa-d10e4779d371,True,74,True,True,True,True,True,True,True,True,True,True,True,estimator_innovation_test_ratios,10.0,20.0,2.0,True,True,210.0,True,0.0,True,207.5,True,4001,True,True
26f720a6-ff6e-4a7d-9d68-5690b22e5432,True,79,True,True,True,True,True,True,True,True,True,True,True,estimator_innovation_test_ratios,108.02,269.01,108.24,True,True,96.6,True,0.0,True,88.8,True,10016,True,True
27fbc1b8-b15f-4406-98a6-ca6dd5578620,True,63,True,True,True,True,True,True,True,True,True,True,True,estimator_innovation_test_ratios,9.77,243.43,1.97,True,True,91.1,True,0.026554,False,85.4,True,4001,True,True
29377ae8-ebc6-481e-9871-5d760e3b41fb,True,76,True,True,True,True,True,True,True,True,True,True,True,estimator_innovation_test_ratios,10.01,20.01,2.0,True,True,78.5,True,0.0,True,74.8,True,4001,True,True
295a5cb7-70fa-4159-86fd-fd4164a2a740,True,74,True,True,True,True,True,True,True,True,True,True,True,estimator_innovation_test_ratios,10.01,164.18,2.0,True,True,60.2,True,0.0,True,55.3,True,4001,True,True
2a01d217-0b89-45b5-a3c2-7ac6eacfdc1d,True,41,True,True,True,True,True,False,False,True,True,True,True,estimator_innovation_test_ratios,49.99,50.0,5.01,True,True,82.2,True,0.000389,True,15.3,False,5001,False,True
2a47aa10-9151-4b6b-9b02-acce9b36b5fd,True,82,True,True,True,True,True,True,True,True,True,True,True,estimator_innovation_test_ratios,10.01,20.01,2.0,True,True,101.1,True,0.0,True,96.0,True,4019,True,True
2a5bf0a4-97b6-427a-9bdc-f4a45ac52795,True,74,True,True,True,True,True,True,True,False,True,True,True,estimator_innovation_test_ratios,9.99,135.95,2.0,True,True,114.0,True,0.002517,True,105.3,True,4001,False,True
2ac3b70f-f004-43f2-8316-c3f7bdc6b1a1,True,27,True,True,True,True,True,True,True,True,True,True,True,estimator_status(legacy),9.48,30.43,0.0,True,True,672.9,True,0.035709,False,669.0,True,4011,True,True
2dc064b7-0f48-4c29-97d3-e8b09615375a,True,45,True,True,True,True,True,True,True,True,True,True,True,estimator_innovation_test_ratios,10.0,20.01,5.01,True,True,193.3,True,0.0,True,189.6,True,4011,True,True
2ea33ffb-eed2-4ba7-8d58-208df479096f,True,68,True,True,True,True,True,True,True,True,True,True,True,estimator_innovation_test_ratios,10.0,20.0,2.0,True,True,776.7,True,0.0,True,673.2,True,4052,True,True
2f75b358-8806-472b-a786-b66913f01fc3,True,30,True,True,True,True,True,True,True,True,True,True,True,estimator_status(legacy),9.8,31.43,0.0,True,True,490.6,True,0.003661,True,487.2,True,4011,True,True
305ee619-2efe-4ee4-8e4f-138b75e30297,True,78,True,True,True,True,True,True,True,True,True,True,True,estimator_innovation_test_ratios,10.02,20.01,2.0,True,True,67.2,True,0.0,True,63.8,True,4001,True,True
33722454-bd76-4e48-9d83-afae19163524,True,74,True,True,True,True,True,True,False,True,True,True,True,estimator_innovation_test_ratios,10.01,200.0,2.0,True,True,171.3,True,0.0,True,169.6,True,4001,False,True
35462fae-502e-4b36-b1e6-75c60dbeaee5,True,61,True,True,True,True,True,True,True,False,True,True,True,estimator_innovation_test_ratios,10.0,20.0,2.0,True,True,323.3,True,0.0,True,316.3,True,4001,False,True
37064c01-ad9b-4a42-a8df-dcc11268dbf9,True,74,True,True,True,True,True,True,True,True,True,True,True,estimator_innovation_test_ratios,10.0,20.0,2.0,True,True,600.7,True,0.0,True,252.6,True,4001,True,True
37ee7082-10d8-4616-b1cd-c209e956c855,True,33,True,True,True,True,True,False,False,True,True,True,True,estimator_innovation_test_ratios,5.0,5.0,2.0,True,False,307.8,True,0.000374,True,277.6,True,4998,False,False
38dfa700-83bd-4164-ab56-e4b077d27de9,True,82,True,True,True,True,True,True,True,False,True,True,True,estimator_innovation_test_ratios,9.92,19.83,1.98,True,True,164.0,True,0.0,True,158.7,True,4001,False,True
39f79371-fb9a-4d6a-a862-2fe29ef8e6d8,True,30,True,True,True,True,True,True,True,True,True,True,True,estimator_status(legacy),9.84,31.63,0.0,True,True,76.9,True,0.0,True,74.7,True,4001,True,True
3a9dbf3d-0959-4cea-b235-778c6d19e0f9,True,87,True,True,True,True,True,True,True,True,True,True,True,estimator_innovation_test_ratios,10.02,222.19,2.0,True,True,62.2,True,0.0,True,57.3,True,4050,True,True
3cbc498a-2d82-473f-bb1b-5d6a2378fb06,True,71,True,True,True,True,True,True,True,True,True,True,True,estimator_innovation_test_ratios,9.93,19.63,1.99,True,True,599.7,True,0.0,True,97.9,True,4065,True,True
3e230c59-f70b-437e-9dee-1106305dfb9f,True,32,True,True,True,True,True,True,True,True,True,True,True,estimator_status(legacy),9.35,237.28,0.0,True,True,61.6,True,0.050372,False,55.0,True,4011,True,True
3ee8681a-d38a-41d5-bc70-583cd53dd1a4,True,64,True,True,True,True,True,True,True,True,True,True,True,estimator_innovation_test_ratios,10.01,20.01,2.0,True,True,110.0,True,0.0,True,107.2,True,4001,True,True
3ffdb985-47cc-4fd1-9569-1b4487eca695,True,77,True,True,True,True,True,True,True,True,True,True,True,estimator_innovation_test_ratios,10.01,20.01,2.0,True,True,135.8,True,0.0,True,130.6,True,4001,True,True
4067c117-7227-47da-9158-f07075bca344,True,84,True,True,True,True,True,True,True,True,True,True,True,estimator_innovation_test_ratios,125.0,250.0,100.0,True,True,166.6,True,0.0,True,142.9,True,4001,True,True
43aaf866-3165-4d25-a83b-f9a5a4915216,True,71,True,True,True,True,True,True,True,True,True,True,True,estimator_innovation_test_ratios,10.01,20.01,2.0,True,True,84.0,True,0.0,True,79.2,True,4019,True,True
43dc4086-5e2d-4a65-8552-97f1b4676794,True,67,True,True,True,True,True,True,True,True,True,True,True,estimator_innovation_test_ratios,10.0,20.0,2.0,True,True,768.2,True,0.0,True,758.0,True,4001,True,True
452126c9-2d2b-445a-9e0f-133658b14da1,True,84,True,True,True,True,True,True,True,True,True,True,True,estimator_innovation_test_ratios,9.99,19.98,2.0,True,True,703.3,True,0.001086,True,696.4,True,4001,True,True
4527b49f-afa9-4441-bf1d-7b9bc97bd63b,True,44,True,True,True,True,True,True,False,True,True,True,True,estimator_innovation_test_ratios,24.95,24.94,2.0,True,True,680.6,True,0.002167,True,0.0,False,4001,False,True
4552b22c-4ab4-41a4-adfd-1b3870ec87c8,True,72,True,True,True,True,True,True,True,True,True,True,True,estimator_innovation_test_ratios,10.0,20.0,2.0,True,True,482.6,True,0.0,True,417.4,True,4065,True,True
4580509c-5884-4e92-a25a-3852f181020d,True,87,True,True,True,True,True,True,True,True,True,True,True,estimator_innovation_test_ratios,125.0,250.0,100.01,True,True,71.5,True,0.0,True,69.5,True,10040,True,True
458dc5f3-3afb-4d93-aa79-693b2bc4cb26,True,52,True,True,True,True,True,True,True,True,True,True,True,estimator_innovation_test_ratios,10.0,19.96,5.0,True,True,169.7,True,0.007206,True,150.8,True,4001,True,True
480d4ad1-611a-4184-a00b-7c800168a1a9,True,82,True,True,True,True,True,True,True,True,True,True,True,estimator_innovation_test_ratios,10.01,201.35,2.0,True,True,66.4,True,0.0,True,62.3,True,4001,True,True
492d7c06-a77c-47a3-a5cc-64fcfc74df33,True,78,True,True,True,True,True,True,True,True,True,True,True,estimator_innovation_test_ratios,125.0,249.99,100.0,True,True,138.0,True,0.0,True,133.2,True,4001,True,True
4b4b5350-4ed2-446c-a261-23c2dcc7911c,True,64,True,True,True,True,True,True,True,True,True,True,True,estimator_innovation_test_ratios,10.01,20.01,2.0,True,True,72.3,True,0.0,True,63.9,True,4052,True,True
4d82e666-d865-4056-a184-3b39dc3b605d,True,56,True,True,True,True,True,True,True,True,True,True,True,estimator_innovation_test_ratios,10.0,20.0,2.0,True,True,163.7,True,0.0,True,159.7,True,4001,True,True
4daa6544-33f9-471b-af85-662e11a96add,True,28,True,True,True,True,True,True,True,True,True,True,True,estimator_status(legacy),9.84,31.64,0.0,True,True,184.4,True,0.000624,True,173.1,True,4011,True,True
4e5a127a-ebea-4ed8-8966-0e3c54397fd1,True,71,True,True,True,True,True,True,True,True,True,True,True,estimator_innovation_test_ratios,1.14,2.28,0.23,False,False,652.8,True,0.86987,False,610.0,True,4009,True,False
512d17da-9e2c-4059-b1dd-cfce948c7a64,True,66,True,True,True,True,True,True,True,True,True,True,True,estimator_innovation_test_ratios,10.01,20.01,2.0,True,True,81.9,True,0.0,True,78.0,True,4001,True,True
51ad1a33-155e-4a2b-a6a2-ee18aec8c32a,True,65,True,True,True,True,True,True,True,True,True,True,True,estimator_innovation_test_ratios,10.01,160.32,2.0,True,True,151.2,True,0.0,True,146.5,True,4050,True,True
541e0eec-036c-4934-8cac-1d8aef03ed58,True,83,True,True,True,True,True,True,True,True,True,True,True,estimator_innovation_test_ratios,10.0,160.95,2.0,True,True,243.7,True,0.000156,True,240.3,True,4001,True,True
54f0c926-14eb-47de-a996-6a0ee3f33710,True,50,True,True,True,True,True,True,True,True,True,True,True,estimator_innovation_test_ratios,9.8,18.95,4.93,True,True,472.5,True,0.0,True,467.1,True,4011,True,True
5665cbee-78e1-4726-ae8f-c944c177e776,True,80,True,True,True,True,True,True,True,True,True,True,True,estimator_innovation_test_ratios,10.0,20.0,2.0,True,True,239.9,True,0.0,True,233.9,True,4002,True,True
567beb2c-9788-4bd9-8a16-ed9eb1fb2270,True,28,True,True,True,True,True,True,True,True,True,True,True,estimator_status(legacy),9.6,30.87,0.0,True,True,587.5,True,0.01905,False,584.4,True,4011,True,True
57d4e767-cc6a-4e8f-91cd-128866cd2dbb,True,71,True,True,True,True,True,True,True,True,True,True,True,estimator_innovation_test_ratios,10.01,20.01,2.0,True,True,124.2,True,0.0,True,118.8,True,4001,True,True
57fe4d17-b404-46f8-a6d1-dab61bae203d,True,62,True,True,True,True,True,True,True,True,True,True,True,estimator_innovation_test_ratios,10.0,19.99,2.0,True,True,210.0,True,0.000429,True,205.1,True,4015,True,True
5b5a56f6-a76e-47cc-9369-572b46132b75,True,66,True,True,True,True,True,True,True,True,True,True,True,estimator_innovation_test_ratios,10.01,20.01,2.0,True,True,125.3,True,0.0,True,115.7,True,4001,True,True
5ce1dcae-b2dd-4314-a962-54febf20a35b,True,83,True,True,True,True,True,True,True,True,True,True,True,estimator_innovation_test_ratios,10.0,20.0,2.0,True,True,315.0,True,0.000225,True,304.5,True,4001,True,True
5d633275-3788-4c2d-9ff5-a788f59ca7c8,True,65,True,True,True,True,True,True,True,True,True,True,True,estimator_innovation_test_ratios,10.0,20.0,2.0,True,True,805.8,True,5.5e-05,True,795.1,True,4001,True,True
5ddc99fb-f35e-4815-a3a1-b87dc8e34d79,True,73,True,True,True,True,True,True,True,True,True,True,True,estimator_innovation_test_ratios,9.98,199.02,2.0,True,True,112.0,True,0.002805,True,107.0,True,4015,True,True
5eb89340-6a56-4f7f-9b93-c9270bba44ca,True,72,True,True,True,True,True,True,True,True,True,True,True,estimator_innovation_test_ratios,10.01,20.01,2.0,True,True,76.1,True,0.0,True,71.3,True,1111,True,True
5fd79cc7-e9a7-40ac-a2e7-c59b7e80ec5a,True,69,True,True,True,True,True,True,True,True,True,True,True,estimator_innovation_test_ratios,10.01,20.01,2.0,True,True,71.3,True,0.0,True,64.8,True,4001,True,True
61169752-68dc-4449-94ea-ff420a2df031,True,24,True,True,True,True,True,True,True,True,True,True,True,estimator_status(legacy),10.01,4.01,0.0,True,False,81.9,True,0.0,True,0.0,False,4165,True,False
61c5c142-6433-42f2-8a3c-0f830fb29e13,True,89,True,True,True,True,True,True,True,True,True,True,True,estimator_innovation_test_ratios,10.0,20.0,2.0,True,True,384.8,True,0.0,True,379.7,True,4019,True,True
6582c02c-464c-499e-8e48-a92e9fb8bbb7,True,32,True,True,True,True,True,True,True,True,True,True,True,estimator_status(legacy),9.8,31.3,0.0,True,True,91.1,True,0.0,True,87.4,True,4011,True,True
66c622db-c9dc-477d-90e7-ed7b7e169fe0,True,68,True,True,True,True,True,True,True,False,True,True,True,estimator_innovation_test_ratios,10.0,122.45,2.0,True,True,396.3,True,0.000146,True,394.3,True,4001,False,True
6770739a-e24a-43db-8b25-f589e2951cf7,True,75,True,True,True,True,True,True,True,True,True,True,True,estimator_innovation_test_ratios,91.79,176.87,1.85,True,True,342.5,True,0.08384,False,125.7,True,4001,True,True
680683b8-1856-4912-b956-38703f1d7b07,True,78,True,True,True,True,True,True,True,True,True,True,True,estimator_innovation_test_ratios,122.57,239.81,99.93,True,True,232.1,True,0.0,True,227.3,True,4001,True,True
6b6b1ec5-9551-44f6-8e8a-7f2ba7b82bc0,True,32,True,True,True,True,True,True,True,True,True,True,True,estimator_status(legacy),9.81,31.49,0.0,True,True,325.2,True,0.003081,True,319.0,True,4011,True,True
6e9570f9-b043-4b72-9e5e-4167bfbb6e61,True,83,True,True,True,True,True,True,True,True,True,True,True,estimator_innovation_test_ratios,124.99,249.96,100.01,True,True,79.7,True,0.0,True,55.9,True,4001,True,True
6f50f939-7c97-47c8-8de1-74f8b8bcf8dc,True,68,True,True,True,True,True,True,True,True,True,True,True,estimator_innovation_test_ratios,10.0,20.0,2.0,True,True,702.2,True,0.0,True,699.1,True,5206,True,True
707e858b-dfab-4bd3-b7e0-c3f1150f8cae,True,34,True,True,True,True,True,True,True,True,True,True,True,estimator_status(legacy),9.85,31.75,0.0,True,True,95.9,True,0.0,True,63.3,True,4010,True,True
75eb29d0-ae32-448d-9e9d-77c78f328484,True,61,True,True,True,True,True,True,True,True,True,True,True,estimator_innovation_test_ratios,9.85,98.35,1.96,True,True,461.5,True,0.016471,False,441.5,True,4050,True,True
7657500e-938b-4e0c-b1ff-819e4da8d23a,True,70,True,True,True,True,True,True,True,True,True,True,True,estimator_innovation_test_ratios,10.0,20.0,2.0,True,True,333.2,True,0.0,True,328.6,True,4001,True,True
76f596d5-4034-48bc-9d18-25444d64feae,True,71,True,True,True,True,True,True,True,True,True,True,True,estimator_innovation_test_ratios,9.96,19.92,2.0,True,True,230.6,True,0.004518,True,214.0,True,4009,True,True
79e19cd4-5180-4171-aaba-fc5e870b8d4b,True,70,True,True,True,True,True,True,True,True,True,True,True,estimator_innovation_test_ratios,10.0,20.0,2.0,True,True,393.6,True,0.0,True,387.8,True,4001,True,True
79eb82a3-0fdc-47b2-9f40-c36c3ee9ec3c,True,54,True,True,True,True,True,True,True,True,True,True,True,estimator_innovation_test_ratios,10.01,20.02,2.0,True,True,62.1,True,0.0,True,58.2,True,4001,True,True
7b28d17d-7f7d-4da4-bc4b-62f25ed5635d,True,85,True,True,True,True,True,True,True,True,True,True,True,estimator_innovation_test_ratios,10.01,20.01,2.0,True,True,183.9,True,0.0,True,177.4,True,4001,True,True
7b5360fd-4105-4808-9762-690e742ce314,True,69,True,True,True,True,True,True,True,True,True,True,True,estimator_innovation_test_ratios,10.01,199.29,2.0,True,True,116.1,True,0.0,True,108.9,True,4001,True,True
7bf1bb8b-5eca-49b0-bdcf-6ab778398b2b,True,27,True,True,True,True,True,True,True,True,True,True,True,estimator_status(legacy),9.72,31.12,0.0,True,True,563.4,True,0.00951,True,559.7,True,4011,True,True
7d117f83-bbfc-4846-a738-e821b6185cec,True,75,True,True,True,True,True,True,True,True,True,True,True,estimator_innovation_test_ratios,9.94,19.88,1.99,True,True,317.7,True,0.006081,True,313.0,True,4001,True,True
7d2471bc-f857-47b0-a54f-9a5cbf530465,True,74,True,True,True,True,True,True,True,True,True,True,True,estimator_innovation_test_ratios,10.01,172.62,2.0,True,True,87.5,True,0.0,True,0.0,False,4001,True,True
7d34c9ff-e489-4f66-848e-b98dc011fc13,True,94,True,True,True,True,True,True,True,True,True,True,True,estimator_innovation_test_ratios,9.91,197.81,0.99,True,True,181.3,True,0.009107,True,79.6,True,4001,True,True
7d410c82-ffd0-49c8-a628-961130d9413e,True,73,True,True,True,True,True,True,True,True,True,True,True,estimator_innovation_test_ratios,10.02,191.44,2.0,True,True,68.7,True,0.0,True,59.7,True,4001,True,True
7d86d5ab-9958-4c9d-b8c7-761a67781f31,True,82,True,True,True,True,True,True,True,True,True,True,True,estimator_innovation_test_ratios,10.0,19.99,2.0,True,True,94.0,True,0.001011,True,89.2,True,4001,True,True
7dc3bd7a-586e-4476-90be-1862cd31c9bf,True,75,True,True,True,True,True,True,True,True,True,True,True,estimator_innovation_test_ratios,125.0,250.0,125.0,True,True,90.6,True,0.0,True,45.4,True,10040,True,True
7e2f1eac-2eff-4f3e-b5c5-53ad85cec56f,True,30,True,True,True,True,True,True,True,True,True,True,True,estimator_status(legacy),9.82,31.54,0.0,True,True,307.4,True,0.0,True,304.4,True,4011,True,True
7f1c4197-60f4-4943-b983-3de0e0ed9d82,True,71,True,True,True,True,True,True,True,True,True,True,True,estimator_innovation_test_ratios,10.01,20.01,2.0,True,True,99.6,True,0.0,True,94.8,True,4019,True,True
812311c9-63c9-4081-adab-813f20697100,True,79,True,True,True,True,True,True,True,True,True,True,True,estimator_innovation_test_ratios,9.76,195.45,1.95,True,True,120.2,True,0.025434,False,117.5,True,4001,True,True
833be950-8ecc-486e-9355-b18bc70c624b,True,93,True,True,True,True,True,True,True,True,True,True,True,estimator_innovation_test_ratios,10.0,20.0,2.0,True,True,888.2,True,0.0,True,126.3,True,4500,True,True
84c7cb1c-2d7b-4ec2-be0e-e3a7e4c5eba5,True,70,True,True,True,True,True,True,True,True,True,True,True,estimator_innovation_test_ratios,9.97,202.49,2.0,True,True,193.2,True,0.002515,True,186.1,True,4019,True,True
85288c72-732f-4ab6-bf32-218b7093823b,True,75,True,True,True,True,True,True,True,True,True,True,True,estimator_innovation_test_ratios,10.0,20.0,2.0,True,True,246.9,True,0.0,True,239.1,True,4001,True,True
854b4bb2-9394-4267-a988-109240963c57,True,62,True,True,True,True,True,True,True,True,True,True,True,estimator_innovation_test_ratios,10.01,20.01,2.0,True,True,92.7,True,0.0,True,89.5,True,4001,True,True
8615cf13-1131-4738-87b5-6f1e0b44e258,True,72,True,True,True,True,True,True,True,True,True,True,True,estimator_innovation_test_ratios,10.01,189.41,2.0,True,True,114.1,True,0.0,True,110.7,True,4001,True,True
86bb1964-859c-41a8-9292-ee5dbd8029d1,True,61,True,True,True,True,True,True,True,True,True,True,True,estimator_innovation_test_ratios,10.0,246.83,2.0,True,True,100.7,True,0.001282,True,97.6,True,4050,True,True
8a6018bb-2640-4700-8771-fde4e3c40fda,True,63,True,True,True,True,True,True,True,True,True,True,True,estimator_innovation_test_ratios,10.01,203.03,2.0,True,True,80.5,True,0.0,True,76.0,True,4019,True,True
91c0d95e-9471-413c-b034-3586f5336424,True,35,True,True,True,True,True,False,False,True,True,True,True,estimator_innovation_test_ratios,96.74,193.46,1.93,True,True,1994.8,True,0.032545,False,0.0,False,4001,False,True
93777e23-95d8-41dd-bb07-12d8347826a0,True,71,True,True,True,True,True,True,True,True,True,True,True,estimator_innovation_test_ratios,10.01,220.76,2.0,True,True,184.4,True,0.0,True,176.3,True,4001,True,True
97fe74ab-a090-4a22-9f9a-c8987238bbc0,True,75,True,True,True,True,True,True,True,True,True,True,True,estimator_innovation_test_ratios,10.01,163.57,2.0,True,True,66.0,True,0.0,True,61.9,True,4074,True,True
994bc9dd-370c-4eb4-b1f0-340c041710d8,True,36,True,True,True,True,True,True,True,True,True,True,True,estimator_status(legacy),9.85,19.09,0.0,True,True,296.7,True,4e-05,True,256.6,True,15002,True,True
996d4dd1-a03a-4fa1-bcd0-062ab73e39fc,True,33,True,True,True,True,True,True,True,True,True,True,True,estimator_status(legacy),9.82,31.5,0.0,True,True,94.3,True,0.0,True,84.2,True,4510,True,True
9c2bcad5-c9ca-4150-9b27-86b6698d1041,True,74,True,True,True,True,True,True,True,True,True,True,True,estimator_innovation_test_ratios,9.24,185.06,1.86,True,True,85.1,True,0.07603,False,80.9,True,4001,True,True
9e805fe0-1839-449a-9ebb-2b36f79fac3d,True,86,True,True,True,True,True,True,True,True,True,True,True,estimator_innovation_test_ratios,10.0,20.0,2.0,True,True,954.4,True,0.0,True,942.7,True,4001,True,True
9fb1f47f-bde5-4211-94cd-78b39c732504,True,33,True,True,True,True,True,False,False,True,True,True,True,estimator_innovation_test_ratios,5.0,5.0,2.0,True,False,690.7,True,9e-05,True,631.6,True,4998,False,False
a33d73d1-ae13-443e-a33e-64e5417454c9,True,69,True,True,True,True,True,True,True,True,True,True,True,estimator_innovation_test_ratios,10.0,50.0,2.0,True,True,871.2,True,0.0,True,668.3,True,4001,True,True
a3abc1c6-48fe-47e9-bf50-98903123414a,True,83,True,True,True,True,True,True,True,True,True,True,True,estimator_innovation_test_ratios,125.0,250.0,100.01,True,True,86.0,True,0.0,True,83.3,True,4001,True,True
a586f5da-c6a0-4fa3-8bdd-05d23ff312e2,True,28,True,True,True,True,True,True,True,True,True,True,True,estimator_status(legacy),9.55,30.77,0.0,True,True,536.0,True,0.023979,False,533.1,True,4011,True,True
a6ebd61d-0527-4560-ab0b-583a1bf7072b,True,70,True,True,True,True,True,True,True,True,True,True,True,estimator_innovation_test_ratios,10.01,300.48,107.76,True,True,16576410154946.8,True,0.0,True,109.5,True,4250,True,True
a7f70703-fbae-4f4c-9d94-f485b3c0f6d2,True,40,False,True,True,True,True,True,True,True,False,True,False,,0.0,279.51,0.0,False,True,475.5,True,0.021635,False,451.1,True,4050,False,False
a830caf3-9df5-4e18-b421-f95fc86ea133,True,86,True,True,True,True,True,True,True,True,True,True,True,estimator_innovation_test_ratios,125.0,250.0,100.0,True,True,321.2,True,0.0,True,287.3,True,4023,True,True
a87b85d6-d24b-41d4-b546-e758f4714857,True,33,False,False,True,True,True,False,False,False,False,True,False,,0.0,0.0,0.0,False,False,97.0,True,0.000608,True,0.0,False,4001,False,False
a89dcfa2-5a7a-4f63-83b8-65950c142f63,True,71,True,True,True,True,True,True,True,True,True,True,True,estimator_innovation_test_ratios,10.01,20.01,2.0,True,True,137.0,True,0.0,True,135.4,True,4001,True,True
aadf0ca4-e0da-4029-a7c4-f459a2725e1e,True,27,True,True,True,True,True,True,True,True,True,True,True,estimator_status(legacy),9.75,31.11,0.0,True,True,614.1,True,0.004473,True,609.6,True,4011,True,True
ad09618f-f369-4722-9d97-798aa88621a6,True,76,True,True,True,True,True,True,True,True,True,True,True,estimator_innovation_test_ratios,10.01,20.01,2.0,True,True,82.3,True,0.0,True,77.4,True,4001,True,True
ad824cb1-6a58-4c70-a52c-5adf3cbeca17,True,65,True,True,True,True,True,True,True,True,True,True,True,estimator_innovation_test_ratios,10.02,20.01,2.02,True,True,65.4,True,0.0,True,0.0,False,4015,True,True
ae336bd5-a229-471b-8e94-abb50ebc8681,True,88,True,True,True,True,True,True,True,True,True,True,True,estimator_innovation_test_ratios,10.0,20.0,2.0,True,True,307.5,True,0.0,True,306.1,True,4001,True,True
b056f9e2-127d-4ed9-bf0d-a6a16ea1039c,True,82,True,True,True,True,True,True,True,True,True,True,True,estimator_innovation_test_ratios,10.01,20.01,2.0,True,True,107.6,True,0.004998,True,95.8,True,4101,True,True
b22e2c73-e70c-4f01-b8ac-caf98ac38c5c,True,34,True,True,True,True,True,True,True,True,True,True,True,estimator_status(legacy),9.85,31.67,0.0,True,True,95.8,True,0.000324,True,89.6,True,4011,True,True
b28317f6-f503-44a6-9f5d-a367f10dc612,True,82,True,True,True,True,True,True,True,True,True,True,True,estimator_innovation_test_ratios,10.01,20.01,2.0,True,True,91.6,True,0.0,True,85.3,True,4019,True,True
b36cfa63-6102-4608-891b-3143471c969c,True,72,True,True,True,True,True,True,True,True,True,True,True,estimator_innovation_test_ratios,10.0,20.0,2.0,True,True,319.9,True,0.0,True,317.2,True,4001,True,True
b476852b-4f78-4da5-8dbb-7a65d332a6e1,True,76,True,True,True,True,True,True,True,True,True,True,True,estimator_innovation_test_ratios,6.72,135.89,1.26,True,True,61.8,True,0.321163,False,57.4,True,4001,True,True
b5749558-8c19-4a16-87c8-ddca2884ffb5,True,74,True,True,True,True,True,True,True,True,True,True,True,estimator_innovation_test_ratios,10.02,20.02,2.0,True,True,60.5,True,0.0,True,53.5,True,4001,True,True
b59a4391-5fdd-4c74-9c68-43ad38dd6f06,True,81,True,True,True,True,True,True,True,True,True,True,True,estimator_innovation_test_ratios,125.0,250.0,100.0,True,True,338.8,True,0.0,True,333.9,True,6011,True,True
b62dddc9-533f-43d4-95c4-53ba2d21d182,True,32,True,True,True,True,True,True,True,True,True,True,True,estimator_status(legacy),9.85,31.71,0.0,True,True,85.1,True,0.0,True,81.5,True,4011,True,True
b658632f-6ef0-47d1-ac2d-53ac118e7a5e,True,73,True,True,True,True,True,True,True,True,True,True,True,estimator_innovation_test_ratios,10.01,221.99,2.0,True,True,74.4,True,0.0,True,69.6,True,4001,True,True
b82d1b29-a274-44c3-a87f-69c93de1d1a2,True,66,True,True,True,True,True,True,True,True,True,True,True,estimator_innovation_test_ratios,10.01,20.01,2.0,True,True,69.7,True,0.0,True,64.5,True,4001,True,True
bf2ca24f-d02c-4cb4-b40d-48316e780042,True,49,True,True,True,True,True,True,True,True,True,True,True,estimator_innovation_test_ratios,10.0,20.0,5.01,True,True,80.8,True,0.00078,True,75.3,True,4014,True,True
c07d42af-a8c0-49ce-bc06-27ffc62f5e98,True,68,True,True,True,True,True,True,True,False,True,True,True,estimator_innovation_test_ratios,10.02,20.02,2.0,True,True,63.6,True,0.0,True,59.4,True,4001,False,True
c2ff6df8-073a-46b3-923c-6e1cc18670eb,True,58,True,True,True,True,True,True,True,True,True,True,True,estimator_innovation_test_ratios,10.01,20.0,2.0,True,True,71.2,True,0.000562,True,66.3,True,4001,True,True
c6282d59-d0a1-4ec7-9bd0-feadb9f45b37,True,82,True,True,True,True,True,True,True,True,True,True,True,estimator_innovation_test_ratios,9.99,220.42,1.99,True,True,138.4,True,0.001864,True,135.0,True,4001,True,True
c650a8c5-10c1-4691-84c7-2170a5124d45,True,78,True,True,True,True,True,True,True,True,True,True,True,estimator_innovation_test_ratios,10.0,20.0,2.0,True,True,476.7,True,0.0,True,471.4,True,4001,True,True
c68fe29a-29bb-4236-962e-25d3fc07d6b9,True,48,True,True,True,True,True,True,True,True,True,True,True,estimator_innovation_test_ratios,10.01,20.01,5.01,True,True,142.1,True,0.0,True,137.6,True,4011,True,True
c7bab647-90b3-49ca-884f-c92a5a275c61,True,67,True,True,True,True,True,True,True,False,True,True,True,estimator_innovation_test_ratios,9.9,199.48,1.97,True,True,406.3,True,0.009313,True,72.0,True,4001,False,True
c97f98ab-d019-4105-825d-1a2c4ac5c9e5,True,19,True,True,False,True,True,False,False,True,True,False,True,estimator_status(legacy),4.01,4.01,0.0,False,False,123.7,True,0.0,True,123.7,True,4990,False,False
c992ba83-659c-42d3-be85-bb75a47a9de1,True,75,True,True,True,True,True,True,True,True,True,True,True,estimator_innovation_test_ratios,10.0,20.0,2.0,True,True,261.6,True,0.0,True,255.0,True,4001,True,True
ca657e4b-27e5-4e7d-bd34-f0d39487153f,True,33,True,True,True,True,True,True,True,True,True,True,True,estimator_status(legacy),9.82,31.51,0.0,True,True,798.6,True,0.0,True,791.6,True,4510,True,True
cbd01ba9-2765-4f13-b89e-97bea145e926,True,71,True,True,True,True,True,True,True,True,True,True,True,estimator_innovation_test_ratios,10.01,20.01,2.0,True,True,70.5,True,0.0,True,66.0,True,4001,True,True
cbdc3200-0dcd-4c38-85aa-ba86a8f59151,True,68,True,True,True,True,True,True,True,True,True,True,True,estimator_innovation_test_ratios,9.79,174.02,1.96,True,True,170.9,True,0.020763,False,166.5,True,4001,True,True
ce03bba8-0ed3-4572-9033-47085c0d38d2,True,27,True,True,True,True,True,True,True,True,True,True,True,estimator_status(legacy),9.68,30.89,0.0,True,True,515.8,True,0.011988,False,0.0,False,4011,True,True
d1826805-864c-4bbd-bc52-ca37ba5ece6d,True,68,True,True,True,True,True,True,True,True,True,True,True,estimator_innovation_test_ratios,10.01,222.4,2.0,True,True,73.3,True,0.0,True,68.1,True,4050,True,True
d2bf191a-f3f1-4919-b934-12a58a30b6c5,True,32,True,True,True,True,True,True,True,True,True,True,True,estimator_status(legacy),9.82,31.38,0.0,True,True,271.5,True,1.1e-05,True,269.4,True,4011,True,True
d4a9a7bf-504e-483e-a985-13259f143122,True,87,True,True,True,True,True,True,True,True,True,True,True,estimator_innovation_test_ratios,10.01,20.01,2.0,True,True,70.2,True,0.0,True,66.0,True,4001,True,True
d53f73b9-6a78-4ac8-9059-58a7572a2631,True,73,True,True,True,True,True,True,True,False,True,True,True,estimator_innovation_test_ratios,10.0,20.0,2.0,True,True,270.4,True,1.5e-05,True,267.6,True,4001,False,True
d5de2725-6c2a-4705-baef-326496ff368a,True,80,True,True,True,True,True,True,True,True,True,True,True,estimator_innovation_test_ratios,10.0,20.0,2.0,True,True,253.8,True,0.000272,True,246.6,True,4001,True,True
d6e1faf4-9c9a-432d-9868-b053b16ec240,True,76,True,True,True,True,True,True,True,True,True,True,True,estimator_innovation_test_ratios,9.73,194.49,1.95,True,True,250.5,True,0.027466,False,245.7,True,4001,True,True
d8882216-f409-4ace-a030-85b315091447,True,82,True,True,True,True,True,True,True,True,True,True,True,estimator_innovation_test_ratios,10.0,20.0,2.0,True,True,293.7,True,0.0,True,287.2,True,4001,True,True
d8a639b2-aaa4-4e91-8955-e7c72e563200,True,72,True,True,True,True,True,True,True,True,True,True,True,estimator_innovation_test_ratios,10.0,20.0,2.0,True,True,825.3,True,0.000325,True,822.0,True,4001,True,True
dc0497f1-0578-4ab1-967c-aedf547d4c24,True,69,True,True,True,True,True,True,True,True,True,True,True,estimator_innovation_test_ratios,10.01,208.52,2.01,True,True,95.6,True,0.0,True,76.9,True,1300002,True,True
dc9dafac-2f16-46d2-b84a-1943ad76ac66,True,56,True,True,True,True,True,True,True,True,True,True,True,estimator_innovation_test_ratios,10.01,20.01,2.0,True,True,113.7,True,0.0,True,111.2,True,4001,True,True
dd3258e7-59f8-4655-ab3d-805b3eaf6681,True,84,True,True,True,True,True,True,True,True,True,True,True,estimator_innovation_test_ratios,125.0,209.85,125.0,True,True,68.5,True,0.0,True,32.2,False,22000,True,True
de2c28b2-0b63-4ede-8473-c77fab87fe53,True,64,True,True,True,True,True,True,True,True,True,True,True,estimator_innovation_test_ratios,10.0,20.0,2.0,True,True,1411.0,True,0.0,True,1403.8,True,4065,True,True
dee129b2-fcd1-41b6-8700-ab572f18e582,True,76,True,True,True,True,True,True,True,True,True,True,True,estimator_innovation_test_ratios,10.0,20.0,2.0,True,True,308.3,True,0.0,True,305.1,True,4005,True,True
e0b7ded9-db3c-4179-8496-f43a72b6d89b,True,43,True,True,True,True,True,True,True,True,True,True,True,estimator_innovation_test_ratios,10.01,20.01,5.01,True,True,194.8,True,0.0,True,0.0,False,4011,True,True
e522f2f3-6395-423e-bf4d-cdde15de5da4,True,79,True,True,True,True,True,True,True,True,True,True,True,estimator_innovation_test_ratios,125.0,250.0,100.0,True,True,130.1,True,0.0,True,127.3,True,4001,True,True
e5a85d05-05b7-48ae-a3ce-077ea0f9b64d,True,73,True,True,True,True,True,True,True,True,True,True,True,estimator_innovation_test_ratios,10.01,199.57,2.0,True,True,107.9,True,0.0,True,102.7,True,4001,True,True
e6a3348f-7d86-42ef-8a63-b8b99ba06594,True,57,True,True,True,True,True,True,True,True,True,True,True,estimator_innovation_test_ratios,10.01,138.98,2.0,True,True,67.6,True,0.000665,True,62.4,True,4001,True,True
e8ad2cb5-a87f-4fc7-bc36-b6fd22fca1a9,True,82,True,True,True,True,True,True,True,False,True,True,True,estimator_innovation_test_ratios,124.99,249.97,100.0,True,True,653.0,True,0.0,True,606.9,True,22031,False,True
e9279cfe-d21e-488e-acdd-1a84cbc9fdb4,True,52,True,True,True,True,True,True,True,True,True,True,True,estimator_innovation_test_ratios,10.0,98.61,2.0,True,True,315.8,True,0.000206,True,313.9,True,4001,True,True
ea2c16a5-3ec9-4da6-8520-16ec1194b4ec,True,71,True,True,True,True,True,True,True,True,True,True,True,estimator_innovation_test_ratios,6.07,120.58,1.2,True,True,442.1,True,0.398876,False,439.1,True,22111,True,True
ea9e91eb-ec5e-4e60-b281-4492c2154a1f,True,76,True,True,True,True,True,True,True,True,True,True,True,estimator_innovation_test_ratios,10.01,20.01,2.0,True,True,98.0,True,0.0,True,91.5,True,4010,True,True
ec42fbf7-c0e1-4e47-ba2c-5f37562a2012,True,85,True,True,True,True,True,True,True,True,True,True,True,estimator_innovation_test_ratios,10.01,20.01,2.0,True,True,118.8,True,0.0,True,113.5,True,4001,True,True
eca3ad77-ba8f-4a2d-bf5b-18328c7a138f,True,79,True,True,True,True,True,True,True,True,True,True,True,estimator_innovation_test_ratios,9.62,192.47,1.93,True,True,488.0,True,0.037643,False,253.3,True,4002,True,True
ece51d35-c317-4442-9723-844843f4ecf0,True,85,True,True,True,True,True,True,True,True,True,True,True,estimator_innovation_test_ratios,4.69,93.15,0.94,False,True,148.0,True,0.525702,False,142.9,True,4001,True,False
edf2e961-3f27-479b-ad6b-8aec617f2f3c,True,56,True,True,True,True,True,False,False,False,True,True,True,estimator_innovation_test_ratios,10.0,20.0,2.0,True,True,629.6,True,0.0,True,0.0,False,4001,False,True
f006f798-6d86-47cf-8583-c166a8642c69,True,42,True,True,True,True,True,True,True,True,True,True,True,estimator_status(legacy),9.85,31.65,0.0,True,True,193.7,True,0.000191,True,155.0,True,6024,True,True
f1ce7214-d4be-4c62-8362-cd5cdba0aaaa,True,29,True,True,True,True,True,True,True,True,True,True,True,estimator_status(legacy),9.81,31.37,0.0,True,True,607.8,True,0.002904,True,604.9,True,4011,True,True
f25ed691-42d3-4ae7-bd39-dad87cf99a6c,True,68,True,True,True,True,True,True,True,True,True,True,True,estimator_innovation_test_ratios,9.97,19.95,2.0,True,True,2260.9,True,0.002713,True,92.8,True,4001,True,True
f362da77-dd16-44ba-9c4e-e4ace509cbf6,True,65,True,True,True,True,True,True,True,True,True,True,True,estimator_innovation_test_ratios,9.9,158.8,1.97,True,True,70.2,True,0.01112,False,64.5,True,4040,True,True
f484d2ef-2e59-442e-aa05-c0ecff3fdf36,True,47,True,True,True,True,True,True,True,True,True,True,True,estimator_innovation_test_ratios,9.77,215.42,4.93,True,True,340.5,True,0.000843,True,334.5,True,4011,True,True
f4e05405-ad43-4260-b608-c5cf71c48127,True,75,True,True,True,True,True,True,True,True,True,True,True,estimator_innovation_test_ratios,9.89,19.79,1.98,True,True,1234.2,True,0.01065,False,1229.3,True,4001,True,True
f524714d-5ea2-49e1-81a4-e71dae12bc62,True,81,True,True,True,True,True,True,True,True,True,True,True,estimator_innovation_test_ratios,10.01,202.36,2.0,True,True,125.6,True,0.0,True,119.6,True,4001,True,True
f52ee196-0fa4-4e6d-aaa9-b1b2cf878f44,True,67,True,True,True,True,True,True,True,True,True,True,True,estimator_innovation_test_ratios,9.72,182.59,1.97,True,True,122.8,True,0.029613,False,0.0,False,4050,True,True
f560ffd1-c49d-40f9-b6f1-bd1a534a8674,True,31,True,True,True,True,True,True,True,True,True,True,True,estimator_status(legacy),10.23,34.07,0.0,True,True,290.0,True,0.0,True,284.8,True,4011,True,True
f58ab86f-4410-41a0-95bd-ebca86a09f32,True,72,True,True,True,True,True,True,True,True,True,True,True,estimator_innovation_test_ratios,10.0,200.0,2.0,True,True,421.7,True,0.0,True,416.5,True,22111,True,True
f5b0b73f-e44f-4e61-abff-b68776c0325c,True,32,True,True,True,True,True,True,True,True,True,True,True,estimator_status(legacy),9.7,31.3,0.0,True,True,530.1,True,0.0,True,22.4,False,4070,True,True
f625de89-a2d8-4726-8480-4d5df3ccc1e2,True,77,True,True,True,True,True,True,True,True,True,True,True,estimator_innovation_test_ratios,9.6,210.02,1.95,True,True,115.9,True,0.039476,False,107.5,True,4050,True,True
f8f7de46-d5d5-4dc9-b6d4-6bcdce5555f2,True,82,True,True,True,True,True,True,True,True,True,True,True,estimator_innovation_test_ratios,9.95,201.3,1.98,True,True,260.4,True,0.006159,True,248.2,True,4001,True,True
f922fc5a-eb2c-48eb-94f7-6d8b4e69339b,True,69,True,True,True,True,True,True,True,True,True,True,True,estimator_innovation_test_ratios,10.01,219.59,2.0,True,True,125.9,True,0.0,True,123.2,True,4001,True,True
fa8b26b0-bbe4-4efc-9dbf-229e9edc7a5c,True,73,True,True,True,True,True,True,True,True,True,True,True,estimator_innovation_test_ratios,9.9,196.64,1.98,True,True,293.5,True,0.009436,True,287.9,True,4001,True,True
fa946cda-4c01-41e3-88e5-a5995e6a9b67,True,75,True,True,True,True,True,True,True,True,True,True,True,estimator_innovation_test_ratios,10.0,159.46,2.0,True,True,218.3,True,0.0,True,213.5,True,4024,True,True
fd9b9f44-ece7-4292-96a3-1044148f38fc,True,61,True,True,True,True,True,True,True,True,True,True,True,estimator_innovation_test_ratios,10.02,20.01,2.0,True,True,68.0,True,0.0,True,63.3,True,4052,True,True
fe3b3d6c-aa4f-4cd4-b6a0-4c7ba4a9eb4b,True,80,True,True,True,True,True,True,True,True,True,True,True,estimator_innovation_test_ratios,125.0,202.01,125.0,True,True,64.0,True,0.0,True,45.9,True,10015,True,True
ffedd774-4c77-4d62-9923-269581f75aca,True,62,True,True,True,True,True,True,True,True,True,True,True,estimator_innovation_test_ratios,9.98,244.49,2.0,True,True,88.2,True,0.004241,True,82.6,True,4050,True,True
