log_id,status,ver_sw,band,failsafe_frac,nav_state_forbidden_frac,filter_fault_flags_frac,landed_at_end,actuator_saturation_frac,rate_ratios,dropout_frac,ulg_bytes,parquet_bytes,elapsed_s,group,excluded_reason
639c8f61-92db-4b40-af79-936d1c884368,ok,17694975.0,v1.14-1.15,0.0,0.0,0.0,True,0.0585365853658536,2.0000181489250206,0.0,2278801,1668939,6.2,C,
b98878bc-7f9b-4768-82f7-639a7d615f9d,ok,17891328.0,v1.16+,0.0,0.0,0.0,True,0.0291904905206139,2.000237546283057,3.5954153851707383e-05,8555470,5241727,6.8,B,
daaac323-be40-4068-9b66-c45026812a12,ok,17826047.0,v1.16+,0.0,0.0,0.0,False,0.066420664206642,0.0,1.785191509278326,488764,595174,4.6,B,
9c9c2ee2-05e4-47af-b7a3-41dcab6d09f3,ok,17564928.0,v1.12-1.13,0.0,0.0,0.0,True,0.9938042131350682,1.9657545195230093,0.0181137811249939,32727625,11866362,12.3,B,
3fbcc13a-570b-4ea7-9b03-116448a83922,ok,17695743.0,v1.14-1.15,0.58125,0.0,0.0114442664225223,True,0.0531074739613139,1.9999965383794165,0.0,33563395,19897245,12.7,A,
9796dbaf-5076-4a4d-9e2f-a142a21a1626,ok,17694975.0,v1.14-1.15,0.1287878787878787,0.0,0.0,True,0.2553516819571865,1.9999544196434595,0.0,2005287,1450476,3.2,B,
65314428-37af-43a5-a2f8-ce087871dccd,ok,17761535.0,v1.14-1.15,0.0,0.0,0.0,True,0.6596009975062345,2.000114831592769,0.0043557022360282,2908711,2073504,4.0,C,
62dd030b-866d-4955-b1da-8638cbd5c346,ok,17629952.0,v1.12-1.13,0.0,0.0,0.0,True,0.0,2.0002334672502973,0.0,7863665,3929669,7.0,C,
3d77d3d6-27ec-4286-9ce2-cbcd48a16630,ok,17826559.0,v1.16+,0.0,0.0,0.0,True,0.0030521642619311,1.9985893931063723,0.0002163971719403,76849002,20849811,15.1,B,
43c9143f-38a6-4fec-af13-7399f34eb9b8,ok,17302271.0,v1.12-1.13,0.0,0.0,0.0,True,0.0,0.0,0.0,3498038,1839624,2.5,B,
84c6ad05-2fe3-44c1-a687-c00b1624be29,ok,17761535.0,v1.14-1.15,0.0,0.0,0.0,True,0.0388364697909607,1.999931554581274,0.0,7119784,4445919,3.9,C,
b3299d66-107f-4141-9cdf-aa1a26775565,ok,17761535.0,v1.14-1.15,0.0,0.0,0.0,True,0.1142410015649452,2.000103465669756,0.0,2685643,2159890,2.5,C,
ce42424b-0b80-4f91-9d22-1294d945368c,ok,17891583.0,v1.16+,0.0,0.0,0.0,True,1.0,2.007799052048099,0.0,6583020,4113529,3.0,C,
5088bfe9-ac4a-4425-b551-8aa9cfa07467,ok,17826559.0,v1.16+,0.0,0.0,0.0,True,0.0523033499688576,1.9545846855697648,0.0166213153661745,68752798,32381824,19.7,C,
c297492d-dee0-4b69-8604-144acb5f395a,ok,17761024.0,v1.14-1.15,0.0,0.1912350597609561,0.0,False,0.4018077239112572,125.00411251850632,0.0,26407194,11571098,6.9,A,
fbfbc3c9-690c-4df2-9ffc-6e7af79d2b43,ok,17564671.0,v1.12-1.13,0.0317460317460317,0.0,0.0,True,0.0,2.0044902129694773,0.0,9342519,5430405,5.8,C,
0e0540c9-4377-46c7-9215-e925d9730766,ok,17761535.0,v1.14-1.15,0.0,0.0,0.0,True,0.0094892548144013,2.000009804517338,0.0,27913958,18100437,14.6,C,
624e1bdf-3953-45aa-b0c5-6aa46fa31b77,ok,17826047.0,v1.16+,0.0,0.0,0.0,True,0.0105359634039515,1.9977703085587928,0.0017010029882319,41528271,25778512,15.7,A,
e4007585-68be-42c7-a8e6-8653dc3c9e94,ok,17694720.0,v1.14-1.15,0.0,0.0,0.0,True,0.5348189415041783,1.999968366697524,0.0010763099475145,2434224,1737199,2.5,A,
220966e4-9805-4ffb-9280-0a18487dd7b0,ok,17694975.0,v1.14-1.15,0.2195121951219512,0.0,0.0,True,0.0579408766564729,1.7843856884238054,0.0917155854661403,28857838,15973447,20.1,C,
feaaffa8-f326-4fe3-ae88-b73c06a971ac,ok,17761280.0,v1.14-1.15,0.0,0.0,0.0,True,0.7315904538730412,2.0000042101401947,0.0,47517828,22133182,20.1,B,
319a664a-d102-4409-950a-c1bad86f3894,ok,17499135.0,v1.12-1.13,0.0,0.0,0.0001898253606681,True,1.0,5.00032075081599,0.0,105880875,55539791,23.8,C,
d3d9c846-57f4-479e-9fe0-a0df290a3adb,ok,17826240.0,v1.16+,0.0,0.0,0.0,True,1.0,0.8402880865546456,0.5218810643384932,63125726,17776184,19.9,C,
7448a7c9-ed18-4971-905b-70c24e4e7564,ok,17629695.0,v1.12-1.13,0.0,0.0,0.0,True,1.0,1.999957933469085,0.0,3741753,2803673,3.8,B,
13b1cf72-df2b-4106-8dfe-48a864761f89,ok,17760256.0,v1.14-1.15,0.0,0.0,0.0,True,0.089960886571056,2.000010210578444,0.0,3029912,2344080,2.7,C,
6041cefa-98a6-4199-8f3b-afb1cd4e04bb,ok,17694848.0,v1.14-1.15,0.0,0.0,0.0,True,0.1401064224724662,1.9998859282147423,0.0,16883679,9585872,8.1,B,
d57e0228-fcff-4e52-abd2-34aa5b2469ba,ok,17826047.0,v1.16+,0.0,0.125,0.0,True,0.4394904458598726,1.999998487180632,0.0,4043759,3301953,5.7,A,
5dcf8fb1-f7a5-48e1-8691-8bd6e0f29ff8,ok,17629952.0,v1.12-1.13,0.0,0.5232300884955752,0.0,True,0.0173397717295873,1.4912617472461445,0.1920620271755287,16789548,10691442,5.7,C,
1cde2345-0a3f-468a-bf09-9b443aa6efd3,ok,17760384.0,v1.14-1.15,0.0,0.0,0.0,True,0.0208802007617902,2.0000014642043054,0.0,37118084,24247283,9.2,B,
edd921d7-3e6e-46e5-9b55-6b31036c5e3b,ok,17694720.0,v1.14-1.15,0.0,0.0,0.0,True,1.0,2.000016350133662,0.0,4776019,3002461,3.8,B,
772051f3-1e48-4d9c-ae42-cf44e868798f,ok,17760320.0,v1.14-1.15,0.1137724550898203,0.3473053892215569,0.0,True,0.2191435768261964,123.92061808816844,0.0,16959697,7206662,5.4,B,
017f7068-bfcf-465c-9701-108150fbd88c,ok,17761280.0,v1.14-1.15,0.0,0.0,0.0,True,0.030514385353095,1.9999362646132213,0.0,13753370,10249880,7.2,A,
4a520716-03ce-4633-b66f-105a6dfb9a29,ok,17367040.0,v1.12-1.13,0.0,0.0,0.0,True,0.0072614107883817,1.9999546247301043,0.0,20221678,12052966,7.9,A,
b482d09e-01e1-4568-80b0-e12dad659e4f,ok,16779520.0,v1.12-1.13,0.0,0.0,0.0,True,0.0939597315436241,1.9999953783890585,0.0,6561225,3714963,3.5,B,
f9d760e6-975d-4b47-9764-931d7a57075e,ok,17695744.0,v1.14-1.15,0.8841059602649006,0.2268211920529801,0.0,True,0.1124807395993836,2.000007441888156,0.0,3409789,2418024,2.9,B,
af1056ae-55e4-4236-a28a-f4d9dac7e174,ok,17761023.0,v1.14-1.15,0.0,0.0,0.0,True,0.1139408348955237,1.9866870272460928,0.0085161900850328,8204592,5283615,4.9,B,
79f2c495-3807-4e71-aa1c-0aa519cfc79d,ok,17826240.0,v1.16+,0.0,0.0,0.0,True,0.030557550052599,1.9999692062157624,0.0,33244224,20233435,40.6,B,
a0e5e5d5-3792-4d2f-b772-44cef3e65731,ok,17760511.0,v1.14-1.15,0.0,0.0,0.0147299509001636,True,0.9908607284135862,1.9999846799808327,0.0,31248166,18124485,46.9,B,
d648edf0-b5cf-4966-9e12-ef2550d10a17,ok,17695488.0,v1.14-1.15,0.0,0.0,0.0,True,0.1248226950354609,2.000096666542488,0.0,2869934,2061784,3.4,C,
19b8d107-bd77-4a87-9904-2cc9f7b662bc,ok,17760511.0,v1.14-1.15,0.0,0.0,0.0,False,0.0069379724552138,1.9975674210162704,0.0024497641040567,103340299,32918111,59.2,A,
fb03776b-aef4-468f-a4e4-48acbd23ab78,ok,17694720.0,v1.14-1.15,0.0,0.0123152709359605,0.0,True,0.0086590796635329,89.12164427608015,8.66096079764816e-05,76452639,25002434,50.3,C,
263e8ec5-8fd2-43d0-a877-4bf62280fcba,ok,17891328.0,v1.16+,0.0,0.0,0.0,True,0.0924071991001124,1.939849478206806,0.0092146078615478,47162418,18976265,14.8,C,
a21df4e9-f47c-441e-bff2-8d381b4146d8,ok,17629696.0,v1.12-1.13,0.0,0.0,0.0,True,0.0,2.0000166466032,0.0,11745585,6548772,4.0,A,
f2687669-9100-411f-a41c-82d6d4f12669,ok,17891583.0,v1.16+,0.0,0.0,0.0,True,0.0567375886524822,1.9999085349274568,0.000257232571228,5483681,3622591,5.2,C,
ff90e2a6-8ac4-403f-a276-5a3f8efad3ec,ok,17761792.0,v1.14-1.15,0.0,0.0,0.0,True,0.0777966168526477,2.000027750385037,0.0,10970326,6367071,6.3,C,
af2e952e-577b-4061-a022-91fbcc742e90,ok,17760256.0,v1.14-1.15,0.0033745781777277,0.0,0.0,True,0.0296444890226234,1.999969888970624,0.0,39158650,20578709,7.3,C,
c195b822-b542-4fda-8226-15178a3c5366,ok,17825984.0,v1.16+,0.0,0.0,0.0,True,0.060834728205691,1.7745065158653774,0.1068273293629078,30423280,17819219,7.4,B,
8c992ebe-2f4e-4840-853d-9959e6b3771b,ok,17891392.0,v1.16+,0.0,0.0,0.0,True,0.0460290892300588,2.0000006419755145,0.0,15156376,9569652,6.2,B,
5540be48-1416-4074-bc8a-7ad2cdeea0f7,ok,17760512.0,v1.14-1.15,0.0,0.0,0.0,True,0.0726285423383675,1.999928465973284,0.0,8706135,4797702,3.5,A,
c70b6df2-7cdb-437e-9598-5e0760e20a8b,ok,17630207.0,v1.12-1.13,0.0,0.0,0.0,True,0.2232558139534883,2.000034929743891,0.0,3138722,2384988,4.0,A,
13119cc0-d27d-4fe0-a16a-70f36b09ad69,ok,17694975.0,v1.14-1.15,0.0,0.0,0.0,True,0.8055027286257649,1.982415178569385,0.0,33232471,18749554,7.2,A,
77007f10-99e9-490d-a3f7-a8b107a3696d,ok,17826240.0,v1.16+,0.0,0.0,0.0,True,0.0873080032336297,2.0000237889008385,0.0,5936273,4371526,3.2,A,
98956845-430f-44cc-8f73-1746feb68ad8,ok,17629951.0,v1.12-1.13,0.0,0.0,0.0,True,1.0,1.9780203670343448,0.0,5540973,3772627,2.7,C,
e414f0f7-0fb8-4cfc-ba19-2991bbb1f1b9,ok,17760511.0,v1.14-1.15,0.0,0.0,0.0,True,0.0323767780350645,1.9999785877663363,0.0,18457372,11758506,4.7,B,
0d9fa67f-8457-458a-9b10-d70237376095,ok,17694720.0,v1.14-1.15,0.0,0.0,0.0,True,0.0533807829181494,93.6103679970932,0.0001691088295778,21650166,6907955,5.6,A,
deee7c92-63aa-4361-ba5e-8a71d51702e2,ok,17761023.0,v1.14-1.15,0.0423940149625935,0.0,0.0,True,0.0351311232063335,1.999915040830028,0.0,8399813,5540327,3.5,C,
1560ea52-5f2d-4ca2-bdf0-250f5b0cf461,ok,17630207.0,v1.12-1.13,0.0,0.0,0.0,True,0.0,1.9999620385862968,0.0,14117696,8849751,4.8,A,
5b7e3230-06dd-4292-9499-3d7c3b32af76,ok,17891583.0,v1.16+,0.0,0.0,0.0,True,0.9684638860630722,2.0001609565422056,0.0,4179298,3091653,3.4,C,
17518dda-7aff-46ad-82f1-718c080461a2,ok,17694720.0,v1.14-1.15,0.0,0.0,0.0,True,0.0371415138692994,2.000023981419626,0.0,7073234,4458145,2.9,C,
67367318-e461-4904-8d3e-f5869967592c,ok,17761280.0,v1.14-1.15,0.0,0.0,0.0,True,0.0693333333333333,2.001215765621071,0.0,3184246,2356072,2.5,A,
65d4232d-ba2e-468a-89aa-77abfd569b6c,ok,17695743.0,v1.14-1.15,0.0150753768844221,0.1758793969849246,0.0,True,0.048834628190899,1.999999776536337,0.0,4128768,3111703,3.1,B,
cd04f74e-4df2-4f22-a015-e6edb233eed7,ok,17825984.0,v1.16+,0.0,0.0769230769230769,0.0,True,0.0615384615384615,1.949695663198854,0.0261110292887864,3718454,2865605,3.2,B,
7a15e305-fa4c-4fda-9256-a3c36b4f5009,ok,17826047.0,v1.16+,0.0,0.0,0.0,True,0.067024128686327,2.0000321626793727,0.0,3280671,2600365,2.7,C,
09070b23-657b-45bf-9f80-585ff081f2e2,ok,17761535.0,v1.14-1.15,0.0,0.0,0.0,True,0.1962323390894819,1.9999581111135785,0.0,7868344,5265701,5.3,A,
c08db946-5c01-48fd-b7a2-2f80e4f34565,ok,17826240.0,v1.16+,0.0,0.0,0.0,False,0.1351128233351678,0.2962714094978985,0.8181765480864786,8566011,2942079,4.0,C,
bb713782-8c1e-4963-89b8-d91e5cd0c690,ok,17694720.0,v1.14-1.15,0.0,0.2060085836909871,0.0,True,0.0361247437410697,2.00008586082874,0.0,12899257,8273907,4.6,B,
8e7c384b-06f1-4645-99e3-a8c7128e95f7,ok,17761023.0,v1.14-1.15,0.0,0.0,0.0,True,0.1586538461538461,2.000197645546211,0.0,2629463,1823367,3.8,C,
60ad129c-862f-4e17-9be5-17361870f521,ok,17630207.0,v1.12-1.13,0.0,0.0,0.0,True,0.0,2.000097701742279,0.0,3448067,2192570,4.5,A,
4ac1f3a2-f145-457e-a15d-0154a93232e2,ok,17761280.0,v1.14-1.15,0.0,0.046,0.0,True,0.0178354276449128,2.0000029024432364,0.0,10868135,7497902,4.8,A,
6436a046-d12a-4ea0-8424-2b297acff1a9,ok,17760511.0,v1.14-1.15,0.0,0.0,0.0,False,0.3021664766248574,125.0057189916274,0.0,18783858,8306157,5.0,C,
773bb8de-f9c8-4b1a-acf3-830564c9941d,ok,17630207.0,v1.12-1.13,0.0,0.0,0.0,True,0.0,2.0000202460150045,7.74349191860975e-05,2947747,2005532,3.5,C,
8fcff032-6482-44ab-8b19-b98212024789,ok,17826047.0,v1.16+,0.0148936170212765,0.0148936170212765,0.0,True,0.1128337639965546,1.9999944708576185,0.0,10445141,7121629,6.2,A,
feb71663-c476-42d5-9225-4157c07c5314,ok,17694720.0,v1.14-1.15,0.0,0.0,0.0,True,0.0521298352868735,1.9892906484177817,0.0058851797570269,31200628,18563983,10.1,A,
ba5e9af3-6088-477d-9c3b-66395454616b,ok,17826047.0,v1.16+,0.0,0.0,0.0,True,0.0811123986095017,2.000110368663384,0.0,3524264,2502830,3.2,B,
bb14cf28-db70-4d8c-8ff3-dba299389a0b,ok,17826047.0,v1.16+,0.0,0.0,0.0,True,0.8290598290598291,1.9999468462402847,0.0,4660460,3135168,4.3,C,
629a0ba5-30df-4466-a912-76a9aee24a71,ok,17629696.0,v1.12-1.13,0.0,0.0,0.0,True,0.0130208333333333,1.9996840762275887,0.0,9220382,5265462,7.4,C,
a9514df3-516d-43e7-aea9-574ae00e0685,ok,17569535.0,v1.12-1.13,0.0,0.0,0.0,True,1.0,2.001597750955216,0.0,32550034,13204699,17.2,B,
b48d2940-973e-468a-a7d8-5e73e601e927,ok,17761535.0,v1.14-1.15,0.0,0.0,0.0,True,0.0701650502381011,1.7894909637864291,0.0920986181610219,109647829,30347616,19.4,B,
0b0c935a-d0e1-405f-ad4d-262533f1d621,ok,17695743.0,v1.14-1.15,0.250886974151039,0.0,0.4115702479338843,True,0.0545905707196029,2.000010516721967,0.0,5845996,3513338,2.8,B,
4de98fd3-70d7-490b-9f7a-37668600ba83,ok,17761280.0,v1.14-1.15,0.0,0.0,0.0,True,0.0697153009856593,1.99983135925029,0.0,10846421,6507697,5.0,B,
b2bf6544-830e-4192-939f-8382b745783a,ok,17761535.0,v1.14-1.15,0.0,0.0,0.0,True,0.0310679611650485,1.9759016433173968,0.0123065421875505,8891412,5783295,5.4,B,
e75236aa-121e-4155-a633-6bfcbcd5eb18,ok,17891583.0,v1.16+,0.0,0.0,0.0,True,0.0503089143865842,2.000048178938355,0.0,5476765,4173024,3.5,A,
1794d426-1699-473a-9722-4db6fe1cb477,ok,17695488.0,v1.14-1.15,0.0,0.0,0.0,True,0.0616247567443812,2.000034230094036,0.0,10845784,6457083,3.8,C,
35f8728f-d7fa-4596-a707-1bbf54dc5eae,ok,17826240.0,v1.16+,0.0,0.0,0.0742574257425742,True,0.1765422431044984,1.999880257169602,0.0,9211085,5831175,5.8,C,
382cfa45-e6a6-443b-8247-7545508e7e5f,ok,17760768.0,v1.14-1.15,0.0344650205761316,0.0,0.0,True,0.0045314109165808,1.98059547924161,0.0094442233300157,42445372,22322042,10.9,A,
9a2b3760-5b9d-4ccf-a6b7-7d3ab3fd7599,ok,17563904.0,v1.12-1.13,0.0,0.0,0.0,True,0.1250425367362722,1.8244978768400075,0.0658383913461722,47015221,19061697,13.3,C,
dc88c352-eefc-4dfb-852b-a400d7df749f,ok,17826559.0,v1.16+,0.0,0.0,0.0,True,1.0,1.999984607713399,0.0,5988740,3414998,5.0,C,
193ff9c1-46f2-459f-a514-2c9e5dcbfc2c,ok,17695999.0,v1.14-1.15,0.0,0.447900466562986,0.0,False,0.9884786649950285,1.9754925001730927,0.0082944432090859,34846766,19582511,11.5,A,
63325a23-9637-44d3-b6a3-c59ad6b5d840,ok,17891583.0,v1.16+,0.0,0.0,0.0,True,0.018125,2.000045806691736,0.0,9740755,4534059,6.4,B,
3198c7c1-f777-437f-9ba8-d70dda3c3ce3,ok,17695743.0,v1.14-1.15,0.0,0.0,0.0,True,0.0211688909341923,1.999984646769132,0.0,8786043,5660093,4.5,B,
cf80dd11-b4aa-4628-875a-0819e436fb57,ok,17564416.0,v1.12-1.13,0.0,0.0492647058823529,0.0044195639363582,True,0.0014757938842275,1.9912091004661752,0.0066221551740032,84202810,45708271,22.5,B,
64f66071-5b13-4379-a932-5087f58655c4,ok,17694912.0,v1.14-1.15,0.265625,0.0,0.0,True,0.3952380952380952,1.9527553212228173,0.0205185672080081,2533386,1959024,2.4,B,
f79f8c1f-80bf-4367-9f81-2c4527f2f364,ok,17761023.0,v1.14-1.15,0.0,0.0,0.0,True,0.09009009009009,2.000127735430376,0.0,4809388,3344582,3.1,C,
5938da5d-b6c8-40fe-b7b1-19704b76cebb,ok,17826047.0,v1.16+,0.0,0.0,0.0,True,0.0457039983739365,1.999922957324748,0.0,14172144,8686048,4.4,B,
a2afd9c7-d628-4f49-afca-1fc555dc210b,ok,17760256.0,v1.14-1.15,0.0,0.0,0.0,True,1.0,2.000007800860302,0.0,4831210,3000429,3.9,C,
b98f4497-f449-4906-9347-458c51a26bca,ok,17694975.0,v1.14-1.15,0.0,0.0,0.0,True,0.0486270714890528,1.988413307567042,0.0077765698527874,11671486,6563957,4.3,C,
69165f8c-a438-4b25-90b1-89b723012322,ok,17499135.0,v1.12-1.13,0.0,0.0,0.0,True,1.0,4.999697471283889,0.0072056612671256,4566468,3186173,4.9,B,
56c49493-2e8e-424c-a0f4-a0b845027578,ok,17760256.0,v1.14-1.15,0.0,0.0,0.0,True,1.0,1.9999965907231112,0.0,4798438,2914229,4.8,C,
b7ccd9a3-2b3f-4d2f-9458-12b702e7812f,ok,17891392.0,v1.16+,0.0,0.0,0.0,True,0.0098107310296926,1.9999936542338608,0.0,43585005,26143991,10.7,C,
a3ea201a-f27c-4606-a24b-1f1a451e9de0,ok,17695488.0,v1.14-1.15,0.3667223149693934,0.0,0.0,True,0.0091702574301182,1.9999895774879428,0.0,40116916,22170429,11.7,B,
8d98f45e-598e-4836-a15a-3c604b07eb6f,ok,17826047.0,v1.16+,0.0,0.0,0.0,True,0.0290846877673225,2.0000018969975075,0.0,9964149,6503047,3.4,A,
e1f9e029-e399-4001-ac6a-23af3c6075d5,ok,17826047.0,v1.16+,0.0,0.0,0.0,True,0.483916423712342,1.9862469666305933,0.0072146849013178,15633503,9409639,5.8,B,
a8bc40c3-8ab6-4535-a35f-04881485a69f,ok,17761280.0,v1.14-1.15,0.0,0.0,0.0,True,0.1074404889097824,1.987674869837664,0.0036418124941457,9282536,5996646,4.1,C,
cca2ce43-26b0-460f-b7d3-fa010e06121f,ok,17694975.0,v1.14-1.15,0.0,0.0,0.0,True,0.0228526398739164,2.0000254864907845,0.0,10067133,6566614,3.4,B,
72c5edc1-3324-4456-b08c-2207ee07d6c5,ok,17761023.0,v1.14-1.15,0.1012658227848101,0.0,0.0,True,0.2140127388535032,2.000056156415437,0.0,3396350,2648921,3.0,A,
adf09a86-13b6-4065-a7da-1b11bd05b068,ok,17694848.0,v1.14-1.15,0.0229007633587786,0.0,0.0319634703196347,True,0.3981693363844393,1.9923811345415128,0.0004697797327854,4291225,2973223,3.4,A,
e29277c2-b330-42d1-9e86-07f3cb1a838f,ok,17695999.0,v1.14-1.15,0.0,0.0338164251207729,0.0,True,0.0210535259133389,1.96625364175596,0.0099649655822094,22502828,13953477,6.5,C,
764259a3-79c2-41f3-848b-1eecb51eb334,ok,17694720.0,v1.14-1.15,0.0,0.0,0.0,True,0.0330440350003556,2.0070280825712543,0.0,11426929,7019418,7.3,B,
326fda07-db1b-4db8-abbe-93c56b60dd6b,ok,17761023.0,v1.14-1.15,0.0,0.0,0.0,True,0.0160162418226934,1.999999778531098,0.0,18381815,11545432,9.0,B,
c334158c-1892-4acf-9eed-274764e04970,ok,17761280.0,v1.14-1.15,0.3213429256594724,0.0167865707434052,0.0,True,0.0230343679624008,1.9473180629127431,0.0171327731729624,68485682,24891635,14.7,B,
11839908-3df4-4a5c-850f-66a8f8c477d5,ok,17761535.0,v1.14-1.15,0.0,0.0,0.0,True,0.1914576607896697,1.977805578742436,0.0095369674159631,16895599,11146876,9.1,B,
8ca80134-c03c-4483-9fbf-251d642f299c,ok,17891583.0,v1.16+,0.0,0.0,0.0,False,0.958980733374767,2.000146636137288,0.0,8348386,4490782,3.2,A,
cc48ca6c-e694-4bb8-91f1-882bca83455e,ok,16778496.0,v1.12-1.13,0.0,0.0,0.0,True,0.5760649292749159,1.9999748756779387,0.0,63518109,30033913,13.6,A,
5d317cfc-eaa6-4409-99f7-44fe67e4b390,ok,17694975.0,v1.14-1.15,0.0,0.0,0.0,True,1.0,2.0000557682216704,0.0,7134007,4467498,3.3,C,
a651621a-6727-480c-83ff-c0c6736c1088,ok,17761280.0,v1.14-1.15,0.0,0.0,0.0,True,0.0259685696279772,2.0000001318051663,0.0,39307279,23689844,8.2,B,
eaa3451f-a7be-473e-bf5c-3d9e74edd8f7,ok,17629952.0,v1.12-1.13,0.0,0.8065173116089613,0.0,True,0.0,2.000023841343804,0.0,3380167,2157428,3.3,B,
6f89fdaf-4c21-4345-afdb-4d1252173379,ok,17761535.0,v1.14-1.15,0.0,1.0,0.0,True,0.296925566343042,1.999914572754754,0.0,5181665,3177845,3.9,C,
4d5cabf2-72a5-42a7-a3fa-1b79dc4717c4,ok,17760384.0,v1.14-1.15,0.0,0.0,0.0,True,0.1152095101593457,2.000186306510068,0.0,7551502,5415756,4.3,A,
686d5d3a-86c0-491c-b70a-cc7bbd535ab7,ok,17629184.0,v1.12-1.13,0.0,0.0,0.0,True,0.030945558739255,1.988554316885517,0.0046021664075449,5741422,3899959,3.2,C,
8233f637-513f-40de-ae84-cacd8ca3f179,ok,17761535.0,v1.14-1.15,0.0714285714285714,0.0,0.0,True,0.699867197875166,2.0001674234100992,0.0,2790287,2093536,2.6,C,
4527c837-468a-42c7-9836-108e48619d47,ok,17695488.0,v1.14-1.15,0.1315436241610738,0.0,0.0,True,0.0206196397532137,2.000008726325337,0.0,38456475,23628826,8.1,C,
b04d7e38-f660-48ac-867e-2b134c7d8b8c,ok,17760384.0,v1.14-1.15,0.0,0.0,0.0,True,0.0624603901133722,1.9999514584646008,0.0,8943394,6256066,4.8,C,
2e2936a5-d021-49b5-9bf4-14beec3e7a7e,ok,17564416.0,v1.12-1.13,0.0,0.0,0.416,True,,2.0133823619678406,0.0,2465228,1803486,4.4,A,
1807c7cf-0e16-45e0-a255-ead4f68bc674,ok,17761280.0,v1.14-1.15,0.0047528517110266,0.0,0.0,True,0.9019420287902568,1.9999944971249672,0.0,55390948,27839338,13.7,C,
d53a9bde-44aa-4f0d-bec5-dd6bbd277297,ok,17498880.0,v1.12-1.13,0.0,0.0,0.0,True,1.0,5.000016042832223,0.0043852299025212,2744294,1995209,2.6,B,
e55ace41-f364-495f-9245-817a69f637c8,ok,17499135.0,v1.12-1.13,0.0,0.0,,True,1.0,0.0,0.0265284469345073,41700750,26507190,12.5,C,
82f7a305-5143-4f40-a575-a7488aeefe89,ok,17761280.0,v1.14-1.15,0.0714285714285714,0.0714285714285714,0.0,True,0.1031096563011456,2.000240862337173,0.0,2448931,1789418,3.7,A,
f71b74e1-e158-4eb0-88ae-10b70fa00188,ok,17891392.0,v1.16+,0.0,0.0,0.0,True,1.0,1.9999994666668088,0.0,5325000,3291417,5.0,C,
b40c3b97-5bdb-41c2-a5c3-d0d56f8a7137,ok,17629696.0,v1.12-1.13,0.0,0.0,0.0,True,0.0,1.9999187517670296,0.0,28995908,15574291,6.7,B,
8d9e957e-98e9-4829-a4c9-6db7d4ff8f3c,ok,17630207.0,v1.12-1.13,0.0928571428571428,0.0,0.0,True,1.0,1.9998910562944008,0.0,2942256,2017939,2.7,C,
fed34c17-8b25-45bd-8fc7-b47ad19834eb,ok,17826304.0,v1.16+,,,,,,0.0,0.0,1478660,697179,3.4,C,
eb5a63f8-4ac4-49b5-845b-203fb178ad19,ok,18350336.0,v1.16+,0.0,0.0,0.0,True,0.2138514201882717,1.979231344192684,0.0096837779133703,111962283,57634049,26.1,A,
23049de9-7e90-4cae-be21-285a5c2490d6,ok,17629952.0,v1.12-1.13,0.0,0.0,0.002840909090909,True,0.0156028368794326,1.999881464168645,0.0001554583745998,2273961,1552196,1.1,C,
2d3fdb8c-3226-420e-8624-8d890d46adac,ok,17826047.0,v1.16+,0.0,0.1055900621118012,0.0,True,0.1611675126903553,2.0000016923091244,0.0,8634513,2817530,6.3,B,
09f22274-5cdc-4da0-baf1-66e76b9360f9,ok,17826559.0,v1.16+,0.0,0.0,0.0,True,0.1458046767537826,1.9999281136950244,0.0,2934850,2220569,2.5,B,
7537bcfb-d303-425e-ba34-07b40f92589d,ok,17629951.0,v1.12-1.13,0.0,0.0,0.0,True,0.998624484181568,2.000091201390491,0.0,5275419,3386355,4.2,C,
c5583b4c-869c-470b-b728-6fe0742cef15,ok,17695743.0,v1.14-1.15,0.0,0.0,0.0,True,0.9981991252894264,1.9999935341264377,0.0,59326233,32826029,16.5,B,
79d387fd-cb14-41c2-9595-df600ea496e4,ok,17695487.0,v1.14-1.15,0.0,0.0,0.0,True,0.9971910112359552,1.9998230794816068,2.7860596108379e-05,2304000,1461333,10.6,B,
bf8a222b-565b-4b51-8ffc-8a3117198cae,ok,17891392.0,v1.16+,0.0,0.7320872274143302,0.0,True,0.0997023809523809,1.9997489337767205,0.0,2938756,2389365,33.9,C,
f1a4b762-8071-41fe-912f-981bb3abcbb7,ok,17826047.0,v1.16+,0.0,0.0,0.0,True,0.0822531487533507,1.8034317535628213,0.1153837452695095,27048880,10387832,69.0,C,
06b197dc-2540-4b67-b4a0-c1fb26bc0ab2,ok,17694720.0,v1.14-1.15,0.0,0.0,0.0,True,0.0474166717260639,88.55000706576634,4.8820726403262685e-05,15005916,5275602,10.8,B,
5fb3ab35-135f-40bc-81f4-f4154aef6341,ok,17568512.0,v1.12-1.13,0.0,0.0797872340425532,0.0,False,0.0,1.997276146747484,0.000993334658221,136960969,24853073,107.3,B,
49c7b591-f809-4e95-a034-5d76c87b83d3,ok,17695488.0,v1.14-1.15,0.0,0.0,0.0,True,0.013938960974232,0.8018655495249879,0.576558143500498,47128780,13361557,56.5,C,
8142c52c-bc20-4ce5-9326-2eb40e659e7f,ok,17826047.0,v1.16+,0.0,0.0,0.0,True,0.0307422046552481,2.000017039792753,0.0,9885898,5989712,6.9,A,
01f19944-f645-48e3-8986-cd5a0acdf271,ok,17826047.0,v1.16+,0.0,0.0,0.0,True,0.0087994971715901,1.999983792257331,0.0,13482355,8807466,7.8,A,
e5e04b41-f4d7-4264-a035-6fdc81aa7693,ok,17432576.0,v1.12-1.13,0.0,0.0,0.0,True,0.0,0.0,0.0003473656959311,35128935,18621571,7.7,B,
cfc5c6af-0013-4220-8f5d-2b87eae5bf07,ok,17695488.0,v1.14-1.15,0.0,0.0,0.0,False,0.0026959168709589,1.98007805211917,0.0069490014688048,119621893,64912443,102.6,B,
6f214829-b80d-4c20-b8a5-19eb3657d3eb,ok,17760768.0,v1.14-1.15,0.0,0.0529801324503311,0.0,True,1.0,2.000011292580768,0.0,3109740,2239379,2.3,B,
bc3f37fe-23fa-45f9-81b3-2c8b6b52817f,ok,17695743.0,v1.14-1.15,0.0,0.0,0.0,True,0.1543942992874109,1.9999425166222768,0.0,3535510,2743896,2.8,C,
fc93dc2f-55b8-4e69-9fd5-2954ee9a742f,ok,17826047.0,v1.16+,0.0,0.0,0.0,True,0.087378640776699,2.000046131145317,0.0,5603878,4049684,4.5,B,
c49755ab-338b-47f7-a5dd-cdd110f94f73,ok,17761535.0,v1.14-1.15,0.0407869481765834,0.9918426103646834,0.0,True,0.0078087801161794,1.999999990471653,0.0,40212779,24191299,7.8,B,
0f4c2eab-ffc7-418b-b570-dff1cffe0596,ok,17761280.0,v1.14-1.15,0.0,0.0,0.0,True,0.0579487704219107,1.9999429231975547,0.0,12164815,7082772,6.9,C,
ae9dc11d-9412-4b28-af4d-cd5f71ac92ea,ok,17630207.0,v1.12-1.13,0.0,0.0,0.0,True,1.0,2.000042123964118,0.0,8063810,4316881,7.0,C,
7b4994bc-af99-4ddc-aea5-e10732954b77,ok,17825856.0,v1.16+,0.0,0.0,0.0,True,0.0284987277353689,2.000062324192731,0.0,11106179,6286946,7.5,A,
ea96cf28-d31f-4860-8f76-6707d920c39b,ok,17695743.0,v1.14-1.15,0.0,0.0,0.0,True,0.0545134047199347,1.991597541635325,0.0022711348505725,58282368,18692505,13.4,A,
338adefb-d268-426e-bd7a-60a6858af77a,ok,17761535.0,v1.14-1.15,0.0,0.0,0.0,True,0.0222523065721664,2.0000251128555164,0.0,34646571,21221637,10.6,C,
399b0684-4a49-4205-9815-03c490eb6b84,ok,17761535.0,v1.14-1.15,0.0,0.0,0.0,True,0.0825960923088506,2.000107422436147,0.0,10584124,6564833,3.5,B,
12be284d-2bca-4d15-a50f-f90c6b172e2e,ok,17826559.0,v1.16+,0.0,0.0,0.0,True,0.1577335375191424,1.9998283868198288,0.0,2870457,2252014,2.4,A,
db9b1ea6-4c3e-467d-acb6-a029773d3f1b,ok,17498880.0,v1.12-1.13,0.0,0.0,0.0,True,1.0,4.999994950253856,0.00640787230857,7168930,4849945,2.8,B,
1fe39589-bbf9-495a-a1cf-2c030af0c92f,ok,17694975.0,v1.14-1.15,0.0,0.0,0.0,True,0.0772870662460567,1.9996887844351008,0.0,2148904,1606462,2.2,B,
95227703-a1ab-4a61-a553-408e3c29d662,ok,17761535.0,v1.14-1.15,0.0,0.1571428571428571,0.0,True,0.1726618705035971,2.0000278544025267,0.0,2752531,2144455,2.9,B,
1c4e733e-a911-4478-9dc9-8c87c182b52c,ok,17760384.0,v1.14-1.15,0.0,0.0,0.0,True,0.0382946509352092,1.999987768495858,0.0,16901638,11699559,5.2,C,
46b7b90c-8812-47a5-87f7-baf86b8f91c8,ok,17695743.0,v1.14-1.15,0.0,0.0,0.0,True,0.0924054000133005,1.9998352862936928,0.0,11328968,6951240,3.9,A,
61239b4d-f3cf-402d-a3d8-48e6381a0c98,ok,17826047.0,v1.16+,0.0,0.0,0.0,True,0.0626836434867776,1.9999982857157552,0.0,4275839,3165531,5.3,A,
106f9c4d-6618-434d-a5b8-30853bc71a7e,ok,17629951.0,v1.12-1.13,0.0,0.2582781456953642,0.0,True,0.0681818181818181,2.0000915717600694,0.0,4029972,3261495,5.3,B,
25e58498-b082-4e5a-b7e2-39a82c7eab3d,ok,17569024.0,v1.12-1.13,0.0,0.0,0.0,True,0.0018887986316116,1.986896498119454,0.0081408953411654,63594994,35898652,14.9,C,
a9f5516c-4961-4f09-98e7-cf68993a9e50,ok,17891392.0,v1.16+,0.0,0.0,0.0,True,0.1553254437869822,1.98161767620026,0.0079460761014812,12501421,8542982,4.0,C,
cb779b9f-9d49-4de3-83d6-0b660daaac32,ok,17761280.0,v1.14-1.15,0.0,0.0,0.0,True,0.6551682131037704,2.000000866279445,0.0,40694137,21875106,9.1,B,
4e4da523-5eee-4a61-ba26-a72d7df7745f,ok,17760256.0,v1.14-1.15,0.0,0.0,0.0,True,1.0,1.999915006444967,0.0,7903866,4857166,5.2,B,
d7078890-15ba-4c46-96ab-969fd10948a8,ok,17695743.0,v1.14-1.15,0.0161290322580645,0.0,0.0,True,0.0667451244115669,1.8461524544389187,0.0957705283604908,13871501,7956048,7.8,B,
82769023-2850-4773-a6eb-dcc8c9358e1b,ok,17891392.0,v1.16+,0.0,0.0,0.0,True,1.0,1.9999994666668088,0.0,5325000,3291417,2.8,C,
ab8b2ce8-dc12-42c8-9bf5-208ed1362d34,ok,17695743.0,v1.14-1.15,0.0,0.0,0.0,True,0.1329670329670329,1.999878207417168,0.0,3817543,2833323,2.6,A,
35c33cd4-3599-4c23-9815-064df9c0fb83,ok,17695743.0,v1.14-1.15,0.0535506402793946,0.0,0.0,True,0.8831982493110715,2.00004508434961,0.0,47055980,24461918,18.4,C,
7674a4e2-8217-4880-94eb-3d2216f95bc9,ok,17695743.0,v1.14-1.15,0.4090909090909091,0.0,0.0,True,0.0597687861271676,1.903767932143636,0.0362051472194711,47776912,16730693,10.5,C,
beb6cd8e-fca3-4dc2-87a9-fefb239fc124,ok,17629952.0,v1.12-1.13,0.0,0.0,0.0,True,0.0,2.000046299922392,0.0,4406218,2884018,3.5,C,
4eb7566f-bc37-4adb-934e-c52b3422fc81,ok,17761535.0,v1.14-1.15,0.0,0.0,0.0,True,0.2389668497051047,1.999946775610004,0.0,17839632,11268594,6.2,A,
ec766012-bef5-4b71-b190-3349c7b1a8ab,ok,17694848.0,v1.14-1.15,0.0216216216216216,0.0,0.0,False,0.0172697054216177,2.0001297446800312,0.0,15737040,8481928,8.9,A,
f0fa6d2e-3646-4e51-ae18-d2abdf488668,ok,17825984.0,v1.16+,0.0,0.0,0.0,True,0.0074651765793652,2.0000004252874466,6.77387338527994e-05,83125547,44244313,17.7,B,
27b8c2b8-9396-493c-86fd-2559c4a0ebc2,ok,17695744.0,v1.14-1.15,0.0,0.0,0.0,True,0.9338146811071,2.015783327481696,0.0,2534612,1789046,2.8,C,
1815e69a-37d5-4afb-bfa9-d344cf9b7e06,ok,17695232.0,v1.14-1.15,0.0,0.0,0.0,True,0.2442748091603053,1.9999730089112728,0.0,4241535,2725543,3.9,B,
4209ea80-1cae-437b-8c20-e11f20556d11,ok,17760384.0,v1.14-1.15,0.0,0.0,0.0,False,0.0799570088587806,2.0000254582679826,0.0,18771395,9306462,8.4,C,
f20d995d-721c-4f4f-a626-e4039596769f,ok,17695488.0,v1.14-1.15,0.1758241758241758,0.0,0.0,True,0.0806383387810036,2.0002183442764983,0.0,9622712,5824192,4.3,A,
d444e5a7-5c62-4fb4-b97b-b300f3874e27,ok,17760384.0,v1.14-1.15,0.0,0.0,0.0,True,0.024765478424015,2.0000454925601865,0.0,8632156,5686288,4.4,B,
04a0682a-e0a6-40c7-87ee-0512b5626c85,ok,17499135.0,v1.12-1.13,0.0,0.0,,True,1.0,0.0,0.4966224507815107,38960878,20837868,14.6,B,
1b599257-90bf-4219-aa8d-0f6059accc6e,ok,17695488.0,v1.14-1.15,0.0,0.0,0.0,True,0.0275058275058275,2.000031419697338,0.0,7751240,4951897,3.7,B,
62fb3c73-41c2-42cc-84c2-581e371f1b5d,ok,17826047.0,v1.16+,0.0,0.0,0.0,True,0.0392422192151556,1.999988767186376,0.002004336448718,3290691,2551747,3.6,C,
a2232187-026a-4ed7-a833-e0619a6f4abe,ok,17695743.0,v1.14-1.15,0.0,0.0,0.0,True,0.0540806293018682,2.000079250664962,0.0,4264935,2918066,8.6,B,
e3b945d8-bd95-4379-b546-6f15c3087fe3,ok,17891583.0,v1.16+,0.0,0.0,0.0,True,1.0,1.9967677675880025,0.0014491308376713,24339968,13420525,7.7,C,
a5bbfb99-e367-451b-977b-999ec400407a,ok,17499135.0,v1.12-1.13,0.0,0.0,0.0,True,1.0,5.000117256270869,0.006373970932521,6586983,4625568,4.1,B,
1ff2d6c6-8900-428c-84c0-d5d87c92517d,ok,17499135.0,v1.12-1.13,0.0,0.0,,True,1.0,0.0,0.056422333691266,15801432,8317055,6.0,B,
2c5a5cb6-92a3-4b71-bd9d-988c20c279b0,ok,17564416.0,v1.12-1.13,0.0,0.0,0.0,True,1.0,2.0013660929618986,0.0,32677991,17793775,7.2,A,
5fe1abd6-24bb-4d7b-9d00-da5eb0dd8127,ok,17760256.0,v1.14-1.15,0.5188679245283019,0.0,0.0,True,0.0049440927142785,0.7897124571914991,0.5678369423059053,310992314,61015685,60.8,B,
36df6338-8a3a-454f-a549-50e3a3f3e36e,ok,17695743.0,v1.14-1.15,0.6474358974358975,0.0,0.0,True,0.0370090634441087,2.000135637105065,0.0,7807023,4914764,3.3,A,
4a33fc9c-f89e-4444-95f3-bbef900afe77,ok,17630207.0,v1.12-1.13,0.0105263157894736,0.0,0.0,True,0.0,1.3948653353830818,0.3058588191023836,3123981,2115313,2.6,B,
80b9302e-f69b-4cf0-94da-8f2f1a37a7f9,ok,17826559.0,v1.16+,0.0,0.0,0.0,True,0.0622950819672131,1.9999999779005528,0.0,4324499,3056558,3.4,B,
043cb9fa-6863-4e5a-a9b8-33a81ea64d85,ok,17629951.0,v1.12-1.13,0.0,0.0,0.0,True,0.0032154340836012,1.999996541068784,0.0,14527338,8926325,6.0,C,
27d8e9dc-30b5-4107-9d8a-bdac5ab7a759,ok,17629952.0,v1.12-1.13,0.0,0.0,0.0,True,0.0,2.000048807642677,0.0,7365562,4635297,3.5,C,
d696c678-12c7-49b7-b7f9-a651b49aee50,ok,17761535.0,v1.14-1.15,0.0,0.0,0.0,True,0.0260843321548676,1.9999518643376235,0.0,26483478,16880308,7.1,C,
d62020af-650e-4ebf-8104-ab8f816c007c,ok,17695743.0,v1.14-1.15,0.0,0.0,0.0,True,0.0929965556831228,1.999923008744288,0.0,3475544,2585197,2.7,C,
ce0cc310-6b55-4beb-b5b1-fb7ea3d2731b,ok,17826047.0,v1.16+,0.0,0.0,0.0,True,0.0432555492316448,2.0000474525544174,0.0,7975444,5572885,3.2,B,
b67ba244-4094-4f6f-b8a1-658e20ba9ff4,ok,17695488.0,v1.14-1.15,0.0047058823529411,0.0,0.0,True,0.0429744084983099,1.9999587901953884,0.0,12026891,6042082,5.0,B,
731703ab-759d-47ae-b78c-fb68057bf902,ok,20056575.0,v1.16+,0.0,0.0,0.0354141656662665,True,0.0231231231231231,2.0000358199186303,0.0,14023477,8989984,4.8,B,
ae91607a-9a5d-40f0-ba17-2734aec94cca,ok,17695743.0,v1.14-1.15,0.0,0.0,0.1520467836257309,True,0.0995121951219512,2.000083254697055,0.0,4325088,3033467,2.7,A,
61eb52d7-89d4-429c-883c-497c7ab8006d,ok,17760512.0,v1.14-1.15,0.0,0.0,0.0,True,0.0437876160359073,1.999964132511382,0.0,13703904,8383492,3.8,C,
c9b0fb41-efc1-4ba7-8f57-01d735e39c7a,ok,17891583.0,v1.16+,0.0,0.0,0.0,True,0.040586245772266,2.0000594108556813,0.0,2870233,1907469,2.5,C,
74a1e3c3-e1ce-4c2c-a41c-c7bd37351ccf,ok,17694720.0,v1.14-1.15,0.0,0.0,0.0,True,0.0740276035131744,1.9998701097021152,0.0,3502919,2374197,2.8,B,
f69f71e4-cb0f-4413-b679-21eec0f2cc3f,ok,17760767.0,v1.14-1.15,0.0323054331864904,0.0,0.0,True,0.7797779777977798,1.9999686441006264,0.0,11768963,7555913,3.5,C,
085661c0-2072-4148-adb9-ed135a0c3655,ok,17694720.0,v1.14-1.15,0.0,0.0,0.0,True,0.0,2.0075244211032786,0.0,1729508,1257134,3.0,B,
88290105-ab4b-45d4-93f2-f893a2ff3733,ok,17499135.0,v1.12-1.13,0.0,0.0,0.0,True,1.0,4.99993519713215,0.0052250831947543,6546359,4600670,3.7,C,
11e781cf-93a4-455f-9bca-7342acd5c3e7,ok,17761535.0,v1.14-1.15,0.0,0.0,0.0,True,0.0331753554502369,2.000011920705972,0.0,4635430,2903680,2.9,B,
c82cb763-86fe-483c-a9f6-de84110fd0f8,ok,17498880.0,v1.12-1.13,0.0,0.0,0.0,True,1.0,5.006283458250283,0.0004924399987245,5709886,3763620,4.2,A,
bff9efcd-9679-4282-83f6-cb495db9349f,ok,17695743.0,v1.14-1.15,0.0,0.0,0.0,True,0.0495049504950495,2.000036354251964,0.0013027683016284,2872339,1879048,3.6,C,
c524762c-a73b-4c1a-bd09-48adeff8e4f2,ok,17498880.0,v1.12-1.13,0.0,0.0,0.0,True,1.0,4.992737383968548,0.0093724302695723,9986870,6834821,4.1,C,
e3f9de0e-05ae-4c56-a48a-34eff6042f9f,ok,17761280.0,v1.14-1.15,0.0,0.0,0.0,True,0.4666906733885488,2.0000124549512086,0.0,10249960,6543472,4.7,B,
4f2fe130-c63e-4ad6-8ac5-7b16e3855d92,ok,17630207.0,v1.12-1.13,0.0,0.0,0.0,True,0.0574162679425837,2.000012563652805,0.0,7294927,4816732,6.6,B,
5983b200-20c5-489f-be1e-4cc362151329,ok,17760256.0,v1.14-1.15,0.0,0.0,0.0,True,0.0595238095238095,1.999926251567442,0.0,4538891,3338432,4.8,B,
039917d3-cf0d-429b-8999-88f2ddc6a6a7,ok,17695488.0,v1.14-1.15,0.0023201856148491,0.0,0.0037105751391465,False,0.005568445475638,2.000009268108217,0.0,8462926,5492240,7.6,A,
1d974501-1369-4d64-952c-6da9a027eb45,ok,17499135.0,v1.12-1.13,0.0,0.0,0.0,True,1.0,5.000696042827583,0.0045520576439261,46861137,30382755,25.7,B,
b2b83134-c1e1-49fe-b923-48e8df5f180b,ok,17630207.0,v1.12-1.13,0.0,0.0,0.0,True,0.0,2.000015347658758,0.0,24016580,13957348,12.6,B,
20efb65a-199d-4864-bb68-87e073eee1c6,ok,17498880.0,v1.12-1.13,0.0,0.0,0.0,True,0.0,5.00884973482654,0.0,6678402,3419223,3.3,B,
d30fad48-e80f-4fd2-b23d-84d2fd408e7e,ok,17694720.0,v1.14-1.15,0.954054054054054,0.0,0.112781954887218,True,0.6817204301075269,1.9999330616999025,0.0,6552412,3958191,3.7,A,
1c028770-3950-4e35-9f51-8e0b9a03c41d,ok,17694975.0,v1.14-1.15,0.0,0.0,0.0,True,0.0576291952916466,1.999943902194644,0.0,9050160,5720666,4.0,A,
a3d8b20d-a1f4-4bdd-b668-b60913c27a14,ok,17761280.0,v1.14-1.15,0.1314854299928926,0.0,0.0,True,0.0057341093494652,1.998591845215545,1.993125366086412e-05,215360349,80011243,34.6,B,
c83f2f32-b509-49c9-97dc-895b3406f89b,ok,17694975.0,v1.14-1.15,,,,,0.0569636410050691,0.0,0.0,9050324,5336684,3.9,C,
40cdd4d7-24fa-450f-aaf4-03b0084146a7,ok,17760256.0,v1.14-1.15,0.0,0.0782122905027933,0.0,True,0.0481736368448914,1.9999325636774143,0.0,12054514,7388551,5.9,B,
0dcaa550-8b2d-443b-b491-4c85a0730405,ok,17760511.0,v1.14-1.15,0.0,0.0279720279720279,0.0,True,0.0397489539748954,2.0000402674773854,0.0,5218589,3414140,2.9,B,
be20cbd5-d15d-403c-9938-b728114bb099,ok,17761535.0,v1.14-1.15,0.0,0.0,0.0,False,0.0483022477283596,1.9999867039990071,0.0,26266399,16659320,7.2,C,
7729399b-3ab1-4c5a-ad6f-ef7d50ffedc4,ok,17564416.0,v1.12-1.13,0.0,0.0,0.0,True,1.0,2.0014992521658,0.0,29921058,16348925,9.1,A,
29f1f9f4-8c5b-440a-94e0-1abae2785565,ok,17826240.0,v1.16+,0.0,0.0,0.0,True,0.0233477372458379,1.9905369777515365,0.0147620035543268,26118454,15877630,4.8,A,
0dc9f9cb-bed4-4203-92b0-50a6f7b0934e,ok,17695488.0,v1.14-1.15,0.6777777777777778,0.2888888888888888,0.1098901098901098,True,0.5547068858560794,2.0001003605914267,0.0,9680532,5911559,4.0,C,
8e7fbfce-8910-4df5-a148-7a42b2390195,ok,17760256.0,v1.14-1.15,0.0,0.0,0.0,True,0.0577478344562078,1.9999560786344672,0.0,4189112,2979126,2.8,C,
1d6b67ee-99e8-4c76-8fbc-a5360f22b021,ok,17694975.0,v1.14-1.15,0.0,0.0,0.03125,False,0.028779423844999,0.7519402461458565,0.5478203473840931,27791744,10280670,7.3,B,
4c707e29-6161-4231-b3f3-c6d87067d932,ok,17761535.0,v1.14-1.15,0.0,0.0,0.0,True,0.0409461594295717,1.9999961829341144,0.0,17240202,10533104,4.5,B,
2b2d3d96-d6a1-40bc-be35-4e3c9559335f,ok,17761280.0,v1.14-1.15,0.0,0.0,0.0,True,0.0503858374943259,1.9641984343325063,0.0176441040036015,9825901,5188321,3.2,C,
7500bb91-a8cd-4a73-b540-edc4212cc484,ok,17694975.0,v1.14-1.15,0.0,0.0,0.0,True,0.0404509894155545,1.987279908256631,0.0056484000626359,9723144,5552901,4.5,B,
5b25f73c-201b-4b45-8d96-c636db9f0c93,ok,17695743.0,v1.14-1.15,0.0,0.0,0.0,True,0.0203269995581087,2.000045907927359,0.0,9168423,6012734,7.1,A,
5bb8663d-bca0-496d-a49f-611216ea460b,ok,17891392.0,v1.16+,0.0,0.0,0.0,True,0.0328226467435848,1.9666568006050504,0.011884574205335,40429022,15215862,11.4,B,
91ec9bc4-79fe-4a73-bb77-79ae036c6bef,ok,17564416.0,v1.12-1.13,0.0,0.0179055887140531,0.0,True,0.985183594588791,2.001070103118354,0.0,45799917,25148541,11.6,A,
c9adfda1-24f2-4e86-a697-f8d149bc0792,ok,17499135.0,v1.12-1.13,0.0,0.0,0.0,True,1.0,4.996351472971144,0.0037162180604634,9978441,6887436,3.2,B,
905d5876-3369-44f4-b10f-92c541db6538,ok,17761280.0,v1.14-1.15,0.0,0.0,0.0,True,0.048435171385991,1.999974307446163,0.0,5366974,3667243,3.3,C,
6cba0bff-2f4e-4136-ba63-8797997fbd5a,ok,17694975.0,v1.14-1.15,0.0,0.0,0.0,True,0.1214015463069583,1.9766427547843488,0.0090395093754687,14336251,9098837,3.9,B,
0d6463de-b633-4b9e-9d3d-2ff9ba307ad7,ok,17694720.0,v1.14-1.15,0.0,0.0,0.0,True,0.0330423940149625,2.0000100564768983,0.0,6986404,4490014,3.5,C,
d1040f90-3b13-40c7-b515-ee8afd5e354b,ok,17825856.0,v1.16+,0.1571648690292758,0.0,0.0,True,0.0388962765957446,1.9867053063933573,0.0039912151865718,32703890,9264266,9.5,B,
a4d1d478-2bb2-4e43-b425-f0a4680a0e7d,ok,17761280.0,v1.14-1.15,0.0,0.0,0.0,True,0.0612244897959183,1.999989650847204,0.0,3031788,2146273,4.4,C,
8c5caa7e-149d-4e32-a0c3-de9164055232,ok,17761535.0,v1.14-1.15,0.0,0.194331983805668,0.0,True,0.1081176992458967,2.0000188767739093,0.0,13399731,8434582,8.8,B,
55247617-39de-4b73-a7b9-5b2da2d08f7a,ok,17433088.0,v1.12-1.13,0.0325581395348837,0.0,0.0,True,0.9985592170574644,0.0,0.0093516086601201,57167872,28830629,14.3,C,
e336727a-11fd-430b-84ed-3cc0148273f0,ok,17891392.0,v1.16+,0.0978593272171253,0.2354740061162079,0.0,True,0.0341880341880341,100.00658067912607,0.0,44450019,17757533,11.4,C,
a05a7a77-50da-44a4-bef8-2f4d95368f9f,ok,17760511.0,v1.14-1.15,0.015,0.0,0.0,True,0.110423116615067,1.9998121426468505,0.0,4020309,2935068,3.6,B,
cd7c95ef-d4f4-44ef-b17d-959de9df1779,ok,17826047.0,v1.16+,0.0,0.0,0.0,True,0.04921968787515,1.9998961499710075,0.0014105566224981,3853993,3162663,3.8,C,
69debc3e-569a-423b-a805-681c838074a7,ok,17825984.0,v1.16+,0.0,0.0,0.0,False,0.0125345622119815,1.981701549774052,0.0090863548034233,25649669,16404983,5.4,B,
53af3ca2-16bb-4de7-b4fa-83ce0ccfb947,ok,17630207.0,v1.12-1.13,0.0,0.0,0.0,True,0.0,1.9999589707987964,0.0,5094678,3557647,2.7,C,
311ee1a0-b62d-49a9-b6db-22a5f0a39a0e,ok,17367551.0,v1.12-1.13,0.0,0.0,0.0,True,1.0,0.0,6.819721559011713e-05,11835747,6229366,4.1,C,
59ed47cc-6011-4ae7-be54-7f37167942f7,ok,17630207.0,v1.12-1.13,0.0,0.0281030444964871,0.0,True,0.0,1.999952705343771,0.0,10387272,6106750,3.9,B,
124b73e2-8326-4227-af9c-387149e80ca4,ok,16777727.0,v1.12-1.13,0.0,0.0,0.0,True,0.0447057604641525,1.9558530151459488,0.0309631313499966,8310324,4934261,2.9,A,
4bef7e8c-7cf9-41a9-97cb-c9c35cc82a13,ok,17761535.0,v1.14-1.15,0.0,0.0043383947939262,0.0,True,0.0111209964412811,1.9911653038775416,0.0037464155985981,15205048,9843948,5.2,C,
ef163204-94b4-485e-9e67-05820b135e6e,ok,17760384.0,v1.14-1.15,0.0,0.0,0.0,True,0.0655457183245294,1.999873156981256,0.0,12879958,8965763,5.1,C,
051dce48-9ba6-4f71-90e0-2a766086d17d,ok,17695743.0,v1.14-1.15,0.2248062015503876,0.0,0.0,True,0.0722744106941331,1.8507562406418336,0.0635654624141712,43748232,14373982,6.9,A,
988dbf15-3c49-49c7-b130-f49157abed5d,ok,17826047.0,v1.16+,0.0,0.0,0.0,True,0.0361635220125786,2.00000421053518,0.0,8183704,5591877,3.4,B,
8193dcbd-d155-4ca4-8fb7-50a9d9d4e041,ok,17891392.0,v1.16+,0.0367063492063492,0.0079365079365079,0.0,True,0.0225876758470378,1.990135323265107,0.005592232335314,24151764,15517947,5.4,C,
586949b9-6b8e-4b43-9d57-d49c8f63762a,ok,17760768.0,v1.14-1.15,0.0,0.0,0.0,True,0.0755336617405583,1.9999660005779905,0.0,2175599,1546004,2.3,B,
628cd8fb-3a0e-47f2-bb7a-dd9c94abb93f,ok,17761535.0,v1.14-1.15,0.0,0.0199789695057833,0.0,True,0.0188323917137476,1.999999119497243,0.0,19714082,12313241,4.4,C,
fb6bcaae-f440-409e-ad51-f4ddd6ba22cb,ok,17498880.0,v1.12-1.13,0.0,0.0,0.0,True,1.0,5.0000614836956725,0.0104662982520981,2776000,2063312,2.3,A,
756c4d93-c2ad-463b-86ae-f5c311e2e0ed,ok,17630207.0,v1.12-1.13,0.3716216216216216,0.0,0.0,True,0.0,2.0001499413102857,0.0011472101121678,2427423,1672041,2.9,A,
2ccd382d-7cdf-4568-a364-8ca4a16a4df3,ok,17761535.0,v1.14-1.15,0.0,0.0,0.0,True,0.0448095593726661,1.9999774889751805,0.0,5636378,3916217,29.9,B,
f61db252-c29d-4e2d-b647-80cff3b80ff6,ok,17760768.0,v1.14-1.15,0.0,0.0,0.0,True,0.0068438318011043,2.0000005547910487,0.0,104395206,62152664,18.4,A,
4682dad2-3d47-4270-954f-0381669b8f64,ok,17695488.0,v1.14-1.15,0.0,0.0,0.0,True,0.5900544285007422,1.9999857487083608,0.0,32195256,16633296,11.0,C,
a5fe498e-99d1-48b6-ad73-967e324094e9,ok,17825984.0,v1.16+,0.0,0.0,0.0,True,0.0053170994837019,2.0000029915233646,0.0,61066226,37917653,17.3,C,
aed9f3c0-dc2a-4aec-978a-824b69c54db5,ok,17761535.0,v1.14-1.15,0.0,0.1379310344827586,0.0,True,0.0451339915373765,2.0000533063852868,0.0,9055550,6643289,4.5,A,
f7370c72-1514-49df-aa4b-14635c778a9f,ok,17694975.0,v1.14-1.15,0.0,0.0,0.0,True,0.0918568056648308,2.000221227265248,0.0,8079621,5176533,5.0,C,
b07ba848-cd93-49e0-b85a-8aab40871087,ok,17891583.0,v1.16+,0.0,0.0,0.0,True,0.0551911332277765,2.00001163250009,0.0,11307300,6599538,6.3,B,
fabcdbed-9970-4849-af1f-2ec5dca39627,ok,17760256.0,v1.14-1.15,0.1464435146443514,0.0,0.0,True,0.6361241655940372,0.9999481406205692,0.0022712496071673,22976455,9686824,5.4,C,
e626af9d-cb3a-4bfb-8bce-2ab136016970,ok,17694975.0,v1.14-1.15,0.0,0.0,0.0,True,0.0528350515463917,2.000050131126663,0.0,2997247,2136050,1.7,B,
e61f1cf8-9eae-45b8-a6e3-2bb335429e8b,ok,17891392.0,v1.16+,0.0,0.0,0.0,True,1.0,98.10839741964564,0.0,111869640,41460886,27.6,A,
4cb843fa-a663-45e7-bdee-3fd7d8b7d5c5,ok,17629951.0,v1.12-1.13,0.0,0.0,0.0,True,1.0,1.999979131208171,0.0,5533664,3619701,2.7,B,
25262c03-adbb-47ce-9b3a-7e60ee74a9d6,ok,17891583.0,v1.16+,0.0198412698412698,0.0912698412698412,0.0,True,0.0735042735042735,2.000012913876487,0.0,4630576,3383914,5.0,C,
e2dc977c-ad54-4fa1-9c95-0a4e97a684df,ok,17761023.0,v1.14-1.15,0.0,0.0,0.0,True,0.054416961130742,2.000108916963158,0.0,5803354,3510106,6.3,B,
71a08506-356c-4c7f-a192-bf1d2ce2e6da,ok,17760768.0,v1.14-1.15,0.0,0.0,0.0,True,0.0303937100275773,1.9917343695977088,0.0003417916028905,12201265,7708115,6.5,C,
a0c415ca-ca51-40ff-a3ca-6123fde8a77f,ok,17760320.0,v1.14-1.15,0.0,0.0,0.0,True,0.0329095088152842,2.000024726203609,0.0006710139929186,29459934,18352903,7.9,A,
0d6ce0b4-100d-4d6d-b81d-da2753e45cfc,ok,17171712.0,v1.12-1.13,0.0,0.0,0.0,True,1.0,0.0,0.0,10379546,5739478,3.4,A,
3cf4370f-d01b-47c7-b6b7-7837ba7cdaec,ok,17761535.0,v1.14-1.15,0.0,0.0,0.0,True,0.0911602209944751,1.9587432779834488,0.0169873075058093,2597024,1845072,2.3,C,
ba181711-e878-48f7-a471-9d58562fd030,ok,17891583.0,v1.16+,0.0,0.0,0.0,True,0.0491935483870967,2.000109009989848,0.0,6448870,3877431,4.2,C,
9ed915b0-e898-4fd9-b770-c5836b1bbbb1,ok,17761280.0,v1.14-1.15,0.0568181818181818,0.0568181818181818,0.0,False,0.0512354070046377,0.849071630739427,0.6109829218204279,34312879,8653840,7.4,A,
325c6d6a-14f3-499e-87d9-295395dbd1f0,ok,17826240.0,v1.16+,0.0,0.0,0.0,True,0.0532481363152289,1.9999967486683872,0.0,4296746,3003697,6.2,B,
eae64533-3222-4d0f-8047-6dde85a720a1,ok,17694720.0,v1.14-1.15,0.0,0.0,0.0,True,0.025287100940108,99.47104064390304,3.431152936543472e-05,38725545,17486686,12.0,C,
a1612c18-78a8-43dc-8619-2100c7aec69a,ok,17760256.0,v1.14-1.15,0.4963503649635036,0.0,0.0,True,0.0317700453857791,2.000037893847729,0.0,2603733,1932191,2.5,C,
1a862e1b-b89f-4e7c-80b6-d27a70f3bf64,ok,17891583.0,v1.16+,0.0,0.0,0.0,True,1.0,1.9999590296458865,0.0002616490019521,4252223,2328504,4.6,C,
ba4cecf0-25ac-45cb-a526-98340b65d0bc,ok,17761280.0,v1.14-1.15,0.0,0.0,0.0,True,0.0159313725490196,2.0000152862706804,0.0015778633840014,6333275,4240715,4.7,C,
ca940b2a-bce3-4f23-8f04-7476f32e466a,ok,17826047.0,v1.16+,0.0275229357798165,0.0,0.0,True,0.0371730151445617,2.0000661588704536,0.0006402058550831,10301613,6514869,5.1,B,
c1d5191d-c643-4235-b3ca-bcfff3b8253b,ok,17761535.0,v1.14-1.15,0.0,0.0205992509363295,0.0,True,0.8458891013384321,1.9999949080589408,0.0,21066412,12111952,6.3,A,
68271f20-cb2b-40fb-aa8f-569b5b52a924,ok,17694975.0,v1.14-1.15,0.0,0.0,0.0,True,0.0059940059940059,2.000080626365752,0.0,4017914,2773561,2.6,B,
3b276d2c-c0d6-44ef-b7af-765094c210e9,ok,17629952.0,v1.12-1.13,0.0145985401459854,0.0,0.0,True,0.0634218289085545,2.0001139467900733,0.0,3103146,2079585,2.5,B,
b492fa80-528b-4c83-8b2f-b747c5b8fc8e,ok,17761535.0,v1.14-1.15,0.0,0.0,0.0,True,0.0255474452554744,2.0000002417582707,0.0,11971413,7814405,3.7,A,
fd0cbcbe-b2b0-4ad6-880a-75c73c06f3ac,ok,17826559.0,v1.16+,0.0,0.0607734806629834,0.0,True,0.0614334470989761,2.0002271292391924,0.0,4166770,2986838,3.4,C,
fa7ab17d-a915-46a3-9200-e036f019b433,ok,17694975.0,v1.14-1.15,0.0,0.3519553072625698,0.0,True,0.0541760722347629,1.9998478524844048,0.0,3646713,2632675,7.9,A,
9812131f-28f9-4da2-bdcd-5edf982b0feb,ok,17761535.0,v1.14-1.15,0.3238610735227785,0.0,0.0,True,0.0041277817659727,1.9999963233116536,0.0,46731213,28287939,16.7,B,
b3091073-c2fc-4696-bc7a-96a643725631,ok,17367552.0,v1.12-1.13,0.0,0.0,0.0,True,0.0048545636910732,0.0,0.000336096469693,91115953,43138823,23.4,B,
43045110-6084-4513-a3fb-244a63d80c99,ok,17826047.0,v1.16+,0.0,0.0,0.0,True,0.2872098315885298,1.9999115655543345,0.0,9024598,6115857,6.4,B,
0cca1584-40c3-41c9-b56d-1703438f9684,ok,17826047.0,v1.16+,0.0,0.1045751633986928,0.0,True,0.0726824044326488,2.0000914708499336,0.0,7968841,5153701,5.2,C,
d755554a-a693-4eca-bfdd-a5d587bbaa5c,ok,17629952.0,v1.12-1.13,0.0317460317460317,0.0,0.0,True,0.0151033386327503,1.96857137995334,0.0149488650436766,41418193,13921481,8.3,B,
472ba35d-df7c-4a02-b0d8-69d145dca0c9,ok,18285568.0,v1.16+,0.0,0.0,0.0,True,0.2600966959374039,1.9817701848253828,0.0098881055703157,105606413,55057871,29.1,B,
3b76598d-9bbc-45b6-ade6-e19df0f89907,ok,17891583.0,v1.16+,0.0,0.0,0.0,True,0.7446808510638298,2.000251640546388,0.0,14058333,8047154,8.7,B,
74e86716-c90f-4d1d-8fcb-0d2b893e0063,ok,17564416.0,v1.12-1.13,0.0,0.0052068267283772,0.0,True,1.0,2.0005600412846505,0.0,50425114,28452064,13.9,C,
c7da5f4c-d1eb-43a3-96fb-61f8a73f8f3b,ok,17695488.0,v1.14-1.15,0.0,0.0,0.0,True,0.0402777777777777,1.9998037657347056,0.0,2848482,2161187,2.7,C,
d99a9f02-17dc-4401-8aa5-116a7d4f264b,ok,17694975.0,v1.14-1.15,0.0,0.0,0.0,True,0.0721347944302546,2.00007597935691,0.003211994836276,8991579,5254257,3.3,B,
4234a37d-c710-48a0-b54d-f643ce10448f,ok,17826047.0,v1.16+,0.0,0.0,0.0,True,0.0400064040383112,1.999966500561116,0.0001705781867756,85149630,28960995,18.0,B,
d35aac49-c2bb-4100-90f4-ae00adfd910a,ok,17826240.0,v1.16+,0.0,0.0,0.0,True,0.1223638470451912,1.925915440386306,0.0493767337368931,44408262,14660021,15.0,A,
b052d1a2-a2cf-42f8-9798-adcd0cdb958f,ok,17826047.0,v1.16+,0.0,0.0,0.1030042918454935,True,0.0870586452492802,1.9999830271710668,0.0,12231843,7340608,4.2,B,
48d76b8e-b0e0-4dcb-bf82-e732bd37abd6,ok,17695488.0,v1.14-1.15,0.0,0.0,0.0,True,0.0581983805668016,2.000031391355645,0.0,7958302,5043220,2.8,B,
1e1085da-4a30-458d-aea0-93fab1706f0f,ok,17694720.0,v1.14-1.15,0.0,0.0,0.0,True,0.0595099183197199,1.9999817884011264,0.0,3296934,2310988,2.4,C,
f9a226d0-75a5-4905-8048-6072a45a3e46,ok,17171712.0,v1.12-1.13,0.0,0.0,0.0,False,0.0054000981836033,0.0,0.0014720268288338,8789497,4553122,2.8,C,
a9da73cb-fa4a-4c94-8eb5-3e8fba121846,ok,17564671.0,v1.12-1.13,0.0,0.0995850622406639,0.1131221719457013,True,0.0,2.011257542528268,0.0,4167253,2751471,3.3,C,
a3261350-0c63-48f0-8c89-04eeda5e3e98,ok,17630207.0,v1.12-1.13,0.0,0.0,0.0,True,0.0,1.9999949514690547,0.0,4184444,2980423,3.3,B,
90c261ee-9404-495f-bdd2-3105283d0526,ok,17761280.0,v1.14-1.15,0.0,0.0,0.0,True,1.0,2.000010478928143,0.0,16397764,7094294,4.8,B,
59f235a4-c8c3-4a29-a402-bfa7e25cadbd,ok,17761535.0,v1.14-1.15,0.3658536585365853,0.2146341463414634,0.0,True,0.0498938428874734,2.000005946541745,0.0,3999914,3052531,2.8,C,
c0039818-155a-4448-9c9a-c6f0eb0cc6d0,ok,17629952.0,v1.12-1.13,0.0,0.0,0.0,True,0.0,2.000091294947336,0.0,3185161,2296490,2.3,A,
db7c41d2-1bc1-44a6-9390-84639783f4fd,ok,17694976.0,v1.14-1.15,0.0,0.0,0.0,True,0.0499139414802065,1.9828707606298248,0.008934830098797,6527301,4337888,3.0,A,
8272f62a-aed4-4fb9-b758-f1e0de762dc3,ok,17760256.0,v1.14-1.15,0.0,0.0,0.0,True,1.0,1.9999655702129684,0.0,12998152,7132899,3.9,C,
8b4acf0f-fe26-4679-b224-e1e8a66181b7,ok,17695488.0,v1.14-1.15,0.0,0.0,0.0,True,0.653747920425522,1.9866775139258928,0.0064613620885285,16745861,8989822,5.6,B,
fc15f7b6-482c-4963-b4c2-3ee6e76f4011,ok,17891583.0,v1.16+,,,,,0.039193563303431,0.0,0.0,17063258,10579905,5.9,B,
b077f5bf-11be-4d53-abe2-e20358bba345,ok,17694720.0,v1.14-1.15,0.0,0.0,0.0,True,0.0577507598784194,1.999669900645632,0.0,3431502,2292669,3.0,B,
9823eda4-4bb2-45c5-8fb9-645e406ed56a,ok,17761535.0,v1.14-1.15,0.0,0.0,0.0,True,0.0659082144234477,1.9998905514443663,0.0,10116527,6248383,5.1,B,
3b39b739-ada1-4a60-8933-ce575cdee02c,ok,17630207.0,v1.12-1.13,0.0,0.0,0.0,True,0.0561097256857855,2.0000091411076104,0.0,6894075,4505783,4.9,B,
af832e28-9bb1-4cc4-aa14-5608b10bdc41,ok,17891392.0,v1.16+,0.0,0.0,0.0,True,0.0758547307703077,1.711428106254162,0.1227858367584461,12670570,8093338,5.3,C,
f7499400-3408-4b17-9080-04047666c217,ok,17433087.0,v1.12-1.13,0.0,0.0,0.0,True,0.9874826147426982,0.0,0.0,2638632,1506382,3.6,C,
aa631c97-24f1-479a-9fd1-d8d918cee4e5,ok,17760384.0,v1.14-1.15,0.0,0.1828571428571428,0.0,False,0.782991202346041,100.01173158141718,0.0,18356702,8879897,9.0,A,
a8655375-6af3-415b-919b-020a7d68685a,ok,17760767.0,v1.14-1.15,0.0,0.0,0.0,True,0.0079692223138224,1.9999742923414647,0.0,14299593,9166201,4.3,C,
80b3488e-ba86-48b7-b697-0523fcf8a95a,ok,17761535.0,v1.14-1.15,0.0,0.0,0.0,True,0.0046496882595371,1.99999950502392,0.0,40254969,25089508,9.8,C,
31c66c6a-9251-4514-8149-364e7335a0b1,ok,17694975.0,v1.14-1.15,0.0,0.0,0.0,True,0.0137653536637018,1.9999960127332936,0.0,16516627,10131080,5.0,B,
23695cc6-3437-4584-a0cd-4a4cb4a65dbc,ok,16777472.0,v1.12-1.13,0.0,0.0,0.0,True,0.0472588610364443,2.000053561972521,0.0,11429664,7039386,6.2,C,
70b2052b-7c69-45e1-bf4f-c9b03b86fe11,ok,17761280.0,v1.14-1.15,0.0,0.0,0.0,True,0.1140161509554649,1.367677630441151,0.3044247024162135,26487518,12431207,8.0,A,
c52ffc28-a7ec-4b9f-bee5-dcc2db094682,ok,17761280.0,v1.14-1.15,0.0,0.0,0.0,True,0.0463509144309795,0.864205938200979,0.5870307891557677,27554745,7055874,7.6,C,
b26ee7ad-776e-40fd-b94a-24fb9f853e98,ok,17826047.0,v1.16+,0.0,0.0,0.0,True,0.7039588743441624,1.985534659331229,0.0098724955583932,7287440,4490191,4.2,B,
cf52ab79-6c96-490c-8e86-04c2cf76639a,ok,17761023.0,v1.14-1.15,0.0,0.0,0.0,True,0.4121274409044193,1.9999403126621715,0.0,4055068,2777905,2.7,C,
3ab565b8-a155-442e-96a0-0330c7a10dca,ok,17761280.0,v1.14-1.15,0.0,0.0474383301707779,0.0,True,0.0180007659900421,1.9999537131633909,0.0,11602531,8078917,6.8,B,
2e7ce125-2bab-40a0-b3e3-4623769557c5,ok,17760384.0,v1.14-1.15,0.0,0.0,0.0,True,0.0787961041034648,2.000051758915216,0.0,11490782,8019129,7.1,B,
3eeec72c-eb5f-4280-9f2e-b1bffb6dedbd,ok,17760256.0,v1.14-1.15,0.0,0.0,0.0,True,0.0861743276063686,2.000000103448281,0.0,17937092,9070626,7.2,B,
3317eb28-71a9-4a6f-843c-6f332434231a,ok,17761535.0,v1.14-1.15,0.0258855585831062,0.3310626702997275,0.0,True,0.1038267485860764,2.00001899872487,0.0,38711658,24334308,9.5,C,
df9e6fbc-28a4-4b80-909f-855d5eb0df1b,ok,17695488.0,v1.14-1.15,0.0,0.0,0.0,True,1.0,2.000032988961116,0.0,11568921,5917226,7.9,A,
eafa0b72-3bd6-4ec0-9b18-0e9b9b80fdb0,ok,17694720.0,v1.14-1.15,0.0,0.0,0.0,True,0.0344526951868442,1.9827902220562816,0.0076252351149659,12753729,8336223,6.5,B,
b6475b3e-bcc1-44ae-a9db-3929999a1ea4,ok,17694975.0,v1.14-1.15,0.0,0.0,0.0,True,0.0318301929154936,1.9530439593857367,0.0210687157424701,21072963,11531465,10.0,C,
6b4de766-39c5-47ab-bd2e-0560dc468616,ok,17761023.0,v1.14-1.15,0.8207547169811321,0.0,0.0,True,0.4823304680038204,2.0000239618255424,0.0,4394056,3140404,3.6,A,
740b1fef-f04e-4480-8010-d07641b4ff0c,ok,17499135.0,v1.12-1.13,0.0,0.0,,True,1.0,0.0,0.0899559813882515,182935998,99819889,40.1,C,
451a8510-a049-4f70-8364-e6f6adcac7b3,ok,17825792.0,v1.16+,0.0,0.0032552083333333,0.0,True,0.0112234749551525,1.9942691722334376,1.3232823405512994e-05,88115663,53346052,32.4,C,
ce4fb725-3059-40ff-9476-78b2556d3fb1,ok,17499135.0,v1.12-1.13,0.0,0.0,0.0,False,1.0,4.915533337910848,0.0389510755054954,99330048,58748496,32.5,C,
903de51a-f02b-4f5f-a040-814ba1f1d21b,ok,17826047.0,v1.16+,0.0,0.0,0.0,True,0.0100508428021278,1.801893842668424,0.0984836742192286,83606495,50113617,22.1,A,
4e8856d7-d5ea-4203-8cb7-b8fdc0eeeffb,ok,17694720.0,v1.14-1.15,0.547329754167844,0.0,0.0007837868099876,True,0.0048152295632698,2.000001503642587,0.0,69214152,41305111,21.8,C,
a8601bce-3ca8-4919-af7c-ea4d497406ee,ok,17694720.0,v1.14-1.15,0.0,0.0,0.0,True,0.059789347661873,1.999887026324906,0.0001246589960246,22937268,13346376,17.2,B,
6b47f12f-712e-4f55-8b45-41c2d9bf46b2,ok,17826047.0,v1.16+,0.0,0.0,0.0,True,0.06152794950218,1.9998985353803536,0.0,12322272,7593255,22.7,C,
a1c3ada0-89fa-4632-814d-1b08eafed865,ok,17564416.0,v1.12-1.13,0.0,0.0,0.0,True,0.0,2.008541059237716,0.0,3526464,2404605,4.6,B,
9d6d7836-38b1-47c3-901a-415020892e41,ok,17630207.0,v1.12-1.13,0.0,0.0,0.0,True,0.0,1.9987021786905208,0.0005826765305489,36489268,21469386,16.4,B,
1950ec0e-f45c-4432-8600-f173e2d82291,ok,18350336.0,v1.16+,0.0042498937526561,0.0,0.0,True,0.2908953443388802,2.0004207836148167,0.0,307053510,128740539,83.1,B,
52b41203-a400-4ecb-87ae-67725c5b168f,ok,17891583.0,v1.16+,0.0,0.0,0.0,False,0.0889733840304182,1.9999098819234125,0.0,7852327,4840851,56.8,B,
a8a56da6-2147-4280-a527-3e025acf29a5,ok,17891583.0,v1.16+,0.025,0.0,0.0,True,0.0262397688974482,1.9999749822188595,0.0,18183842,11654823,59.0,B,
7940d64c-acb8-4ffd-bd8a-e2a13c0711be,ok,17760512.0,v1.14-1.15,0.0,0.0,0.0,True,0.0048987047492527,2.000008310794817,0.0,50718361,32368658,83.1,C,
a5b8a6d5-956a-4f06-9b61-4f178160b6a6,ok,17761280.0,v1.14-1.15,0.0,0.0,0.0,True,0.1383928571428571,1.999998169493201,0.0,4087580,2364102,25.3,B,
79c20f3a-e358-42c7-b8bf-ffa5969e1411,ok,17891583.0,v1.16+,0.0,0.0,0.0,True,0.0752744773650173,2.000178848424382,0.0,10748299,6615181,45.4,B,
9314f1f4-88c1-4055-84e9-1917e5b5d6fe,ok,17760511.0,v1.14-1.15,0.0,0.2295719844357976,0.0,True,0.0366328916601714,2.000026133674813,0.0,5432735,3541221,33.7,B,
a66bafa1-b721-48b0-9d0e-07dd90f23ea9,ok,17630207.0,v1.12-1.13,0.0,0.0,0.0,True,0.0296912114014251,2.000113012373561,0.0,4461649,3399141,51.3,A,
de335a4b-c837-470a-aab6-91474bcaa7ba,ok,17694975.0,v1.14-1.15,0.8177150192554558,0.0,0.0,True,0.0079671035723464,1.9232776572091983,0.0367600304888852,12069692,7307424,36.4,C,
f7c04de0-ff56-4d27-a0d6-9b7aebb1aab3,ok,17825792.0,v1.16+,0.0,1.0,0.0,True,0.0075425790754257,2.0000114182027406,0.0,30642710,17344706,64.2,B,
3fb37b09-5efc-4410-89ff-3ca7ff8666dc,ok,17760512.0,v1.14-1.15,0.0,0.0,0.0,True,0.0219667198821073,1.953049568735672,0.0276083483622248,23639387,13973083,17.4,C,
7b8ec509-b86b-4208-80af-9d37cb308119,ok,17825792.0,v1.16+,0.0,0.0,0.0,False,0.280792819267872,1.7420959558833684,0.1295772325662981,214897259,24304631,215.4,C,
bc163a1e-aac1-42dc-bdc1-2172c3bdd02a,ok,17891583.0,v1.16+,0.0,0.0,0.0,True,0.0811138014527845,1.999755872322484,0.0,8240241,4997925,3.1,B,
88578289-2274-4a9f-b5b5-5da6bc956f50,ok,17694975.0,v1.14-1.15,0.331578947368421,0.0,0.0,True,0.0827067669172932,1.9998152170739425,0.0,3882207,2616623,4.0,C,
3ed1c470-ba2f-4016-b7d0-43d9ee8f558b,ok,17629952.0,v1.12-1.13,0.0,0.0,0.0,True,0.0,1.9999945712639509,0.0,30041997,17957330,7.6,B,
c50a1827-ca65-4f4d-ab2e-8b9be974d19b,ok,17760256.0,v1.14-1.15,0.0,0.0,0.0,True,0.2659409020217729,2.0000664084549684,0.0,4652211,3074381,2.8,B,
9ee90bb4-88d6-4c30-a8f2-920d3a6af5de,ok,17760511.0,v1.14-1.15,0.0,0.0,0.0,True,0.0438413361169102,2.000066233772331,0.0,3789120,2712956,3.4,C,
fc6af3b0-e5cb-489f-9cd1-5dfd9fed75e3,ok,17891392.0,v1.16+,0.0,0.0,0.0,True,0.0369630369630369,1.9999619756602824,0.0,8646209,5583287,6.9,C,
484ec610-d25a-44d0-9450-7354c689c6a0,ok,17891583.0,v1.16+,0.7968476357267951,0.0437828371278458,0.4541559214441579,False,0.2007575757575757,89.48123322493147,0.0,60643196,26511275,16.3,B,
1af1f021-a747-4785-b2c7-0bac2e2d3ddc,ok,17825984.0,v1.16+,0.0,0.0,0.0,True,0.0279916025192442,100.0042033290366,0.0,41735347,17103811,10.6,C,
639a05bd-651b-4a7e-8e40-01c2535aadac,ok,17694720.0,v1.14-1.15,0.0,0.0,0.0,True,0.0,1.9999076638376485,0.0,3442690,2198012,2.8,B,
7efff620-3a9a-44b6-94b9-b8f997b0c81c,ok,17629951.0,v1.12-1.13,0.0095969289827255,0.0,0.0,True,0.0234075211051419,1.999963400669768,0.0,10936015,6195925,4.2,A,
806999bf-2b18-4db7-b51d-4d69796089b6,ok,17761535.0,v1.14-1.15,0.0,0.0,0.0,True,0.0237767057201929,2.000015329996605,0.0,15865360,11116356,4.5,C,
489ea666-901e-4d84-9e91-3754f58c7ec0,ok,17760767.0,v1.14-1.15,0.0,0.0,0.0,True,0.0556640625,2.0000424048399528,0.0,3884710,2773537,2.6,C,
b0c6fa55-01db-4c86-a20a-e8db813e3fb5,ok,17629695.0,v1.12-1.13,0.0,0.0169133192389006,0.0,True,0.0150880134115674,1.9874723051487488,0.0053057201151948,9691668,5426370,4.5,B,
1fff245c-fe9a-41ad-95d3-ca73877c9a76,ok,17630207.0,v1.12-1.13,0.0,0.0,0.0,True,0.087719298245614,2.000121933359345,0.0,9047557,4676374,5.2,C,
453d2b54-1b1c-4ae2-8588-ac98a4d74c79,ok,17826240.0,v1.16+,0.0,0.0,0.0,True,0.0593311758360302,1.9999382192997908,0.0,4221004,3146015,3.2,A,
69fb2f08-996e-46dd-8ebf-9805ae21df57,ok,17629952.0,v1.12-1.13,0.0,0.0,0.0,True,0.0322391559202813,2.000018882531214,0.0,6793444,4330906,4.0,C,
aba1d990-98c1-4078-a10a-b819d8daad8c,ok,17761535.0,v1.14-1.15,0.0,0.0,0.0,True,0.1282166283567864,2.000005612918978,0.0,6819580,4523485,4.2,C,
6a21a1f6-df12-4df8-b6dc-2296fc0e10fe,ok,17826047.0,v1.16+,0.0972222222222222,0.0,0.0,True,0.1527581329561527,1.9998960339761764,0.0,3059360,2395519,4.5,A,
dec52fa8-0525-4e08-af6c-3f0405ca0845,ok,17564416.0,v1.12-1.13,0.0,0.0,0.0,True,0.0,2.007855687571536,0.0,4830103,3211788,3.1,B,
1336ae41-7cdf-46b0-9c28-9f6e08ab85a2,ok,17760256.0,v1.14-1.15,0.0,0.0,0.0,True,0.1492469827136447,1.9940577666770656,0.0040762328423154,84241300,26095202,24.7,C,
9e5a66c1-fcff-467a-b4da-cbb682dfbe70,ok,17891392.0,v1.16+,0.0,0.7743732590529248,0.0,True,0.1090342679127725,2.000241887518965,0.0,2834919,2325212,8.3,C,
285829d7-10e1-42e6-865b-e6672cd10b36,ok,17891583.0,v1.16+,0.0,0.1434599156118143,0.0,True,0.038029386343993,100.00692568737448,0.0,34169622,14354340,9.0,C,
b30d0c88-82bc-4bba-a333-806c822d3260,ok,17170944.0,v1.12-1.13,0.0,0.0,0.0,True,0.1154511096815696,1.9688171858864685,0.0216952223987895,38903370,16377151,14.8,B,
8ba85f97-b2e7-4552-a6e5-687ed336025d,ok,17891392.0,v1.16+,0.0,0.8514190317195326,0.0,True,0.1252285191956124,1.9997880408988908,0.0,4695130,3370871,2.2,A,
ce72dd89-2e50-4459-a870-add051bcefb7,ok,17760511.0,v1.14-1.15,0.0,0.0150659133709981,0.0,True,0.1573952199515067,1.9939213296122245,0.0029858337576435,204484922,75433681,32.3,C,
338fed73-21cd-47f8-b4e0-375834915fb3,ok,17760256.0,v1.14-1.15,0.0,0.0,0.0,True,0.0263264479546375,2.0000292036784537,0.0,10168046,6356456,5.7,C,
b8c2a664-75e6-45e8-aed5-336a9fc99742,ok,17629696.0,v1.12-1.13,0.0,0.0,0.0,True,0.0418516169942929,2.000030217017037,0.0,6237300,4099709,4.1,C,
65768165-f895-4998-a19f-50f65ebd5e07,ok,17760384.0,v1.14-1.15,0.0,0.0,0.0,True,0.0824685041270454,1.999967862108126,0.0,18197288,11357988,8.0,C,
86970243-2ea8-4e4a-abb0-819fc9c3ba2d,ok,17761535.0,v1.14-1.15,0.0,0.047923322683706,0.0,True,0.0260520623243079,1.6561394559807852,0.150583372466295,47741999,21141156,13.7,C,
2dea8363-c87e-40de-ada6-1571a30752f3,ok,17498880.0,v1.12-1.13,0.0,0.0,0.0,True,1.0,4.994969923214825,0.0130300649338956,14410104,9767443,9.9,C,
76667762-f6d2-4fa5-99d7-f3a05d507fd4,ok,17694720.0,v1.14-1.15,0.0,0.0083832335329341,0.0,True,0.0096525096525096,89.40207341728767,5.551472273376893e-05,78577618,25973131,18.3,C,
c324e463-5b77-4c0c-a74e-9fcfe68a0450,ok,17760256.0,v1.14-1.15,0.0,0.0,0.0,True,0.33276740237691,1.9999843761904288,0.0,4940572,2983874,4.9,B,
bac12ea7-a0c8-4c61-9c40-bd5c96cf23bb,ok,17694975.0,v1.14-1.15,0.0648510971786833,0.0,0.0,True,0.0022949161772142,2.0000045502049044,0.0,103176033,61198792,30.0,C,
4c7ae259-a3c9-4c09-af35-228f575e78bc,ok,17825984.0,v1.16+,0.0,0.0,0.0,True,0.0978376651043885,2.000002076338033,0.0,7822369,5364114,4.8,A,
6b6e5705-5bd7-4a72-a27a-8dd40d3add00,ok,17826240.0,v1.16+,0.10828025477707,0.0,0.0251862362539907,True,0.0348772217460968,1.9999790765954508,8.512724262466748e-05,62066227,36432363,13.6,C,
131540c4-7357-498e-8dd0-841f4a89eb2d,ok,17761023.0,v1.14-1.15,0.0,0.0,0.0,True,0.0740242261103634,1.999999782312949,0.0,3153524,2352651,2.5,C,
635dc95f-45b9-4c72-bc9d-792fee97fb4d,ok,17694720.0,v1.14-1.15,0.0,0.0,0.0,True,0.0371415138692994,2.000023981419626,0.0,7073234,4458145,2.8,C,
c6407b94-d92e-4082-8c62-77f9a3654f27,ok,17630207.0,v1.12-1.13,0.0,0.0,0.0,True,0.0164473684210526,2.000112739688094,0.0,2402347,2042366,2.6,B,
8111e37a-b699-431d-b988-3dce1e6589b2,ok,17629951.0,v1.12-1.13,0.0,0.0,0.0,True,0.010462074978204,2.0000605007360224,0.0,9279311,4996041,6.0,C,
b1adc823-eedd-4ba8-b909-86d3116fab00,ok,17761535.0,v1.14-1.15,0.0,0.0523690773067331,0.0,True,0.0408570004982561,2.000001120000628,0.0,8834098,6077447,5.9,B,
81d2a60d-b220-4e7f-8a44-38b399ddf1b3,ok,17761280.0,v1.14-1.15,0.0,0.0,0.0,True,1.0,1.999979555238582,0.0,33540379,19388650,11.5,B,
48d9d778-8e41-43e5-91be-9c0756e2c4df,ok,17761280.0,v1.14-1.15,0.0,0.0,0.0,True,0.8513037350246653,2.000020343534382,0.0,37053690,22882918,13.2,B,
629bc3ea-702f-4243-a71e-a1e28ea8c37a,ok,17761023.0,v1.14-1.15,0.499231950844854,0.0,0.0,True,0.0217524509803921,1.9999824517668747,0.0,13436144,8066605,7.3,C,
5942e4fd-d742-4c0d-970e-9bfc89397eb2,ok,17563776.0,v1.12-1.13,0.0,0.0,0.0,True,0.0,1.9999796222548725,0.0001803610428146,12574526,7254912,7.6,C,
91c4652e-bc14-4a69-bc30-0a6fa96e79fe,ok,17694975.0,v1.14-1.15,0.0,0.0,0.0,True,0.0054038680318543,1.9999930388004656,2.91304578302686e-05,56519406,34905591,16.2,B,
efa16de1-4a94-4262-905e-6bbac7f0f129,ok,17825792.0,v1.16+,0.0,0.0,0.0,True,0.0480555308356322,1.988473757111827,0.0149576255465629,100902848,40272172,20.9,C,
831523e9-061f-471b-ac1e-43474b8ff43d,ok,17629184.0,v1.12-1.13,0.9141630901287554,0.0,0.0,True,0.0310077519379844,2.0001121621339752,0.0023996125517013,3736752,2462937,2.9,C,
f961ef7c-7d93-4d70-9366-2c4f348f81f1,ok,17891392.0,v1.16+,0.0,0.0,0.0,True,0.0686131386861313,1.999901034309111,0.0,3084290,2492880,3.1,A,
0e87b8d5-27f6-4156-813c-a7a66a7d84d7,ok,17826047.0,v1.16+,0.0,0.0,0.0,True,0.1122452668747514,1.99987224859789,0.0004983125458102,61012557,19693246,13.6,A,
24839f93-ff43-4da4-a387-18b1c05a3645,ok,17760256.0,v1.14-1.15,0.0,0.0,0.0,True,0.0268082953970662,2.000020122029857,0.0,11731636,8438250,4.5,B,
9ed56191-6ed9-468a-80db-e7c0980d9dc3,ok,17760256.0,v1.14-1.15,0.0,0.0,0.0,True,0.0370624571036376,2.0000445803040243,0.0,8458955,6124492,4.1,B,
e546484a-fc17-47e4-a484-30aaaaf91181,ok,17694720.0,v1.14-1.15,0.0,0.0,0.0,True,0.0953625081645983,101.51603612307672,0.0001698497201033,30198878,9750699,4.6,C,
256513a5-9278-41a5-8d40-8e6127ec96ab,ok,17891392.0,v1.16+,0.0,0.8423005565862709,0.1122881355932203,True,0.0647558386411889,1.9999979893068345,0.0,4141839,3022611,3.2,B,
fbd172a3-ab01-449d-a73e-f127a19df7fc,ok,17825792.0,v1.16+,0.0,0.0,0.0,True,0.9680715197956578,2.000014294973967,0.0,6370635,4186827,4.3,B,
64602d39-7b7e-482c-a5d4-b7e42fb7ecce,ok,17761535.0,v1.14-1.15,0.0,0.0,0.0,True,0.0566182305776756,1.999998968750532,0.0,15631101,8670808,6.7,B,
7de054bf-62b9-4c53-b29b-ca7177ff070a,ok,17761280.0,v1.14-1.15,0.0,0.0,0.0,True,0.0342612419700214,1.99996381360438,0.0,5309768,3720576,4.7,B,
e4dc646b-6c15-4c67-b13b-560e93494eda,ok,17826047.0,v1.16+,0.0,0.0,0.0,True,0.0848938826466916,2.000074090794936,0.0,8695930,2915789,4.7,C,
79c7131c-16cd-4802-aa9c-155a2097a144,ok,17694975.0,v1.14-1.15,0.0,0.0,0.0,True,0.0129692292022679,1.987197602644812,0.0072214723603955,33247018,18951521,20.5,C,
defe981f-0818-4b52-9ec0-0eb82f36ac4c,ok,17891392.0,v1.16+,0.0,0.0,0.0,True,1.0,100.00498107192668,0.0,56392522,20086085,17.6,A,
f2c5682c-b7a0-484f-8bfa-aac47e03cb69,ok,17695743.0,v1.14-1.15,0.7818181818181819,0.0,0.0,True,0.0616500453309156,1.9999533344221967,0.0,5118278,3555041,2.2,C,
92e390ec-81c4-4f75-8d3c-9bc1e7f21e25,ok,17630207.0,v1.12-1.13,0.0,0.0,0.0,True,0.0074005550416281,1.999949772950908,0.0,3815992,2382029,4.4,B,
6e22fa92-4610-4839-83c1-687b4b6a2abe,ok,17826047.0,v1.16+,0.0,0.051039697542533,0.0,True,0.0507774010500093,1.8421006611379973,0.0620514190752441,149161160,47460609,29.4,B,
02a7fb42-373c-4b5e-9562-900dc7d8520e,ok,17564416.0,v1.12-1.13,0.0,0.0333761232349165,0.0,True,1.0,2.002582586627048,0.0,13262192,7894561,4.3,C,
4c0058fa-f26b-41a3-a041-db9a74517572,ok,17564928.0,v1.12-1.13,0.0,0.0,0.0,True,0.1138202147932205,1.933807821014999,0.033832339339042,40881140,20214129,11.8,C,
b10066b4-5b28-4e71-92cd-a951374fe243,ok,17761535.0,v1.14-1.15,0.0,0.0,0.0,True,0.0468914646996838,2.000002211642657,0.0,8064682,5419079,3.4,B,
303ac7f8-343c-49d4-88e8-49c010202dc7,ok,17826047.0,v1.16+,0.0,0.0,0.0,True,0.4023983511335957,1.999830401479823,0.0,10819778,6946745,4.4,B,
05f06a8c-8f70-4177-a902-0e9ac991053a,ok,17761280.0,v1.14-1.15,0.0,0.0,0.0,True,0.040793754066363,1.9999624942098488,8.797579067110748e-05,18086505,9159250,4.8,B,
73c1d438-a9d3-45b7-b1a0-ee2d12f0a851,ok,17498880.0,v1.12-1.13,0.0,0.0,0.0005903187721369,True,0.0,5.002801421046187,0.0,8550669,5165097,4.3,B,
286fcc14-1b45-4375-9430-a1c4350671ae,ok,17694975.0,v1.14-1.15,0.0,0.0,0.0,True,0.0391822827938671,1.9999914850147933,0.0,4359972,2832804,4.9,A,
a7b90d36-9c19-4df4-a129-d18ee27c5b2f,ok,17826559.0,v1.16+,0.0,0.0268595041322314,0.0,True,0.0506814310051107,2.0000004957266184,0.000412801630534,11015151,7572198,7.1,C,
58252a19-14d8-4c1e-a2c1-36a859f1d03d,ok,17891583.0,v1.16+,0.0,0.0,0.0,True,0.0049301006280813,2.000000037837838,0.0,69966513,42859062,17.6,C,
8f71562b-3a75-4c52-ad82-ac3888a2a9b1,ok,17761280.0,v1.14-1.15,0.0,0.0,0.0,True,0.0631313131313131,1.9999675164511657,0.0,3574122,2442661,4.1,A,
676c19b2-2f7e-499f-9970-36f0e958ee63,ok,17761535.0,v1.14-1.15,0.0,0.0,0.0,True,1.0,1.9999551469286685,0.0,14535765,7617911,5.7,C,
788395b7-e675-45cc-8cd8-4ac7f2db068c,ok,17761535.0,v1.14-1.15,0.0462046204620462,0.0379537953795379,0.0,True,0.0286055101911452,2.000019016574256,0.0,67956341,40433222,20.2,C,
98dc6819-862c-4295-8422-8f1c36cb9ec3,ok,17629312.0,v1.12-1.13,0.0,0.0,0.0123784261715296,True,1.0,1.9999568898181528,0.0,9300151,6237421,4.0,C,
7c2090f1-7443-4afd-bb07-7c2f20ed554c,ok,17630207.0,v1.12-1.13,0.0,0.0,0.0,True,0.0,2.0000892830553214,0.0,3241134,2163848,2.9,B,
bd39a6d4-b3bc-4796-9eb8-9dded96eaa3d,ok,17825792.0,v1.16+,0.0,0.0,0.0,True,0.116369153297395,1.999992166697348,0.0,11397078,7000070,3.8,B,
8ccf1108-f734-4838-8d24-744c0bfef2cc,ok,17695743.0,v1.14-1.15,0.0,0.0,0.0,True,0.0450725744843391,2.000054493792439,0.0,4681644,3022518,2.7,C,
59c850c8-e270-4894-b34c-708aa3e57d83,ok,17694720.0,v1.14-1.15,0.0,0.0,0.0,True,0.0712136409227683,2.0000665678721328,0.0,4071623,2826799,2.5,C,
6734e216-e754-4955-8524-9ac7b32c4091,ok,17826047.0,v1.16+,0.0,0.0,0.0,True,0.2723785166240409,2.0001303052633714,0.0004471640136404,2775671,1994446,2.3,C,
a21b4b15-0364-42f0-990f-a90429f4cd64,ok,17826240.0,v1.16+,0.0,0.0,0.0,True,0.0489974501622624,1.9998570435523368,0.0,13347886,8557163,4.4,B,
35e78078-330f-4249-aee5-952d14880b9b,ok,17826559.0,v1.16+,0.0,0.1789473684210526,0.0,True,0.0576923076923076,2.000037226499345,0.0,4000421,2980572,3.4,B,
edc154fe-14d9-4cba-9ac1-d3fd48cd8646,ok,17695488.0,v1.14-1.15,0.0,0.0,0.0,True,0.0333004926108374,1.9999965883572512,0.0,23077219,12938811,5.3,B,
f61bf919-0a7c-41c8-adc2-1b326cd77484,ok,17564416.0,v1.12-1.13,0.0,0.0,0.0,False,0.9396256261534406,2.002627278124412,0.0,12493782,7150696,4.7,A,
e18ab0d5-211c-4187-b826-3bff0088a817,ok,17760768.0,v1.14-1.15,0.0037593984962406,0.0,0.02803738317757,True,0.0646921278254092,2.0000124236065844,0.0,5165035,3482681,3.4,A,
0129dba7-8000-498c-b463-e04a6f4634eb,ok,17761023.0,v1.14-1.15,0.0,0.1524008350730689,0.0,True,0.0104062864789454,1.5436146268395794,0.2231459403188749,27041765,17066659,6.8,A,
ad2a7db3-4394-4350-b744-02e8d79daef6,ok,17760384.0,v1.14-1.15,0.0,0.0,0.0,True,0.0557997801978219,2.0000673736981027,0.0,11824540,8018107,4.0,C,
9d98142b-bb68-4492-9344-fc8f0206ecfd,ok,17694720.0,v1.14-1.15,0.0,0.0,0.0,True,0.0628798881179065,2.0001729141731697,0.0,7363566,4713602,5.2,B,
ea754419-8f50-454b-8ec1-47b7e838af99,ok,17761535.0,v1.14-1.15,0.0,0.0,0.0,True,0.0880213660643254,2.0001312281220405,0.0,6948333,4570469,5.2,B,
5ddb610f-2f87-4952-9afd-c0c162f5b172,ok,17825984.0,v1.16+,0.0,0.0164835164835164,0.0,True,0.0555226473956482,1.9999799320195453,0.0008090544974502,10004143,5955274,5.4,C,
a8bcbe28-6cf5-43e2-b8c3-ae1916b0e799,ok,17630207.0,v1.12-1.13,0.0,0.0,0.0,True,0.0,1.9999186786313925,0.0001153115994884,2578033,1794424,2.6,C,
a62a559e-135a-4ec4-9d0a-caabcb187a1e,ok,17629184.0,v1.12-1.13,0.9447852760736196,0.0,0.013530135301353,True,0.0363300492610837,2.000040247723504,0.0002149521316956,5188971,3347735,3.1,A,
e43b08e2-2b1d-4e8e-942b-61f5ab8ed744,ok,17569792.0,v1.12-1.13,0.0,0.0,0.0,True,0.4031936127744511,2.006631617501081,0.0,6838366,4470924,3.9,C,
6aecf1b7-7eb5-46f5-857e-34ebb33a4d0c,ok,17629696.0,v1.12-1.13,,,0.0,True,0.2122944960686204,1.9967218772128847,0.0018368389395,48125530,24419180,10.0,A,
01de0864-e530-49f0-b10b-eb490fb70fff,ok,17695743.0,v1.14-1.15,0.0,0.0,0.0,False,0.0282021151586369,1.9997605967077363,0.0,3452482,2574703,3.1,A,
1e02d9e6-28fb-4b7a-a865-ae2a5bc54716,ok,17695743.0,v1.14-1.15,0.5978552278820375,0.0,0.0,True,0.0246484141232794,2.000016480135796,0.0,21760701,13577216,6.0,A,
4ad25de4-caf1-4ffa-b2a7-102264fb9891,ok,17630207.0,v1.12-1.13,0.0,0.0,0.0,True,0.9459219858156028,1.9999580544511617,0.0,4732948,2907274,3.3,B,
1a378874-ec7c-47b8-8807-b6bd1f632ffb,ok,17695743.0,v1.14-1.15,0.0,0.0,0.0,True,0.0093655589123867,2.0000534802179075,0.0,12385653,7195601,9.1,B,
b3027926-cf32-431e-ad28-aa6e346dc48a,ok,17825984.0,v1.16+,0.0,0.5575757575757576,0.0,True,0.6049633848657445,100.00407099820876,0.0,69347057,29799812,11.6,C,
0d6ec2cd-8012-48ed-9163-b402942edc68,ok,17695488.0,v1.14-1.15,0.0,0.0,0.0,True,0.0191146881287726,2.0000436715418166,0.0,10795763,6684890,6.0,C,
e7b2c2cf-4e54-4cee-9064-482d451954c5,ok,17695488.0,v1.14-1.15,0.1317204301075268,0.0,0.0603448275862069,False,0.0,46.20003017397659,0.076390402182635,30355704,15713754,15.9,C,
6cca9a9a-545b-41a3-9cd7-1a911cf0bcb2,ok,17760511.0,v1.14-1.15,0.0,0.1695501730103806,0.0,True,0.3882374119220285,0.9999676454912926,0.001032264231179,20831405,11090517,13.6,B,
c50c32fe-99e4-40a7-9003-3a012f671c8d,ok,17760256.0,v1.14-1.15,0.0,0.0,0.0,True,0.0298919971026573,1.921067695272718,0.0391366695258199,96764297,55727276,22.7,B,
4847f875-967c-4fb4-a71d-e0c5adb43dff,ok,18285312.0,v1.16+,0.0,0.0,0.0,True,0.4215386738771746,1.982074700635618,0.0095547659250461,71353417,36435199,13.1,C,
c7dba9f7-cea6-4461-ba7d-cc8c05811236,ok,17891583.0,v1.16+,0.0,0.0,0.0,True,0.107854630715123,2.000075742513326,0.0,4050907,3103477,2.8,B,
e548a37b-3c52-4a5c-900c-62e073566270,ok,17761535.0,v1.14-1.15,0.0,0.0,0.0,True,0.3177755710029791,2.0000402808112554,0.0,3788328,2459583,2.9,B,
88c461ec-a838-4dd1-8330-63d3de9ed661,ok,17826240.0,v1.16+,0.0,0.0,0.0,True,0.113235294117647,2.0001521309740213,0.0,2845675,2107717,2.7,C,
921dfdfa-55e2-467b-bbbf-b29150887963,ok,17694976.0,v1.14-1.15,0.0,0.0,0.0,True,0.0471976401179941,2.000136875038389,0.0,3272884,2129687,3.2,B,
646df1da-a570-4cf3-baf8-044464b194dd,ok,17891583.0,v1.16+,0.0,0.0,0.0,True,0.0477477477477477,2.000051802246679,0.0,5218086,3632753,3.6,C,
116a8be4-579a-4bc0-9667-e26f37548263,ok,17629951.0,v1.12-1.13,0.0,0.0,0.0,True,0.0448430493273542,1.9999491441503348,0.0,5528786,3333110,5.9,C,
8b74a80e-0a75-4649-9cfc-9d6689455d6e,ok,17629952.0,v1.12-1.13,0.1213872832369942,0.0,0.0,True,0.089639115250291,1.999936472606164,0.0,4400015,2606910,4.4,B,
da73cb3a-539a-4414-8bff-d22682b69300,ok,17761023.0,v1.14-1.15,0.0,0.0,0.0,True,0.1927426955702167,1.9999412972313324,0.0,8430733,5502588,4.4,B,
2dfce4b6-10eb-4994-8360-102480cd2f2c,ok,18286080.0,v1.16+,0.0,0.0,0.0,True,0.2207373001433685,1.987994837304505,0.0085777974246016,54399411,29092688,10.0,B,
b187a778-c0cc-4250-91eb-42a3172a3ee1,ok,17761535.0,v1.14-1.15,0.0,0.0,0.0,True,0.9445933869526364,1.9734481664237336,0.0176297476186728,4856933,3094983,2.7,C,
49afddc1-6cc9-439c-9fe2-628750a8214b,ok,17695488.0,v1.14-1.15,0.0,0.72,0.1337142857142857,True,0.0726129216695254,1.977252676751135,0.0121914243951722,7569243,4186292,2.9,B,
5f961984-c08c-4b38-b916-5a776c20f67d,ok,17760256.0,v1.14-1.15,0.0,0.0,0.0,True,1.0,1.9999970588278544,0.0,22723804,10248760,9.5,B,
a21596e7-cafa-4e59-a21f-947f6e370561,ok,17760256.0,v1.14-1.15,0.0,0.0,0.0,True,1.0,1.999979731297849,0.0,23028910,12971834,9.3,A,
cac6f87b-4a80-4d14-8ad0-b95fbbf37488,ok,17891392.0,v1.16+,0.0,0.0775193798449612,0.0,False,0.3344262295081967,100.00986128459668,0.0,18443155,7358955,5.9,B,
0f8f6f50-743b-4275-9ea1-a788a3902605,ok,17760511.0,v1.14-1.15,0.0,0.0,0.0,True,0.8700154218990968,1.9999940176519868,0.0,68916139,31128239,16.2,A,
