log_id,status,ver_sw,band,failsafe_frac,nav_state_forbidden_frac,filter_fault_flags_frac,landed_at_end,sat_frac,sat_max_run_s,motor_spread_p95,n_motors,actuator_source,pwm_source,ulg_bytes,parquet_bytes,elapsed_s,excluded_reason
2518c527-4290-40e7-b7ea-d43a65aa33a3,ok,17694975,v1.14-1.15,0.0,0.0,0.0,True,0.0,0.0,0.4014838397502899,4.0,actuator_motors,none,2990611,2171511,5.1,
489b7e37-cbd2-4b7c-99e6-1179ada740f1,ok,17694975,v1.14-1.15,0.0,0.0,0.0,True,0.0,0.0,0.088112585991621,4.0,actuator_motors,none,2567491,1921640,1.9,
e9fc82b6-064c-4115-9c90-96a59fd91028,ok,17761535,v1.14-1.15,0.0,0.0,0.0,True,0.0,0.0,0.3480685781687498,4.0,actuator_motors,none,4010689,2789650,7.0,
53501b6b-ddc5-4095-897d-af0dcfeeef12,ok,17694975,v1.14-1.15,0.0,0.0,0.0,True,0.0,0.0,0.42070913910865776,4.0,actuator_motors,none,3682442,2608812,7.1,
b0013569-f227-4086-b52a-f40ae69834cd,ok,17630207,v1.12-1.13,0.0,0.0,0.0,True,0.0,0.0,0.36363636363636365,6.0,actuator_outputs,per_channel,3815142,2740668,3.6,
eaa6dae6-3036-4cd4-8586-8a9e5fb78cbf,ok,17629952,v1.12-1.13,0.023622047244094488,0.0,0.0,True,0.0,0.0,0.425,6.0,actuator_outputs,per_channel,7658320,4259171,7.4,
e8bbc752-9584-430a-b25b-87bd124d5f3a,ok,17761280,v1.14-1.15,0.0,0.0,,True,0.030991735537190084,0.7984670000000023,0.3785790979862213,4.0,actuator_motors,none,3201535,2143197,5.6,
91505ef2-2587-4b38-bfb9-49ce545c3bfb,ok,17760511,v1.14-1.15,0.0,0.0,0.0,False,0.0,0.0,0.025766047835350036,4.0,actuator_motors,none,14208729,6375336,11.2,
87a0d665-84e8-4499-a220-6e9b56f77d6b,ok,17695999,v1.14-1.15,0.0,0.03807106598984772,0.05112474437627812,True,7.356727727506805e-05,0.007489000000020951,0.21836329400539392,4.0,actuator_motors,none,21668983,13721421,16.3,
aedc34d8-a56d-47c3-a756-987bce05c9a0,ok,17695488,v1.14-1.15,0.0,0.0,0.0,True,0.015873015873015872,0.8010199999999994,0.18328721821308136,4.0,actuator_motors,none,3316813,2515909,8.3,
9703bbfa-a72c-4109-8d75-b99557b71d53,ok,17761535,v1.14-1.15,0.0,0.0,0.0,True,0.0,0.0,0.42744623124599457,4.0,actuator_motors,none,10509856,6233382,7.1,
a7023a93-96ea-4769-a09a-9a97de7251e5,ok,17432831,v1.12-1.13,0.0,0.0783132530120482,0.0,True,0.0,0.0,0.30971428571428566,6.0,actuator_outputs,global,6125075,3320937,3.8,
4c779ff4-0eae-40c6-b9e4-a603d78c5384,ok,17761535,v1.14-1.15,0.0,0.0,0.0,True,0.0,0.0,0.49946400671533825,4.0,actuator_motors,none,2965506,2328438,3.7,
5f140183-0a72-4b97-9c13-6f25753799ca,ok,17499135,v1.12-1.13,0.0,0.0,,True,0.0,0.0,0.31600000000000006,8.0,actuator_outputs,global,121240797,64473600,35.3,
d809e505-118f-455a-b1bd-ba5fb1e5868f,ok,17826047,v1.16+,0.0,0.0,0.0,True,0.06658595641646489,2.298891999999995,0.9948130761040375,4.0,actuator_motors,none,3177734,2291987,7.4,
b2b1b2c2-8503-4ac6-a1b1-d8fde5643476,ok,17564928,v1.12-1.13,0.0,0.0,0.0030303030303030303,True,0.09459010952538997,8.803750000000036,0.48323529411764704,4.0,actuator_outputs,global,74225842,25111960,23.5,
8eb4b37c-5b35-42a3-9783-966d90604eca,ok,17630207,v1.12-1.13,0.0,0.0,0.06060606060606061,True,0.0,0.0,0.44825,6.0,actuator_outputs,per_channel,3990699,2916001,3.2,
7972119d-b9b4-4650-aae4-57ea893a0234,ok,17694720,v1.14-1.15,0.8669950738916257,0.0,0.0,True,0.005665616088848867,0.01124099999999828,0.47629526406526557,4.0,actuator_motors,none,12003253,7189718,5.7,
5d88143d-3ff1-462a-950c-01102ee64b71,ok,17826559,v1.16+,0.0,0.0,0.0,True,0.013871374527112233,0.3985589999999988,0.11327728033065793,4.0,actuator_motors,none,3552370,2695217,1.7,
1ee7654a-b6f9-4c5a-a379-fb98b0e58f48,ok,17695743,v1.14-1.15,0.0,0.0,0.0,True,0.0,0.0,0.6505219677871222,4.0,actuator_motors,none,4792039,3243659,2.6,
3ec8981f-cf5e-47c9-83b5-77a2c232b7aa,ok,17694720,v1.14-1.15,0.0,0.0,0.0,True,0.0,0.0,0.2682854527149626,4.0,actuator_motors,none,3866624,2648977,2.4,
60d02c85-b6f5-4924-9238-863297174ef9,ok,17826240,v1.16+,0.0,0.0,0.050335570469798654,True,0.010387733441727073,0.4208689999999997,0.3403486102819443,4.0,actuator_motors,none,36664843,10460712,21.1,
14ac8989-8ff1-49f5-a0b8-31cefd36df4b,ok,17760511,v1.14-1.15,0.0,0.0,0.0,True,0.05010624810271245,3.8141999999999996,0.5936625152826309,4.0,actuator_motors,none,22514166,13671680,16.9,
ba44f9cb-d10f-48e4-bf70-07f119f4931f,ok,17171712,v1.12-1.13,0.0,0.0,0.0,False,0.0,0.0,0.0,4.0,actuator_outputs,global,15118336,8327720,11.1,
275377ef-aeae-4a54-b156-ebe7142b8236,ok,17629951,v1.12-1.13,0.0,0.0,0.0,True,0.0,0.0,0.18200000000000005,6.0,actuator_outputs,per_channel,3122661,2125621,3.5,
6d15c87f-bf5b-4480-9f35-31a275727d19,ok,17629952,v1.12-1.13,0.0,0.0,0.0,True,0.0,0.0,0.27493345290422433,4.0,actuator_motors,none,43322634,12840466,27.1,
7f3a36f2-eee0-440e-8a4a-0f09a5051bfe,ok,17825984,v1.16+,0.0,0.0,0.0,True,,,,4.0,actuator_motors,none,161996163,52504808,50.5,
bee55c67-16e2-4041-842c-17d8b8362c36,ok,17826559,v1.16+,0.0,0.0,0.0,True,0.6338235294117647,24.697488999999997,0.9141459904611111,4.0,actuator_motors,none,3200482,2377133,8.9,
7e40bdda-6cb2-4d65-a7c7-b8d145062336,ok,17694720,v1.14-1.15,0.0,0.0,0.0,True,0.0,0.0,0.21949268877506256,4.0,actuator_motors,none,8229359,5100746,8.0,
6fa6c16a-37e9-44fd-ad24-1222fd19c54c,ok,17694975,v1.14-1.15,0.0,0.0,0.0,True,0.0,0.0,0.3106184512376785,4.0,actuator_motors,none,13118535,8361688,11.7,
e8c22975-e15f-4307-9b15-09d38386da4e,ok,17760767,v1.14-1.15,0.0,0.0,0.0,True,0.005457025920873124,0.20273399999999953,0.6316215962171554,5.0,actuator_motors,none,3348746,2649064,2.7,
ae6a997e-f29a-4686-b553-61a080fc3050,ok,17760767,v1.14-1.15,0.0006165228113440197,0.005394574599260173,0.0,True,0.0,0.0,0.17323576360940926,4.0,actuator_motors,none,133454255,76569976,44.6,
f8947eaa-4401-4ae1-ac1b-534f66117288,ok,17760512,v1.14-1.15,0.0,0.0,0.11730769230769231,True,0.000980392156862745,0.10140299999999058,0.1511521279811859,4.0,actuator_motors,none,3972110,2542833,2.3,
99a23a8d-401a-4e12-aa97-fc3f17565818,ok,17761280,v1.14-1.15,0.0,0.0,0.0,True,0.0,0.0,0.23616245985031123,4.0,actuator_motors,none,22434594,12651067,5.1,
9bab2818-26ce-4d76-a6c5-9d22978de2be,ok,17891583,v1.16+,0.0,0.0,0.0,True,0.0,0.0,0.06110286712646483,4.0,actuator_motors,none,3232928,2289297,3.0,
3cfe4ae4-7f5e-47f3-b2fe-066bc8bcc69a,ok,17630207,v1.12-1.13,0.0,0.0,0.0,True,0.0,0.0,0.188,6.0,actuator_outputs,per_channel,2773315,1905385,2.1,
b50b1e35-0875-4de2-a231-7f69ebc7f8f5,ok,17826240,v1.16+,0.0,0.0,0.0,False,0.0009090909090909091,0.10192999999999586,0.23655511140823363,4.0,actuator_motors,none,4500608,3063407,3.2,
0477d74c-40ac-41fb-b40f-becc5082f277,ok,17826047,v1.16+,0.0,0.024793388429752067,0.0,True,0.0,0.0,0.27050140500068665,4.0,actuator_motors,none,6264484,4305806,4.2,
8cd2679a-e39d-4356-9396-90bc3bdd0585,ok,17630207,v1.12-1.13,0.0,0.415929203539823,0.0,True,0.0,0.0,0.199,6.0,actuator_outputs,per_channel,4582677,3166101,5.8,
fc40cc1c-645b-4b2b-814d-d9f308baa304,ok,17564416,v1.12-1.13,0.0,0.0,0.0,True,0.0,0.0,0.10857142857142854,6.0,actuator_outputs,bus,24292748,12584733,9.3,
94a9a6f1-c883-4fc1-80c2-eb17dba20485,ok,17761535,v1.14-1.15,0.0,0.05106382978723404,0.0,True,0.00028776978417266187,0.10249899999999812,0.37718332707881913,4.0,actuator_motors,none,14766472,9419675,9.0,
434ca928-1324-495c-94fa-ebb98a1335d7,ok,17695743,v1.14-1.15,0.0,0.0,0.0,True,0.0,0.0,0.31629843860864637,4.0,actuator_motors,none,31087032,19301719,11.8,
53ba7031-44a7-4450-9abd-7150ef043384,ok,17826240,v1.16+,0.0,0.0,0.0,True,0.0,0.0,0.4718168869614599,4.0,actuator_motors,none,6415292,4385104,3.6,
d166202b-14c5-4c96-b006-75af6092becd,ok,17760768,v1.14-1.15,0.0,0.0,0.09157509157509157,True,0.0,0.0,0.2618201710283756,4.0,actuator_motors,none,4761341,3322385,3.9,
8d5c3c28-27d9-4428-9273-1561168317d4,ok,17564416,v1.12-1.13,0.0,0.0,0.0,True,0.0,0.0,0.4857142857142857,8.0,actuator_outputs,bus,25523235,12953734,20.4,
6128c2aa-c6cd-4359-93eb-43e7ac9b65e6,ok,17826559,v1.16+,0.0,0.022388059701492536,0.0,True,0.0,0.0,0.03996442258358002,4.0,actuator_motors,none,80218881,31669697,33.1,
c10eef5a-db0a-4432-8dc1-11472fa08396,ok,17760256,v1.14-1.15,0.0,0.0,0.0,True,0.0,0.0,0.14441321939229965,4.0,actuator_motors,none,3969920,3008220,2.8,
3838ee1d-5e55-4e61-8dc4-bf5d1138c796,ok,17498112,v1.12-1.13,0.0,0.0,0.0,True,,,,4.0,actuator_outputs,global,2089635,1055976,2.2,
0e3de3ef-3f68-443c-a1f5-45b53d5c8289,ok,17761535,v1.14-1.15,0.8095238095238095,0.19047619047619047,0.0,True,0.0,0.0,0.36165560560390275,4.0,actuator_motors,none,2853422,2021498,3.0,
b777fe01-0c5f-4a19-80a0-97471d6636bf,ok,17760256,v1.14-1.15,0.0,0.0,0.0,True,0.0,0.0,0.13311845511198042,4.0,actuator_motors,none,7456590,5018536,5.8,
e10558d7-e28c-44c2-a224-86c65ec6754d,ok,17891583,v1.16+,0.0,0.0,0.0,True,0.0,0.0,0.20681266039609905,4.0,actuator_motors,none,2986213,2607414,7.1,
362efc3b-e762-4c61-afab-d4dcf93dd642,ok,17629184,v1.12-1.13,0.0,0.0,0.0782967032967033,True,0.016224188790560472,0.10257299999999958,0.3125723525881767,4.0,actuator_motors,none,4830728,3245203,4.6,
9b4d7c36-eb63-4bed-bacd-4a49461c0ecc,ok,33556991,,0.0,0.0,0.0,True,0.0,0.0,0.47628244161605826,4.0,actuator_motors,none,4350499,2769549,3.7,not_px4_v2
d787c625-553c-4665-b1ba-38b18e62e298,ok,17825984,v1.16+,0.0,0.18633540372670807,0.0,True,0.0,0.0,0.17888519354164598,4.0,actuator_motors,none,3794311,2828580,4.5,
baf695de-0a06-4b1a-8bbb-a1cd01035a53,ok,20055039,v1.16+,0.0037735849056603774,0.0,0.0,False,0.014095536413469069,1.7009909999999877,0.19412498474121095,4.0,actuator_motors,none,5160260,3512445,3.4,
d2a10a9f-35e0-46ff-bc65-ea7500e2eba7,ok,17695743,v1.14-1.15,0.0,0.0,0.0,True,,,,4.0,actuator_motors,none,20677109,10528368,18.7,
d81326d8-4c76-42ef-b95a-eb32155d2184,ok,17630207,v1.12-1.13,0.0187683284457478,0.002932551319648094,0.0,False,0.0,0.0,0.94,6.0,actuator_outputs,per_channel,33811810,18988175,33.0,
0bc7f06c-f22c-4354-9c6a-38a04914f427,ok,17825792,v1.16+,0.0,0.03978978978978979,0.0,True,0.0023090120955888247,2.96463000000017,0.31785570085048676,4.0,actuator_motors,none,154339146,87152761,43.1,
4f1e4a7f-7cd9-433d-9459-5be1f1a482aa,ok,17564159,v1.12-1.13,0.0,0.0,0.0,True,0.0,0.0,0.476,6.0,actuator_outputs,bus,8751757,4338312,5.2,
9569ae81-5e14-4f66-839b-53bf7b20773c,ok,17761280,v1.14-1.15,0.0,0.0,0.0,True,0.0,0.0,0.27417588979005814,4.0,actuator_motors,none,54932856,28930177,18.8,
5e0d8d89-d980-4218-8777-d19ff780e163,ok,17825984,v1.16+,0.0,0.0,0.0,True,0.0,0.0,0.10929015278816216,4.0,actuator_motors,none,4856806,3700453,3.2,
17769c00-4d26-4ea3-be8b-3a51bda20f77,ok,17826047,v1.16+,0.0,0.0,0.0,True,0.0,0.0,0.1863275676965713,4.0,actuator_motors,none,16889623,9621799,5.1,
68b393fa-468f-40ca-b445-784a76d474a6,ok,17761535,v1.14-1.15,0.0,0.0,0.0,True,0.0,0.0,0.33437487483024597,4.0,actuator_motors,none,4758731,3169511,2.8,
03fca2bf-c169-47e7-98bf-ef4097ce50d5,ok,17891583,v1.16+,0.0,0.0,0.0,True,0.0,0.0,0.23136731386184692,4.0,actuator_motors,none,5309749,3715705,3.3,
36ea5778-0841-4fe8-9015-71972313862c,ok,17761280,v1.14-1.15,0.0,0.0,0.0,True,,,,4.0,actuator_motors,none,8287317,4242570,4.2,
512be5bf-e728-45d3-98f1-e20fa9e56bf0,ok,17760512,v1.14-1.15,0.0,0.0,0.0,True,0.0,0.0,0.05411237329244613,4.0,actuator_motors,none,19219540,11045911,14.1,
88e4d6c9-fe10-4ca6-8f42-bcd86cd1559f,ok,17695744,v1.14-1.15,0.24475524475524477,0.3123543123543124,0.0,True,0.0,0.0,0.21495849490165708,4.0,actuator_motors,none,2857386,2123016,2.5,
9dd25c79-fc1b-42d4-94db-e433b517bb79,ok,34424576,,0.0,0.6827309236947792,0.0,True,0.031705227077977724,1.2976400000000012,0.6808774028250589,4.0,actuator_motors,none,7236514,4186593,5.9,not_px4_v2
cbf178e3-00e0-4858-a5b0-b2fb86217ce2,ok,17695488,v1.14-1.15,0.0,0.0,0.0,True,0.0,0.0,0.13849786520004267,4.0,actuator_motors,none,12539322,7525614,27.2,
e652b69a-ccaf-41cb-af3b-347e1a3d1613,ok,17891392,v1.16+,0.0,0.23404255319148937,0.0,False,0.010285714285714285,0.5,0.07879317998886043,4.0,actuator_motors,none,26599792,11131134,12.3,
c4bf2241-213c-4d8f-a28e-834068c7e604,ok,17761280,v1.14-1.15,0.46813186813186813,0.0,0.0,True,0.6695834551049528,41.000117,0.7568682670593256,4.0,actuator_motors,none,23036669,13417616,35.6,
23032f39-7e83-471f-8a80-6d28f3b819b2,ok,17630207,v1.12-1.13,0.0,0.0,0.0,True,0.0,0.0,0.3230297982692718,4.0,actuator_motors,none,40961597,17715236,32.5,
91fddc1b-73d4-47db-99c7-0276e937ea5c,ok,17695488,v1.14-1.15,0.0,0.0,0.0,True,0.6534446764091858,7.198957000000004,1.0,4.0,actuator_motors,none,3298669,2214507,1.9,
654df7d9-15d8-4fa8-93e0-463d7d60455c,ok,17694912,v1.14-1.15,0.0,0.0,0.0018679368637340057,False,0.005262246840920894,4.745679999999993,0.21224094033241264,4.0,actuator_motors,none,191429634,96133723,82.5,
691e8e49-dda2-426f-a8a4-dfb58395d34f,ok,17629952,v1.12-1.13,0.0,0.0,0.0,True,0.0,0.0,0.22789530605077743,4.0,actuator_motors,none,201428523,94101491,76.0,
025d1bb7-2224-4e33-bd2e-73052d627ca9,ok,17694720,v1.14-1.15,0.0,0.0,0.0,False,0.0,0.0,0.23022496104240417,4.0,actuator_motors,none,4250955,1487772,2.7,
1b6540e2-3293-4f47-b7e8-84b2bdd3c476,ok,17761280,v1.14-1.15,0.0,0.0,0.0,True,0.0,0.0,0.40416386425495143,4.0,actuator_motors,none,3369544,2128975,1.7,
2839d7c4-2464-4e0d-9196-fc32e94be6d4,ok,17629952,v1.12-1.13,0.0,0.0,0.0,True,0.0,0.0,0.6749999999999999,6.0,actuator_outputs,per_channel,5195558,3209868,4.9,
20b73e56-b328-48ab-93b9-79509e13a239,ok,17499135,v1.12-1.13,0.0,0.0,0.0,True,0.0,0.0,0.42400000000000004,8.0,actuator_outputs,global,5786817,3877696,6.3,
3156b7ed-488a-409e-9c7b-2d7f09d58c48,ok,17694975,v1.14-1.15,0.055322128851540614,0.0,0.0,True,0.0,0.0,0.2779977142810819,4.0,actuator_motors,none,58414292,34788907,15.4,
7ec09f23-5dad-457e-a2e8-a7df15c8557c,ok,17956992,v1.16+,0.0,0.0,0.0,True,0.0,0.0,0.08060427606105804,4.0,actuator_motors,none,24469820,12267936,15.4,
3336d4c6-c972-4e34-b020-7a01856c397c,ok,17695743,v1.14-1.15,0.0,0.0,0.0,True,0.0,0.0,0.36701497435569763,4.0,actuator_motors,none,7612987,4996247,3.5,
47b3fbbf-b6f0-400d-ba18-568b1f3d69fd,ok,17826240,v1.16+,0.8,0.0,0.0,True,0.0,0.0,0.17011448740959167,4.0,actuator_motors,none,5510429,3719554,5.1,
60c71be8-8e70-43b1-be1a-f607a0a2621a,ok,17825984,v1.16+,0.162,0.0,0.0,True,0.0,0.0,0.055775439739227294,4.0,actuator_motors,none,13772338,7971193,5.6,
872e502f-ba3c-4ab9-97f7-7d12f5a66fd6,ok,17761023,v1.14-1.15,0.0,0.0,0.0,True,,,,4.0,actuator_motors,none,62141470,18740945,20.9,
50f9755e-f46f-497f-8805-013d778ad7f7,ok,17629952,v1.12-1.13,0.044444444444444446,0.0,0.0,True,0.9558599695585996,54.001045,1.0,4.0,actuator_motors,none,2590347,1724544,1.4,
db277942-50f8-4672-837b-ea137ca223d5,ok,17761280,v1.14-1.15,0.5195530726256983,0.0,0.0,True,0.0,0.0,0.22179765552282318,4.0,actuator_motors,none,3781656,2912681,2.6,
e62719a2-3e13-46fb-8f14-048bac7db378,ok,17629696,v1.12-1.13,0.0,0.0,0.0,True,0.0,0.0,0.24399999999999994,6.0,actuator_outputs,per_channel,14793494,8114108,6.3,
313a377c-bbbf-4c53-b509-ed1faf10deed,ok,17694720,v1.14-1.15,0.17679558011049723,0.0,0.0,True,0.0,0.0,0.15665640980005263,4.0,actuator_motors,none,3830358,1993356,2.7,
c4ab1396-815d-469c-8ac3-72a3cba2437f,ok,17826559,v1.16+,0.0,0.2814814814814815,0.0,True,0.0016501650165016502,0.10124699999999986,0.7409500347733378,4.0,actuator_motors,none,3168779,2775900,3.5,
3bbf4717-194c-4aff-99bb-3ee1748f8493,ok,167968768,,0.0,0.0,0.0,True,0.0,0.0,0.27217034697532655,4.0,actuator_motors,none,28875993,12829572,11.0,not_px4_v10
9cd7ac4f-c503-44dc-88fd-9b7486b16b42,ok,17825984,v1.16+,0.0,0.0,0.0,True,0.0,0.0,0.2591269612312317,4.0,actuator_motors,none,2669796,2105113,1.6,
d9a70f5a-82eb-42eb-8425-69cb33216ac8,ok,17695999,v1.14-1.15,0.7914110429447853,0.0,0.0,True,0.0,0.0,0.3631041008979081,4.0,actuator_motors,none,2920367,1913221,2.2,
80e11a8d-889c-4475-b2d6-d99bbe65e4d3,ok,67441920,,0.0,0.0,0.0,True,0.0,0.0,0.424,6.0,actuator_outputs,bus,9535763,4922868,5.0,not_px4_v4
8b2b81c4-5df2-4fce-8de2-ad093d57c022,ok,17695744,v1.14-1.15,0.0,0.0,0.0,True,0.0,0.0,0.2777251347899437,4.0,actuator_motors,none,4540077,3108383,2.4,
debfd638-4af2-41d0-bf15-9399683d54ab,ok,17825792,v1.16+,0.0,0.0,0.0,True,0.2543689320388349,8.499551999999998,0.6446230813860893,4.0,actuator_motors,none,2764498,2173549,6.9,
45387e7c-052a-4082-a130-9adb5f31cc86,ok,17826240,v1.16+,0.0,0.0,0.0,True,0.34983498349834985,3.8994909999999976,0.9412529721856113,4.0,actuator_motors,none,4173881,3118597,6.6,
0554bfba-7e90-49d0-95ef-04d2a0803c7a,ok,17695743,v1.14-1.15,0.055387278234530504,0.0,0.0,True,0.001466781708369284,0.19992699999988872,0.26908494234085084,4.0,actuator_motors,none,43259664,26491124,27.3,
958e1e8a-1f93-43ea-9eef-045be5003e24,ok,17630207,v1.12-1.13,0.0,0.0,0.0,True,0.0,0.0,0.356,6.0,actuator_outputs,per_channel,98304910,49776107,39.7,
ce6d7213-961b-4c24-9b8e-667f7b91b76f,ok,17761280,v1.14-1.15,0.0,0.0,0.0,True,0.007171671896010758,0.1997649999999993,0.7329249921047484,4.0,actuator_motors,none,17291054,10871232,5.7,
5cfc9c12-a934-4fd3-b515-00badc6a0497,ok,17826047,v1.16+,0.0,0.0,0.042042042042042045,True,0.71875,20.199158999999998,1.0,4.0,actuator_motors,none,2554633,1996483,2.5,
773fc164-0540-4105-bde4-4c0140d937cb,ok,17760256,v1.14-1.15,0.013333333333333334,0.0,0.17134831460674158,True,0.05271317829457364,1.4000430000000001,0.6043612778186795,4.0,actuator_motors,none,2662994,1968823,3.0,
9910ec88-b4ff-4c39-a87a-992a7dbcdb45,ok,17760256,v1.14-1.15,0.0,0.0,0.0,True,0.2531545741324921,1.2988590000000002,0.6162466913461684,4.0,actuator_motors,none,4652211,3074381,3.6,
1d0acd9c-2cc4-4cd0-80d2-9ef8e5502948,ok,17891392,v1.16+,0.0,0.0,0.0,,0.0,0.0,0.452489029802382,4.0,actuator_motors,none,15813194,7616541,7.5,
69e95f12-1d27-4286-a5c4-9e0583b35245,ok,17498880,v1.12-1.13,0.0,0.0,,True,0.0,0.0,0.36200000000000004,8.0,actuator_outputs,global,58670175,32389846,21.3,
0e28093c-cf55-4639-9af6-eac55066f0be,ok,17694975,v1.14-1.15,0.0,0.0,0.0,True,0.0,0.0,0.460276998579502,4.0,actuator_motors,none,29490210,18553157,11.2,
1a3c2428-3f4e-45f0-956a-de9c833ecabb,ok,17761280,v1.14-1.15,0.0066857688634192934,0.0,0.0,True,0.0,0.0,0.21190256476402275,4.0,actuator_motors,none,56391215,35896436,27.3,
b130ba6a-fa5f-4745-ab63-d2ab4ab8836d,ok,17499135,v1.12-1.13,0.0,0.0,,True,0.0,0.0,0.42825,8.0,actuator_outputs,global,18891206,8990143,8.7,
ef3c8a27-eea7-49f8-9d54-3a806dc94244,ok,17891392,v1.16+,0.0,0.0,0.0,True,,,,4.0,actuator_motors,none,16733541,8413407,8.3,
37da7d69-d589-4423-a205-32089c08589a,ok,17761023,v1.14-1.15,0.0,0.0,0.03237410071942446,True,0.0012445550715619166,0.20023299999999722,0.27105158865451806,4.0,actuator_motors,none,7115777,4940858,6.4,
05cd5e69-c37a-409e-a288-9d636ba59a9f,ok,17564416,v1.12-1.13,0.0,0.0,0.0,False,0.020252324037184594,5.999372999999991,0.21058823529411763,6.0,actuator_outputs,bus,20362957,11651570,8.4,
86f28053-f85f-4ce8-ae7d-bbd981790dd2,ok,17432832,v1.12-1.13,0.0,0.0,0.0,True,,,,5.0,actuator_outputs,none,8254760,4577083,3.5,
44b931c5-d9f5-48e9-b762-e2145b05a646,ok,17761535,v1.14-1.15,0.0,0.0,0.0,True,0.0014534883720930232,0.10185700000000031,0.20013624429702748,4.0,actuator_motors,none,2991480,2121077,3.3,
46905a8d-5b3a-49b1-a313-6c6e7b8f217f,ok,17826240,v1.16+,0.0,0.0,0.0,True,0.02657423454650491,0.6031509999999969,0.48929284512996674,4.0,actuator_motors,none,8012849,5461590,6.9,
2f8065fa-e1fc-41ea-afeb-e90551f853fc,ok,17499135,v1.12-1.13,0.0,0.0,0.0,True,0.0,0.0,0.38899999999999996,8.0,actuator_outputs,global,5397549,3389212,2.4,
79ba5409-5fe2-4740-8e9d-5b323137b68f,ok,17761280,v1.14-1.15,0.0,0.0,0.0,True,0.0,0.0,0.3011776953935623,4.0,actuator_motors,none,97682021,28741511,37.2,
a6b3c298-5d36-45d2-9c42-84f0bd32f5d3,ok,17826048,v1.16+,0.0,0.0,0.0,True,0.0,0.0,0.13032710477709766,4.0,actuator_motors,none,31948774,8556411,10.1,
d4f0d399-e66a-44f4-9ac5-7885430827aa,ok,17761535,v1.14-1.15,0.0,0.0,0.0,True,0.0,0.0,0.14618406295776362,4.0,actuator_motors,none,3527278,2530241,3.1,
cc54b17c-c863-49fb-b36e-628d04b7c9bc,ok,17629952,v1.12-1.13,0.0,0.0,0.0,True,0.0,0.0,0.0,6.0,actuator_outputs,bus,2544318,1724457,2.6,
99ad755d-2d9e-4dd1-b682-14d235cfcaaa,ok,17695743,v1.14-1.15,0.0,0.0,0.0,True,0.0005035246727089627,0.09904199999999719,0.27826397866010666,4.0,actuator_motors,none,8474695,5445156,3.4,
4f5b199f-ece8-4240-bf55-7ca3791e7a0a,ok,17825984,v1.16+,0.144,0.0,0.0,True,0.05366726296958855,1.5999999999999999,0.3659183502197269,4.0,actuator_motors,none,18018058,7535801,5.9,
01925154-4379-4c3d-9064-3111e701e65c,ok,17694976,v1.14-1.15,0.0,0.0,0.0,True,0.0,0.0,0.1623937487602234,4.0,actuator_motors,none,21696772,12761394,10.2,
ad7fc257-41fa-4328-a318-0e7cd9d437f5,ok,17826047,v1.16+,0.0,0.0,0.0,True,,,,4.0,actuator_motors,none,7802946,4471556,4.4,
a085c32c-2805-404d-a52f-73443f6fa215,ok,17761535,v1.14-1.15,0.0,0.0,0.0,True,0.0,0.0,0.20575771033763884,4.0,actuator_motors,none,41712103,20795548,16.4,
20fbe8de-1ca1-408b-b3c5-6df17c315c52,ok,17826047,v1.16+,0.0,0.0,0.0,True,0.0,0.0,0.11290707588195788,4.0,actuator_motors,none,34264794,21518630,16.4,
e55730e6-32b8-41f5-9fc2-b05df5f138a1,ok,17891583,v1.16+,0.0,0.0,0.0,True,0.0,0.0,0.2660918369889258,4.0,actuator_motors,none,3109280,2674978,1.8,
616888d5-f981-4a09-b8bd-8d5713e008de,ok,17170944,v1.12-1.13,0.0,0.0,0.0,True,0.0,0.0,0.32934979200363157,4.0,actuator_motors,none,4134746,3332725,5.0,
bd982887-67b3-4bbe-8a37-35aa14c0c993,ok,17825984,v1.16+,0.0,0.0,0.0,True,0.0,0.0,0.3381811171770096,4.0,actuator_motors,none,7366067,4581083,4.9,
4a20c738-0547-4165-9f55-8158a17cf640,ok,167968768,,0.0,0.0,0.0,False,0.0,0.0,0.22786757349967957,4.0,actuator_motors,none,38864947,16570628,23.3,not_px4_v10
4a663091-6328-473c-a0ac-a80a2475bd16,ok,17629951,v1.12-1.13,0.0,0.0,0.0,True,,,,4.0,actuator_outputs,per_channel,3185893,2561221,2.6,
c2e9fc76-822d-4f34-9577-166d03441425,ok,17694720,v1.14-1.15,0.014771048744460856,0.0,0.0,True,0.0005947071067499256,0.10249999999996362,0.3281746059656143,4.0,actuator_motors,none,28038263,17666352,8.8,
7afe9876-d2b4-4705-8ea7-cac2caf8d863,ok,17891583,v1.16+,0.0,0.0,0.0,True,0.0,0.0,0.32593181729316706,4.0,actuator_motors,none,6342401,4423075,8.6,
594d033e-dbb3-4c36-bb88-2e3cb31f88ff,ok,17695488,v1.14-1.15,0.0,0.0,0.0,True,0.0,0.0,0.1611829618923366,4.0,actuator_motors,none,20815631,9361137,14.2,
e197d651-c310-4e5a-8dba-07d27703d5c1,ok,17695488,v1.14-1.15,0.9966270714180965,0.0,0.0,True,0.0,0.0,0.25340033173561094,4.0,actuator_motors,none,19775464,8640847,13.5,
a2f00ac8-8aca-48e0-baf8-db4a947584a8,ok,17696512,v1.14-1.15,0.7556818181818182,0.005681818181818182,0.0,False,0.008942757274501794,0.4338520000000017,0.875648685649373,4.0,actuator_motors,none,10866732,6265991,5.7,
7799c71e-6b11-4e27-99cc-ad1de78d2a04,ok,17629952,v1.12-1.13,0.09722222222222222,0.0,0.0,True,0.0,0.0,0.6853998020291331,4.0,actuator_motors,none,3097548,2228578,2.7,
aceb4a40-6a4c-49f4-9dfe-a3f1b733ee9f,ok,17825984,v1.16+,0.9678362573099415,0.0,0.0,False,0.0,0.0,0.2508319392800331,4.0,actuator_motors,none,4474264,3160259,3.4,
6bbca514-b697-4cb9-abc3-41a99203200c,ok,18284800,v1.16+,0.0,0.0,0.0,True,,,,4.0,actuator_outputs,bus,37100349,16462268,20.3,
8f107a6c-21b4-4524-8609-1d709c6899d6,ok,17761280,v1.14-1.15,0.0,0.0,0.0,True,0.0,0.0,0.07282155230641364,4.0,actuator_motors,none,3979552,2737873,3.3,
7c15f1d3-4965-4413-93d4-2a18f3df43df,ok,17629952,v1.12-1.13,0.0,0.0,0.0,True,0.0,0.0,0.315,6.0,actuator_outputs,per_channel,3191516,2208623,2.8,
2d7c3d54-1738-425e-ba49-1eff07b8f223,ok,16908416,v1.12-1.13,0.0,0.0,0.0,True,0.0,0.0,0.15517454594373697,4.0,actuator_motors,none,11878238,6694404,4.9,
718c7e9c-4a4e-4669-90d4-5e6b7a2fd258,ok,17761280,v1.14-1.15,0.0,0.0,0.0,True,0.9554937413073713,68.70036200000001,0.6909910202026367,4.0,actuator_motors,none,2507533,1663335,2.6,
6f829beb-8dac-48e2-a254-dd38d513bcbb,ok,17826240,v1.16+,0.22327044025157233,0.0,0.0,True,0.02924791086350975,1.098094,0.39087952606667464,4.0,actuator_motors,none,6801515,4809473,6.1,
3d4a4f4f-7e64-4c18-815d-c6a016527caa,ok,17891583,v1.16+,0.0,0.0,0.0,False,0.04626060138781804,4.599257000000009,0.6736867796127549,4.0,actuator_motors,none,7852327,4840851,4.1,
78d47512-f2c9-4f62-8733-eacf4fdd18b7,ok,17695743,v1.14-1.15,0.4918032786885246,0.0,0.0,True,0.45090180360721444,12.196976,0.7160441637039184,4.0,actuator_motors,none,2180030,1545199,2.6,
10094243-362a-4f38-91f0-03b0fcdea465,ok,17695743,v1.14-1.15,0.1413373860182371,0.0,0.0,True,0.0,0.0,0.38418104052543633,4.0,actuator_motors,none,12832248,7926117,8.7,
cd7c2ae1-460d-441f-886e-e86c06cfd651,ok,17825792,v1.16+,0.0,0.0,0.015450643776824034,True,0.0,0.0,0.16713562607765167,4.0,actuator_motors,none,10738510,7312622,11.4,
5d49e923-73ca-434b-b81e-9b0b91909f62,ok,67441920,,0.0,0.0,0.0,True,0.0,0.0,0.43066666666666664,6.0,actuator_outputs,bus,28540757,16031471,18.4,not_px4_v4
44a1456e-2ce2-4f27-8e3b-3f95e82ab56e,ok,17761280,v1.14-1.15,0.0,0.0,0.0,True,0.0,0.0,0.1752086877822876,4.0,actuator_motors,none,62579801,38130815,22.9,
2c016784-5c10-481e-8e97-1f9cf0f59322,ok,17891392,v1.16+,0.20238095238095238,0.0,0.0,False,0.04208754208754209,2.5,0.1480040967464447,4.0,actuator_motors,none,24027579,9856967,14.2,
c857edab-d5ce-469d-82b7-c07c80c1e8a8,ok,17760511,v1.14-1.15,0.0,0.0,0.0,True,0.004884998982291879,0.03743999999998948,0.5240340225398541,4.0,actuator_motors,none,7763375,4705263,4.3,
d17da48d-b71c-4818-b425-9781ec8ba9e6,ok,17629952,v1.12-1.13,0.020394289598912305,0.060503059143439834,0.0,True,0.0,0.0,0.15100000000000002,6.0,actuator_outputs,per_channel,16419559,8447551,19.2,
a05e0a4f-3102-4bef-be1d-28dbfb247056,ok,17695743,v1.14-1.15,0.0,0.0,0.0,True,0.017391304347826087,0.9021120000000025,0.48781306743621794,6.0,actuator_motors,none,3796531,2900027,4.4,
92f9e919-edb2-4b9d-8ba3-ecd0027dfc1a,ok,17564416,v1.12-1.13,0.0,0.0,0.0,True,0.0026235242675994755,0.3080410000000029,0.6731428571428572,12.0,actuator_outputs,bus,7613631,5123228,4.5,
e7b902bb-b8bc-4afc-ab26-3214e20fac01,ok,17695488,v1.14-1.15,0.028634361233480177,0.0,0.0,False,0.012915936952714535,4.69914799999998,0.38494092598557467,5.0,actuator_motors,none,19336276,11214374,24.1,
f77095b7-1b82-47a5-9db5-c414abacb66b,ok,17694975,v1.14-1.15,0.0,0.0,0.0,True,0.0,0.0,0.23989504724740982,4.0,actuator_motors,none,23152034,13471926,22.2,
fef34697-6bc2-45f9-be18-e02c38949d55,ok,17761535,v1.14-1.15,0.0,0.0,0.0,True,0.0,0.0,0.28006644248962403,4.0,actuator_motors,none,8459346,5081654,5.0,
1f287b37-100a-4071-9a60-50e30b97e757,ok,17694720,v1.14-1.15,0.0,0.0,0.0,True,0.0,0.0,0.20394159462302922,4.0,actuator_motors,none,19900373,5116225,10.6,
ca943976-a987-427d-be45-4c9590ff5b67,ok,17695743,v1.14-1.15,0.0,0.0,0.0,True,0.001771479185119575,0.1001059999999967,0.4376621484756468,6.0,actuator_motors,none,5103242,3590602,6.1,
760461bd-cd20-4752-a345-bc3e11b5c41f,ok,17695488,v1.14-1.15,0.010416666666666666,0.0,0.0,True,0.011185766300063812,0.21627799999999908,0.2845802307128906,4.0,actuator_motors,none,11214086,6459338,10.1,
a3faa4eb-77e4-48d7-b782-c05130f8b2c4,ok,17825984,v1.16+,0.0,0.0,0.0,True,0.0,0.0,0.08534651175141335,4.0,actuator_motors,none,3050603,2354070,5.7,
db8bce6b-6b0f-49fc-a507-8559873f8e73,ok,17760511,v1.14-1.15,0.05813953488372093,0.05813953488372093,0.0,True,0.0,0.0,0.1961599022150039,4.0,actuator_motors,none,8180217,5088921,5.8,
c5f6c9fe-3c74-468e-87ec-a6b26bc8d323,ok,17761535,v1.14-1.15,0.02161547212741752,0.01820250284414107,0.0,True,0.00017058269786013482,0.03250200000000092,0.14383497834205627,4.0,actuator_motors,none,80437877,34272405,19.3,
58053e84-102f-4f82-a6a6-8992b9f00e4f,ok,17694976,v1.14-1.15,0.0,0.0,0.0,True,0.0013736263736263737,0.09881699999999682,0.4527696054428815,4.0,actuator_motors,none,3983760,2653225,3.0,
1528c8a1-4dc8-47af-9fed-b1f0ab3a5b5f,ok,17629951,v1.12-1.13,0.05076923076923077,0.0,0.0,True,0.0,0.0,0.33424999999999994,6.0,actuator_outputs,per_channel,14578658,8373046,4.0,
4760ff4e-2e23-459c-a942-4ca46f85d811,ok,17825984,v1.16+,0.0,0.5581395348837209,0.0,True,0.008896797153024912,0.5,0.3545618116855621,4.0,actuator_motors,none,3042779,2672632,2.0,
eb8aefeb-df31-43ed-9fb9-9a260217b760,ok,17695743,v1.14-1.15,0.0,0.0,0.0,True,0.2935153583617747,1.9014930000000003,0.5372711271047592,4.0,actuator_motors,none,2782933,2268842,2.4,
2bd736d0-d077-4d79-8d39-eee994d2b476,ok,17825984,v1.16+,0.022222222222222223,0.0,0.0,False,0.002183406113537118,0.09748100000000015,0.16462263464927673,4.0,actuator_motors,none,1714680,1406592,3.5,
b063c7ce-6f4d-4e73-9c5c-e43344d8541a,ok,17694975,v1.14-1.15,0.9738430583501007,0.0,0.0,True,0.0,0.0,0.07715289592742917,4.0,actuator_motors,none,9832514,5775226,3.3,
f59b7a46-5aa5-4246-8aee-01808777ec85,ok,17891392,v1.16+,0.0,0.04790419161676647,0.0,False,0.0018281535648994515,0.10000000000000142,0.009395390748977642,4.0,actuator_motors,none,36832595,17190107,14.0,
2024fe70-7ca7-4dc0-aedf-66a31ac52b71,ok,17171967,v1.12-1.13,0.0,0.0,0.0,False,0.0,0.0,0.0,4.0,actuator_outputs,global,13738535,7399696,8.4,
322964c7-8ae4-476a-a756-0d6ad56ef661,ok,17695743,v1.14-1.15,0.0,0.07894736842105263,0.0,True,0.0,0.0,0.5854499861598015,4.0,actuator_motors,none,2443922,1747833,1.8,
3dd0473b-ccc6-4833-8cad-51db9fdada4d,ok,17891392,v1.16+,0.0,0.18807339449541285,0.0,True,0.0,0.0,0.10065177381038659,4.0,actuator_motors,none,62594454,25267576,25.5,
c5d17f26-54a9-401f-b66a-3d389218f137,ok,17826240,v1.16+,0.0,0.0,0.0,True,0.00018519837595270318,0.005002999999994984,0.367381350696087,4.0,actuator_motors,none,54136190,21162331,33.3,
37f7525d-8fbf-4d08-94dc-bcf2b539fdb9,ok,17695743,v1.14-1.15,0.0,0.0,0.0,True,0.0,0.0,0.3560607433319092,4.0,actuator_motors,none,2646961,2122853,2.3,
b5892074-1c0e-4cca-8315-4e4e2cf221ea,ok,17826303,v1.16+,0.05747126436781609,0.08620689655172414,0.0,False,0.0,0.0,0.35452588200569146,4.0,actuator_motors,none,4425613,3633107,2.9,
ef1695e2-4367-4026-a41d-c95f769e0c96,ok,17826240,v1.16+,0.0,0.0,0.0,True,0.0,0.0,0.17818513661623,4.0,actuator_motors,none,103241395,29627483,43.3,
30861e6e-4da0-412f-b971-857efb0b6f2c,ok,17825984,v1.16+,0.0,0.0,0.0,True,0.0,0.0,0.21164005286991588,4.0,actuator_motors,none,7668379,4603229,2.7,
08704bc4-c7bb-46f8-8f9c-d49b7ad11747,ok,17695743,v1.14-1.15,0.14174454828660435,0.021806853582554516,0.040548970679975045,True,0.0016082341588935349,0.10311999999998989,0.31264696717262264,4.0,actuator_motors,none,12823792,8013249,6.5,
1714ac07-dced-45e7-aeb7-2d1ef9d63e52,ok,17760768,v1.14-1.15,0.0,0.015364916773367477,0.0,True,0.0,0.0,0.09980974793434143,4.0,actuator_motors,none,13432413,8255492,8.6,
7e600f9d-ff67-4b6e-b98f-593edf0084b1,ok,17695743,v1.14-1.15,0.09933774834437085,0.0,0.0,True,0.0,0.0,0.20756321251392365,4.0,actuator_motors,none,22063471,14072929,10.6,
5c28a37e-a4de-4fa1-9f48-093ad1febb40,ok,17760256,v1.14-1.15,0.0,0.0,0.0,True,0.0,0.0,0.1025507748126982,4.0,actuator_motors,none,13442578,7590290,7.1,
357bc19e-baa2-47d2-a16b-dc128f91fe1f,ok,17825792,v1.16+,0.6378378378378379,0.0,0.0,True,0.006164328007137643,0.07678399999999996,0.394391784071922,4.0,actuator_motors,none,10663676,6976765,7.7,
3243f2d7-6f56-4985-a351-82f9d88f890c,ok,17629951,v1.12-1.13,0.0,0.0,0.0,True,0.0,0.0,0.238,6.0,actuator_outputs,per_channel,53978839,17062954,22.3,
d11aa3a1-4c49-40de-8195-11d68c2cfd5e,ok,17761535,v1.14-1.15,0.0,0.0,0.0,True,0.0,0.0,0.14390483498573303,4.0,actuator_motors,none,49307412,19241108,17.3,
f8b0744b-a16e-4295-b880-c41509e02d91,ok,17891583,v1.16+,0.0,0.0,0.0,True,0.009987113402061855,0.5005620000000022,0.5090306125581264,4.0,actuator_motors,none,13065617,8737062,6.1,
6465c791-4e8c-4596-9a5f-4bec6b5b5d9a,ok,17760768,v1.14-1.15,0.0,0.08904109589041095,0.0,True,0.0,0.0,0.09805049449205396,4.0,actuator_motors,none,7492956,4748806,4.0,
f59c569c-1d23-41dd-9588-b3bf3990754b,ok,17170432,v1.12-1.13,0.0,0.0636182902584493,0.0,True,0.0005662514156285391,0.10611499999998841,0.4857142857142857,6.0,actuator_outputs,global,15374243,8694631,6.6,
8e4ee47a-6a84-480b-8942-13c2d997cf0e,ok,17760768,v1.14-1.15,0.0,0.049738219895287955,0.0,True,0.000389993871524876,0.010508000000001516,0.1277575761079787,4.0,actuator_motors,none,19102872,11652359,11.3,
dae4d995-e37c-4f80-90cf-5fad09cb02d9,ok,17760256,v1.14-1.15,0.0,0.0,0.0,True,,,,4.0,actuator_motors,none,3447799,2638472,3.2,
161c53e9-68e2-4217-87db-316ae73426fd,ok,17498880,v1.12-1.13,0.0,0.0,,True,0.0,0.0,0.40700000000000003,8.0,actuator_outputs,global,120460452,64179538,116.1,
d044cab3-317f-4d91-a221-975d1863c657,ok,17956928,v1.16+,0.0,0.08102955195424213,0.0,True,0.0,0.0,0.06776801943778986,4.0,actuator_motors,none,121429351,59136507,167.3,
fec4a61e-0d4d-4ba2-9716-baff6c72a19c,ok,17761023,v1.14-1.15,0.0,0.0,0.0,True,0.0,0.0,0.470737641327826,4.0,actuator_motors,none,112114608,11777355,165.2,
09d14fa4-3038-465f-a62b-01865178f60c,ok,17760256,v1.14-1.15,0.0,0.0,0.0,True,0.0,0.0,0.1257061168551445,4.0,actuator_motors,none,4907388,3764077,4.2,
1b97d8a1-838d-4d21-abb4-b8ba76726ee7,ok,17826047,v1.16+,0.0,0.0,0.0,False,0.0,0.0,0.3120584726333618,4.0,actuator_motors,none,2790040,1893947,2.2,
b1765539-b23e-4688-8ebf-8347b3aa4789,ok,17694975,v1.14-1.15,0.0,0.0,0.0,True,0.06097823744882568,4.280496999999997,0.9999999378170944,4.0,actuator_motors,none,9228356,5666831,6.1,
fd82ca90-c984-4511-a4aa-8c68ace353b0,ok,17630207,v1.12-1.13,0.0,0.0,0.0,True,0.004398919122729844,0.06284899999999993,0.816,6.0,actuator_outputs,bus,9188734,4998941,4.2,
42bfb4c5-158d-42a9-bbb5-757ae42dcae2,ok,17761023,v1.14-1.15,0.0,0.0,0.0,True,0.005190709287427314,0.0346929999999972,0.5256052464246749,4.0,actuator_motors,none,28521554,9121749,14.1,
a6a45d34-51a4-430f-82c9-ebf1470a7aaa,ok,17630207,v1.12-1.13,0.0,0.0,0.0,False,0.0,0.0,0.31699999999999995,6.0,actuator_outputs,per_channel,27648000,16365337,9.4,
5d434cf3-8183-44ba-9960-6d9707747d28,ok,17694720,v1.14-1.15,0.0,0.0,0.0,True,0.0,0.0,0.062289335578680015,4.0,actuator_motors,none,13213459,3385246,7.6,
d6467872-263a-477c-8258-94f5e1f16194,ok,255,,0.0,0.0,0.0,True,0.0,0.0,0.13176617622375486,4.0,actuator_motors,none,10831310,7613249,7.6,not_px4_v0
61c4a109-0b10-4209-a494-072c8656f679,ok,17694720,v1.14-1.15,,,,,0.0,0.0,0.1,8.0,actuator_outputs,per_channel,1242949,608971,1.5,
cd5feeae-fddd-4ed7-adc5-432042dbca65,ok,17760767,v1.14-1.15,0.0,0.0,0.0,True,0.0009757928316757365,0.04704999999998449,0.22203274965286254,4.0,actuator_motors,none,118975806,41989739,69.7,
7a6365a4-a2d7-4907-869f-ad03933cced9,ok,17170944,v1.12-1.13,0.0,0.0,0.0,True,0.0,0.0,0.3620256274938581,4.0,actuator_motors,none,6471247,4834631,11.9,
12d0ca8a-90af-40f3-99f6-78f9b8ae657f,ok,17695743,v1.14-1.15,0.0,0.0,0.0,True,0.0006016847172081829,0.09774800000000017,0.21800307855010015,4.0,actuator_motors,none,7112644,4631567,10.5,
ea0ee94a-c71d-41d9-9a4f-02b9a0f9d79b,ok,17629951,v1.12-1.13,0.0,0.0,0.0,True,0.0,0.0,0.22900000000000004,6.0,actuator_outputs,per_channel,4722120,2992874,3.1,
275888e4-94fe-4379-984f-793e80406b43,ok,17695743,v1.14-1.15,0.0,0.0,0.06487341772151899,True,0.0684931506849315,3.501339999999999,0.43085142076015465,4.0,actuator_motors,none,4778635,3293476,3.1,
00071e46-2ddc-4c91-bd09-90324159cb78,ok,17761280,v1.14-1.15,0.0,0.0,0.0,True,0.0,0.0,0.19330489933490744,4.0,actuator_motors,none,4576230,3107037,4.2,
8df4a7f5-3750-4ac1-82e3-9f1ce0c0f025,ok,17629951,v1.12-1.13,0.03017241379310345,0.0,0.0912280701754386,False,0.006306306306306306,0.5994850000000014,0.0,6.0,actuator_outputs,bus,5291270,3586243,4.2,
58546c19-cb85-4b51-83e4-dd70b2dc623a,ok,17630207,v1.12-1.13,0.0,0.0,0.0,True,0.0,0.0,0.23700000000000004,6.0,actuator_outputs,per_channel,50955973,27314777,14.0,
e87fbce7-122b-4f25-9a8e-5de5e1746484,ok,17891392,v1.16+,0.0023937761819269898,0.0,0.0,False,0.0008032128514056225,0.09999999999999964,0.16204158067703245,4.0,actuator_motors,none,234336492,85206163,196.7,
666edf3d-18af-413b-9435-0f6882229b01,ok,17629952,v1.12-1.13,0.06538461538461539,0.011538461538461539,0.0,False,0.0,0.0,0.373,6.0,actuator_outputs,per_channel,9724790,5836425,5.4,
cef017fe-d88a-42ff-b632-376d72c5f6df,ok,16779520,v1.12-1.13,0.0,0.0,0.0,True,0.0,0.0,0.2036753237247467,4.0,actuator_motors,none,7841451,4389534,3.5,
eab18483-521d-46cd-a3d1-925e5a37fe1c,ok,17695488,v1.14-1.15,0.0,0.0,0.0,True,0.0,0.0,0.21428981572389602,4.0,actuator_motors,none,16740611,7603877,5.8,
ae5efcea-2612-4aff-ab80-3fb1d50b26e8,ok,17761280,v1.14-1.15,,,,,0.02,1.0000319999999903,0.5214375,4.0,actuator_outputs,per_channel,461098,381084,0.6,
032c8766-1575-4979-add1-f5b00763e763,ok,17695488,v1.14-1.15,0.0,0.0,0.0,True,,,,4.0,actuator_motors,none,2322274,1670261,2.6,
1fc9134e-3bf8-4d91-b6bc-54a94aa6c463,ok,17826240,v1.16+,0.0,0.0,0.0,True,0.0,0.0,0.2451770365238189,4.0,actuator_motors,none,5070849,3471939,2.4,
9b21586b-bd6f-45a9-9309-a57eb63cfd2c,ok,17826047,v1.16+,0.0,0.0,0.0,True,0.0,0.0,0.3573461621999739,4.0,actuator_motors,none,7375301,4822843,3.2,
9229f35e-619c-4e44-9e59-88e5501d76e5,ok,17826559,v1.16+,0.0,0.0,0.0,True,0.00881057268722467,0.30061299999999846,0.12304339408874511,4.0,actuator_motors,none,4961248,3513176,3.1,
29ed7068-9c09-4143-92a5-4c1c75f924a5,ok,17825792,v1.16+,0.0,0.0,0.0,True,0.004963535040407118,0.9730019999999797,0.10363903939723958,4.0,actuator_motors,none,19367088,11349312,12.8,
05fba708-0871-49a9-a6d7-52ed753202ef,ok,17761535,v1.14-1.15,0.3076923076923077,0.0,0.16182572614107885,False,0.35963569855548505,35.521196,1.0,4.0,actuator_motors,none,20071712,12041271,9.8,
3439d930-ddec-46db-bc8f-f5b9459a248c,ok,17891392,v1.16+,0.0,0.0,0.0,True,0.0,0.0,0.545753359018051,4.0,actuator_motors,none,34499393,11518443,19.4,
b2375b11-3669-4c5c-a5fd-fbee2c894d4e,ok,17761280,v1.14-1.15,0.0,0.0,0.0,True,0.0,0.0,0.278956714272499,4.0,actuator_motors,none,35298754,22469384,14.8,
beee5935-2437-45ac-bc66-85c8b8232313,ok,17761535,v1.14-1.15,0.0,0.0,0.0,True,0.0,0.0,0.09354112148284914,4.0,actuator_motors,none,2930539,2153890,1.7,
32cdc29a-d442-4f2c-906b-d93a5176f240,ok,17629184,v1.12-1.13,0.0,0.0,0.061855670103092786,True,0.09552739470741707,2.7781449999999985,0.5955839723348617,4.0,actuator_motors,none,9981932,6036214,4.1,
7173da6f-a236-487a-8548-3406b3f6e1d1,ok,17694720,v1.14-1.15,0.0,0.08928571428571429,0.0,True,0.0,0.0,0.2697739705443382,4.0,actuator_motors,none,3072477,2286825,4.3,
9b9a8853-f8b0-4daf-a764-f689060d1f8e,ok,17761535,v1.14-1.15,0.12258064516129032,0.0,0.0,True,0.0,0.0,0.12009310722351071,4.0,actuator_motors,none,10359777,7650457,5.2,
b4f45a1b-09ae-43be-8452-13fea8a7184d,ok,17760511,v1.14-1.15,0.0,0.0,0.0,True,0.0,0.0,0.2054398536682129,4.0,actuator_motors,none,3239757,2318552,5.5,
fd4186a8-796f-4dfb-9be2-e5486194a71e,ok,17761535,v1.14-1.15,0.0,0.059907834101382486,0.0,True,0.0,0.0,0.27975211665034294,4.0,actuator_motors,none,3881124,2738735,4.8,
f9fdcc7a-31d9-46bb-9612-999b5e79e492,ok,17825984,v1.16+,0.0,0.0,0.0,True,0.0,0.0,0.15568393617868423,4.0,actuator_motors,none,17475698,10965451,8.3,
306bb4e1-2ef0-445b-b275-4361c3a7443b,ok,17760384,v1.14-1.15,0.0,0.0,0.0,True,0.1205629977159084,0.01748100000000008,0.8842563979327678,4.0,actuator_motors,none,6893858,4126920,5.2,
feb84d7a-677a-4aaf-99a4-ee04eedab103,ok,17629952,v1.12-1.13,0.0,0.0,0.0,True,0.0,0.0,0.11416666666666667,6.0,actuator_outputs,bus,9818419,4334115,8.6,
25f1554b-5e34-41c0-8239-99c9c73f047f,ok,17498112,v1.12-1.13,0.0,0.0,0.0,True,0.0,0.0,0.2866666666666666,6.0,actuator_outputs,global,19155012,10427810,13.0,
6b8e3aee-1d22-4c7f-be13-105bcee9090a,ok,17695743,v1.14-1.15,0.0,0.0,0.0,True,0.001183431952662722,0.10242999999999824,0.3518450289964676,4.0,actuator_motors,none,3566010,2640199,2.2,
bb254ff7-88c5-4612-bdb9-55fe3094e310,ok,17695488,v1.14-1.15,0.0,0.0,0.0,True,0.0,0.0,0.06731878891587258,4.0,actuator_motors,none,7089104,4609276,3.9,
21c5c1eb-bec3-4886-bde4-00bc46deb71b,ok,17760511,v1.14-1.15,0.0,0.0,0.0,True,0.0028977536043675103,0.1240470000000009,0.2219517529010773,4.0,actuator_motors,none,97945787,52649888,30.1,
14ce038e-9a97-462b-a29a-43ab02476cf8,ok,17695488,v1.14-1.15,0.0,0.0,0.0,True,0.0,0.0,0.17163327485322952,4.0,actuator_motors,none,8851010,5094315,6.7,
cad1ae1a-0226-4e49-8352-223171c815a2,ok,17826047,v1.16+,0.0,0.0,0.0,False,0.0,0.0,0.18404632806777954,4.0,actuator_motors,none,22537788,9606915,10.0,
d896a4ea-cfff-4211-8d82-1bfce2bbb713,ok,17629951,v1.12-1.13,0.0,0.035916824196597356,0.0,True,0.0,0.0,0.1501499999999997,6.0,actuator_outputs,per_channel,36628426,21213789,12.6,
79c01bfc-66d0-4b18-8eff-d4572fd7cecd,ok,17695488,v1.14-1.15,0.9634864546525324,0.21319199057714958,0.0,False,0.12217659137577003,23.001823,0.9999999950740541,4.0,actuator_motors,none,13893632,8181637,6.7,
084bbf1c-2c80-46ea-9c76-d3524da70fac,ok,17761023,v1.14-1.15,0.05460750853242321,0.051194539249146756,0.0,True,0.006756756756756757,0.39782399999999996,0.3678665980696679,4.0,actuator_motors,none,5778202,4062872,4.3,
4e57409d-4d02-4fb6-9d18-09b4ef1aee1b,ok,17695743,v1.14-1.15,0.0,0.0,0.33831217326362956,True,0.000403648986841043,0.013593000000000188,0.269280843436718,4.0,actuator_motors,none,79409662,41401938,34.8,
0a2c9bb6-0e08-43c9-96d1-13f24b60746c,ok,17891392,v1.16+,0.0,0.8502673796791443,0.0,True,0.0,0.0,0.07751518487930284,4.0,actuator_motors,none,4473498,3111352,5.0,
dcb04d3a-90b3-4cb6-8e7d-0de4d186ed25,ok,17826047,v1.16+,0.0,0.2,0.0,False,0.0003792701758188172,0.0873589999999993,0.27101849764585495,4.0,actuator_motors,none,29714454,16804072,20.0,
094fac58-4d58-48ed-830b-1f8ac1b77e3a,ok,17629696,v1.12-1.13,0.06181455633100698,0.0,0.0,True,0.0,0.0,0.137,6.0,actuator_outputs,per_channel,50969788,24276425,27.3,
d6a10369-7daf-49c8-bc58-77dc43f9a5ef,ok,17826047,v1.16+,0.0,0.0,0.0,True,0.0,0.0,0.1312008023262024,4.0,actuator_motors,none,38776797,21417417,25.9,
8f50bfe6-47a1-45fb-a65e-29d58808d41c,ok,17105984,v1.12-1.13,0.0,0.0,0.0,True,0.0,0.0,0.23146385848522183,4.0,actuator_motors,none,73009631,35521959,35.8,
49f5e1a0-3122-4442-9eef-24ffa3ad3047,ok,17629952,v1.12-1.13,0.0,0.0,0.0,True,0.0,0.0,0.14764999999999995,6.0,actuator_outputs,per_channel,3789145,2477894,2.2,
1ea540cf-bc3a-4a70-aa08-64c262c1916b,ok,17826240,v1.16+,0.0,0.0,0.0,True,0.0,0.0,0.3042635038495059,4.0,actuator_motors,none,4352542,3335954,2.7,
257ce41a-4faf-4032-93b5-b9dc081fff96,ok,17499135,v1.12-1.13,0.0,0.0,0.0,True,0.0,0.0,0.44385,8.0,actuator_outputs,global,2322090,1607322,1.5,
a0fa1dad-5189-4203-b752-d26f8acf6bcd,ok,17695743,v1.14-1.15,0.0,0.0,0.0,True,0.0,0.0,0.18040980845689775,4.0,actuator_motors,none,2622571,1998237,2.0,
2fc11636-7b05-4c3f-aa85-6396283366cb,ok,17760512,v1.14-1.15,0.0,0.0,0.0,True,0.0006016847172081829,0.09778900000000057,0.3179583542048929,4.0,actuator_motors,none,7857570,5314238,8.1,
6b23d6e3-4a00-4bae-82bb-a3d468ac1396,ok,17761280,v1.14-1.15,0.0,0.0,0.0,True,0.0,0.0,0.11754950731992715,4.0,actuator_motors,none,14470101,7647667,7.9,
0d98c601-3d6b-4a4e-94f0-cbc2bc61f14d,ok,17825984,v1.16+,0.0,0.1414141414141414,0.0,True,0.0,0.0,0.003971554338932037,4.0,actuator_motors,none,41731678,16089529,17.6,
abe7eb03-c4e0-4cf1-8a63-ea1a6bfe81d1,ok,17629951,v1.12-1.13,0.02181500872600349,0.0,0.0,True,0.05021795989537925,18.497308999999973,0.9557714285714287,6.0,actuator_outputs,bus,58361511,36796900,21.5,
7492835c-16e3-4607-8618-c871a7e4114e,ok,17761535,v1.14-1.15,0.8904109589041096,0.0,0.0,True,0.0,0.0,0.7659212332218885,4.0,actuator_motors,none,2945720,2196182,2.5,
c91be006-c491-4b10-8200-5b41bf786036,ok,17695743,v1.14-1.15,0.030373831775700934,0.0,0.0,False,0.21042377009254748,6.300401999999991,0.9043257877230642,4.0,actuator_motors,none,8864027,5942248,4.0,
a46aab76-2b6d-405f-a82f-dec716dbf560,ok,17761535,v1.14-1.15,0.0,0.0,0.0,True,0.0,0.0,0.10754325985908504,4.0,actuator_motors,none,6157168,3980108,3.2,
4ea2c29e-2b55-466c-ab1f-0d58cb059094,ok,17236991,v1.12-1.13,0.0,0.0,0.0,True,0.0,0.0,0.4697142857142855,6.0,actuator_outputs,global,2763488,1390052,2.2,
74e28e46-675f-4014-95ca-248e8152623a,ok,17694848,v1.14-1.15,0.0,0.0,0.00196078431372549,False,0.0,0.0,0.07610388845205306,4.0,actuator_motors,none,49905609,17348571,19.1,
0c7393e9-5b99-42b8-9447-51ed71978c52,ok,17236991,v1.12-1.13,0.0,0.06071019473081329,0.20244150559511698,True,0.0,0.0,0.4857142857142857,6.0,actuator_outputs,global,8070161,4041514,5.9,
0852164b-a3d6-4634-9817-9565d3e74050,ok,17629696,v1.12-1.13,0.8733233979135618,0.0,0.0,True,,,,4.0,actuator_motors,none,27677220,14460706,13.7,
cefd75fc-3041-44c1-84a3-32390d7afe5e,ok,17629696,v1.12-1.13,0.0,0.0,0.0,True,,,,,none,none,7100848,3105477,4.8,
bb1f2772-31e0-41cb-a464-c42ccebe5010,ok,17761280,v1.14-1.15,0.0,0.0,0.0,True,0.0,0.0,0.3144412405788897,4.0,actuator_motors,none,5952966,3478191,6.3,
05d47106-8c07-4a17-8fcb-2871dd4466f7,ok,17236991,v1.12-1.13,0.0003790750568612585,0.0,0.0,True,0.009776536312849162,0.5007289999999998,0.4857142857142857,6.0,actuator_outputs,global,23738727,10868443,13.5,
772760ee-ff89-4137-a794-3a0480d20544,ok,17760767,v1.14-1.15,0.0,0.002329192546583851,0.0,True,0.0,0.0,0.12529274225234982,4.0,actuator_motors,none,105987337,61754220,42.5,
6c5ed865-6314-4214-b472-8e53dea50a05,ok,17629952,v1.12-1.13,0.0,0.0,0.0,True,0.0,0.0,0.22499999999999998,6.0,actuator_outputs,per_channel,15430624,9137311,6.3,
a76fe332-ef93-475c-9313-54f4dabf71c5,ok,402784511,,0.0,0.0,,True,,,,8.0,actuator_outputs,none,2433024,1339842,3.9,not_px4_v24
198e4cd0-d2ef-454c-8034-d83c6ba58f4e,ok,17498880,v1.12-1.13,0.0,0.0,,False,0.0,0.0,0.31899999999999995,8.0,actuator_outputs,global,127448800,73475694,66.0,
7c905c26-b456-4163-85a5-f7c3d1af2cd2,ok,18350080,v1.16+,0.03349282296650718,0.0,0.0,True,,,,4.0,actuator_motors,none,3826200,2333662,5.9,
5750209d-238f-42a8-b77a-e67fdbe4f085,ok,17630207,v1.12-1.13,0.0,0.0,0.0,True,0.0,0.0,0.12400000000000001,6.0,actuator_outputs,per_channel,3261247,2099942,3.3,
b11d29c5-686c-4cef-b7a6-9e602d5a2ec2,ok,17826559,v1.16+,0.0,0.0,0.0,True,0.0,0.0,0.15001395344734192,4.0,actuator_motors,none,3472428,2933759,4.3,
31fc88d9-344c-4a89-8aa3-51bf77c7d443,ok,17761280,v1.14-1.15,0.0,0.0,0.0,True,,,,4.0,actuator_motors,none,40478246,21020904,16.7,
3e3479f3-e445-41f5-98e6-1457e2faad0f,ok,17695743,v1.14-1.15,0.0,0.0,0.0,False,0.0,0.0,0.19910429716110223,4.0,actuator_motors,none,15944618,7199776,17.8,
19f23870-3ebb-46a4-84df-24e186dda405,ok,17695488,v1.14-1.15,0.0,0.0,0.0,True,0.0,0.0,0.08784317225217819,4.0,actuator_motors,none,27120033,9040796,13.0,
286c9aca-6d91-4a9a-9ef4-67366fed0100,ok,17760511,v1.14-1.15,0.0,0.0,0.0,True,0.0,0.0,0.12008548006415361,4.0,actuator_motors,none,22391735,14140924,12.1,
022a0b13-1220-4474-93a9-e64397a89c30,ok,17891583,v1.16+,0.0,0.0,0.0,True,0.0,0.0,0.2180117130279541,4.0,actuator_motors,none,20224973,12857327,13.4,
45a037f1-0f83-44e9-bfaa-5b6538c10cec,ok,17629184,v1.12-1.13,0.0,0.0,0.0,False,0.0,0.0,0.39969999999999983,6.0,actuator_outputs,per_channel,4130801,2670582,3.0,
82b560b3-b647-4d4e-ba02-a94421ca9e4d,ok,16779520,v1.12-1.13,0.0,0.0,0.0,True,0.0,0.0,0.2036753237247467,4.0,actuator_motors,none,7841451,4389534,4.0,
12dd6afd-e0e8-42a2-bce8-d2090ddd44c2,ok,17825984,v1.16+,0.0,0.0,0.2143335565974548,True,0.01919191919191919,4.700517999999988,0.4380022726953024,4.0,actuator_motors,none,10733460,6711451,6.7,
2db5cff4-18b3-44b1-a732-084c9fb4a4e3,ok,17695743,v1.14-1.15,0.0,0.0,0.0,True,0.0,0.0,0.24715688824653625,4.0,actuator_motors,none,4696570,3747030,4.2,
3cce1191-10d7-4916-9ac2-dd95abb30aa3,ok,17695488,v1.14-1.15,0.1910828025477707,0.16560509554140126,0.0,True,0.17194570135746606,11.399847999999999,0.9999999984857446,4.0,actuator_motors,none,4968284,3742165,4.0,
84e19cf0-41b4-428d-b286-108ec5d90b80,ok,17695743,v1.14-1.15,0.0,0.9940652818991098,0.0,False,0.9841930116472546,118.19999999999999,1.0,4.0,actuator_motors,none,25235936,9350531,7.7,
2f7a514b-a1ad-4cf7-afb5-bb13a04cae2c,ok,17761535,v1.14-1.15,0.0,0.0,0.0,True,0.0,0.0,0.07038137316703796,4.0,actuator_motors,none,4887033,3092364,1.9,
fccecb6b-10cd-4d4b-8c7b-171902e861e4,ok,17826559,v1.16+,0.2824858757062147,0.0,0.0,True,0.0,0.0,0.15996487438678741,4.0,actuator_motors,none,9706968,6115491,4.7,
ef46ed38-330e-4b01-aafb-067e5e1cbec0,ok,17694975,v1.14-1.15,0.0,0.1781609195402299,0.0,True,0.0,0.0,0.17108267843723293,4.0,actuator_motors,none,7016709,4613075,3.8,
0ae7a47d-5ac9-4eed-a73a-a8f58a7987e4,ok,17891583,v1.16+,0.0,0.0,0.0,True,0.0,0.0,0.12411295026540754,4.0,actuator_motors,none,39997462,20455827,17.5,
57aa4fad-35a5-49dd-a2f7-0df8e5641c23,ok,17761535,v1.14-1.15,0.0,0.0,0.0,True,0.0,0.0,0.346545518139983,4.0,actuator_motors,none,63828015,16142768,25.1,
429b7b10-e8be-4a5d-80c4-1c4f80714444,ok,17891392,v1.16+,0.0,0.0,0.0,False,0.0006724949562878278,0.09999999999999787,0.011168658733367948,4.0,actuator_motors,none,80309580,18681932,70.2,
6aaa4b12-1d20-4b01-af67-00220e46e5fb,ok,17826048,v1.16+,0.0,0.0,0.0,True,,,,4.0,actuator_motors,none,109016641,39498596,89.1,
7e8e44be-73bd-4b82-82b2-fcf50c8275f0,ok,17761535,v1.14-1.15,0.0,0.0,0.0,True,,,,,actuator_motors,none,66103945,34703366,56.6,
956162e7-a069-4a25-a394-447d10651621,ok,17695744,v1.14-1.15,0.0,0.0,0.0,True,0.0,0.0,0.36724933236837387,4.0,actuator_motors,none,10202034,6236769,8.4,
4a33bedc-bf12-4bf5-9dfd-64ac39c65b3a,ok,17694912,v1.14-1.15,0.0,0.0,0.0,True,0.0,0.0,0.159999986179173,4.0,actuator_motors,none,16069554,9073113,10.2,
745646b6-c67a-4fb5-8485-0436480945f5,ok,17302271,v1.12-1.13,0.0,0.0,0.0,False,0.054945054945054944,2.537507000000005,0.9087999999999987,6.0,actuator_outputs,global,2449917,1366863,1.8,
d5d00797-d204-40a4-ac27-bd9ddac2e5d6,ok,17826047,v1.16+,0.0,0.0,0.0,True,0.0,0.0,0.12649464011192302,4.0,actuator_motors,none,13482355,8807466,12.3,
c28db741-d51b-43da-8a6b-7570c6a51c1d,ok,17564416,v1.12-1.13,0.0,0.0,0.0,True,,,,8.0,actuator_outputs,bus,3394704,2401287,3.2,
f1b02843-6f35-4cab-9c5a-210c613542a6,ok,17761535,v1.14-1.15,0.0,0.0,0.0,True,0.0,0.0,0.43122629523277245,4.0,actuator_motors,none,3584465,2851889,16.9,
b335bd7a-1ac0-4a91-9abb-e5e6f1c1c313,ok,17694720,v1.14-1.15,0.0,0.0,0.0,True,0.0,0.0,0.41618729978799796,4.0,actuator_motors,none,2406553,1770447,1.5,
6f8fdafa-ba10-4b63-8243-6f4506d1f3a3,ok,17760511,v1.14-1.15,0.0397489539748954,0.0,0.0,True,0.0012801204819277109,0.045010999999988144,0.22258512973785397,4.0,actuator_motors,none,28689383,16870157,20.9,
64878a06-6bb0-4fff-a87b-5e9fdf2566f8,ok,17761280,v1.14-1.15,0.006622516556291391,0.2052980132450331,0.0,True,0.0002547677973504149,0.0037570000000002324,0.219337636232376,4.0,actuator_motors,none,41335933,16522036,20.6,
5bfeb52f-9778-409e-b55b-d83f1490e3e1,ok,17695744,v1.14-1.15,0.0,0.0,0.0,True,,,,4.0,actuator_motors,none,3823827,2547939,1.8,
b60f1ba8-2742-4273-bb91-1f0268272940,ok,17826559,v1.16+,0.0,0.02666666666666667,0.0,True,0.0022259321090706734,0.2996649999999974,0.15998957157135008,4.0,actuator_motors,none,7666904,5121564,3.0,
1fe64bc0-ed46-4006-be01-2acf736534a6,ok,17630207,v1.12-1.13,0.0,0.0,0.0,True,0.0,0.0,0.32860032841563225,4.0,actuator_motors,none,265689278,121098414,127.3,
b5dc5c47-c181-4c4c-a297-050397ad0265,ok,17760768,v1.14-1.15,0.0,0.0,0.0,True,,,,,actuator_motors,none,10853300,6876476,4.1,
e517fea8-69f7-4485-bc0d-5198116e1482,ok,17891583,v1.16+,0.0,0.0,0.0,True,0.0,0.0,0.184852285683155,4.0,actuator_motors,none,3639235,3099427,2.9,
56eabc5c-02c3-411f-8a13-fdccc75482bb,ok,17629696,v1.12-1.13,0.0,0.0,0.0,True,0.0,0.0,0.0,6.0,actuator_outputs,bus,31523872,9621434,42.9,
66253ab1-813d-4a4a-adbb-90937129c57c,ok,17826240,v1.16+,0.0,0.0,0.07504078303425775,True,0.0012968212799324447,0.10427299999999207,0.1738622196018695,4.0,actuator_motors,none,22008370,9512124,66.2,
fa2614cc-0f19-4d42-a0d1-80e01c3236ee,ok,18286080,v1.16+,0.0,0.0,0.0,True,,,,4.0,actuator_outputs,bus,55658957,4830506,68.7,
6734e216-e754-4955-8524-9ac7b32c4091,ok,17826047,v1.16+,0.0,0.0,0.0,True,0.0,0.0,0.38228950910270215,4.0,actuator_motors,none,2775671,1994446,4.9,
ce369aa2-cb8a-4f80-9ad6-8db227757e4b,ok,17760256,v1.14-1.15,0.0,0.0,0.0,True,0.0,0.0,0.2599836900830269,4.0,actuator_motors,none,2691902,1989234,4.6,
4e8fe161-831e-43f8-80c8-f854b32c6948,ok,17761535,v1.14-1.15,0.0,0.037296037296037296,0.0,True,0.0,0.0,0.16934937499463557,4.0,actuator_motors,none,83325142,36544539,64.1,
b47b78dc-e4f1-4c78-9992-5810d1d823d9,ok,17761280,v1.14-1.15,0.0,0.0,0.0,True,0.003432494279176201,0.10125099999999776,0.4777338445186614,4.0,actuator_motors,none,4168375,3040445,3.9,
9cf94338-34cc-4672-9ddc-bbc92ba98330,ok,16777471,v1.12-1.13,0.0,0.0,0.0,True,0.0,0.0,0.2057837963104246,4.0,actuator_motors,none,7763180,4918471,4.3,
cff243bd-7306-4f9c-b32c-9d5bd83d5ba4,ok,17629951,v1.12-1.13,0.0,0.0,0.0,True,0.0,0.0,0.47869999999999935,6.0,actuator_outputs,per_channel,4431856,2748433,2.4,
5bc82cd0-857c-4266-98c6-7704e4341dbe,ok,17826240,v1.16+,0.0,0.0,0.0,True,0.0,0.0,0.174675589799881,4.0,actuator_motors,none,5735347,3633975,8.2,
a248716d-0e0d-4d1c-9e2c-cdd452acc654,ok,17761535,v1.14-1.15,0.0,0.0,0.0,True,0.0,0.0,0.4176205277442932,4.0,actuator_motors,none,6035547,4260328,9.8,
8a99337b-359a-4589-8465-4432506bed16,ok,17694975,v1.14-1.15,0.7229813664596273,0.0,0.0,True,0.0,0.0,0.26743220686912533,4.0,actuator_motors,none,19914472,11905584,11.0,
9f9356cf-cce6-4713-9bbb-865696f90bba,ok,17891520,v1.16+,0.0,0.0,0.0,True,0.0,0.0,0.23999997973442078,4.0,actuator_motors,none,75104256,30528476,46.5,
ece29e15-f81e-4fba-aa0f-61d005910dae,ok,17695743,v1.14-1.15,0.0,0.0,0.0,True,0.01753531417437896,0.3014610000000002,0.42574478387832637,4.0,actuator_motors,none,8343318,5217703,4.6,
957672da-466e-4797-a874-a6357f3bb76b,ok,17629951,v1.12-1.13,0.0,0.0,0.0,True,0.0,0.0,0.626,6.0,actuator_outputs,per_channel,8806838,5694857,4.9,
ed19c6ec-f560-4437-b09f-8c06b58c4a40,ok,17826047,v1.16+,0.014644351464435146,0.0,0.015113350125944584,True,0.024924795874516546,2.4008650000000102,0.503946987662031,4.0,actuator_motors,none,10337813,6885800,8.4,
61a06849-a179-48cc-b3a1-1db760181278,ok,17826047,v1.16+,0.0,0.0,0.0,True,0.0,0.0,0.09014936685562133,4.0,actuator_motors,none,31364825,12873147,10.0,
6b90b948-e2c2-466f-9c50-8a4bdc8345c6,ok,17761535,v1.14-1.15,0.0,0.0,0.1713810316139767,True,0.0,0.0,0.12496001720428468,4.0,actuator_motors,none,5009124,3151779,2.4,
f8a66bad-b130-42a2-8c8a-ee147ebf75e8,ok,17630207,v1.12-1.13,0.0,0.0,0.06307977736549165,True,0.0,0.0,0.5209999999999998,6.0,actuator_outputs,per_channel,9885933,6070314,5.8,
eb7aa7cd-1d09-49ab-a452-479bad4d93b6,ok,17956928,v1.16+,0.0,0.044009779951100246,0.0,True,0.006629270780214177,0.5,0.06079930067062378,4.0,actuator_motors,none,47217673,23485784,13.4,
544ee2aa-66e9-468c-a7ea-1dcdacb52e08,ok,17826240,v1.16+,0.0,0.0,0.0,True,0.0,0.0,0.18301070258021346,4.0,actuator_motors,none,11815118,6952167,4.0,
e390a2bf-f902-4ca8-af16-97b51506bcfb,ok,17694975,v1.14-1.15,0.0,0.0,0.0,True,0.0,0.0,0.2407710775732994,4.0,actuator_motors,none,11426310,7293810,6.9,
a8fdd8ab-2914-4b98-b3b8-0b1f708582fa,ok,17761023,v1.14-1.15,0.0,0.0,0.0,True,0.0,0.0,0.6722773646593094,4.0,actuator_motors,none,2944789,1905418,1.6,
cb751684-d863-4941-8bc7-324fd3985b12,ok,17826047,v1.16+,0.0,0.5924686192468619,0.0,True,0.0,0.0,0.10363031029701235,4.0,actuator_motors,none,28792494,17462131,10.0,
090cf749-4710-453b-a5d7-4e63aa98af12,ok,17761280,v1.14-1.15,0.0,0.05825242718446602,0.0,True,0.0,0.0,0.17691099047660824,4.0,actuator_motors,none,27017818,12267878,11.1,
4a5f405d-bb59-4153-a535-9f64408cc8d3,ok,17761535,v1.14-1.15,0.008888888888888889,0.0,0.04945054945054945,False,0.07374778566418186,5.470956000000001,0.67606982588768,4.0,actuator_motors,none,64972423,23910661,19.7,
98227008-6b17-4e8f-b772-e7969de41e97,ok,17826047,v1.16+,0.0,0.0,0.0,True,0.0,0.0,0.18380638360977172,4.0,actuator_motors,none,17497213,11705167,11.2,
76df0304-5eb0-45ea-9e81-c4c2efaf0494,ok,17695487,v1.14-1.15,0.1073170731707317,0.0,0.0,True,0.001554605518849592,0.40247199999998884,0.4804418563842773,4.0,actuator_motors,none,46201079,26501289,28.5,
388ada3b-68f6-49de-8ace-b62daac041a0,ok,17630207,v1.12-1.13,0.0,0.0,0.0,True,0.9260273972602739,75.001257,0.925,6.0,actuator_outputs,per_channel,3633267,2682414,2.4,
0adc5bba-d29a-446c-95ec-124ced1b59b8,ok,255,,0.0,0.0,0.0,True,0.0,0.0,0.07874878160655499,4.0,actuator_motors,none,2853346,2085547,2.6,not_px4_v0
068761a5-82bf-4e12-96ba-0ff09ecf6ab3,ok,67108992,,0.0013698630136986301,0.0,0.010382513661202186,False,0.013430810556340173,1.6392169999999737,0.22026439011096954,4.0,actuator_motors,none,22732800,11460422,12.7,not_px4_v4
481f33eb-bc6a-49f8-8f17-ed7abe472374,ok,17695743,v1.14-1.15,0.0,0.0,0.0,True,0.0,0.0,0.3131986796855927,4.0,actuator_motors,none,26205958,16425156,16.3,
5e3229f8-3083-4c66-81e8-4b84daadb85b,ok,17761023,v1.14-1.15,0.0,0.0,0.0,True,0.0,0.0,0.2172321796417233,4.0,actuator_motors,none,60494947,27457398,18.6,
389226a0-5e71-49f3-a71c-6769d2162a83,ok,17891392,v1.16+,0.1646586345381526,0.0,0.0,True,0.0,0.0,0.0941867783665657,4.0,actuator_motors,none,5055350,3507700,2.9,
3469758d-ea70-48aa-95bb-67ff48013f85,ok,17629184,v1.12-1.13,0.06147540983606557,0.0,0.0,True,0.0,0.0,0.5945999999999995,6.0,actuator_outputs,per_channel,4072252,2670790,3.2,
3a485774-3a19-4be6-9f31-4c0386061711,ok,17825984,v1.16+,0.0,0.017241379310344827,0.0,True,0.0,0.0,0.4243712007999419,4.0,actuator_motors,none,9516641,5779000,6.1,
ef8e32a4-741a-404a-81d7-cff4c92a00c0,ok,17826047,v1.16+,0.0,0.0,0.0,True,0.0009124087591240876,0.10124799999999823,0.8105881950628625,4.0,actuator_motors,none,31793518,18940464,11.0,
ad0bd8e1-7d46-4950-8715-c4be62eedb96,ok,17695488,v1.14-1.15,0.0,0.0,0.0,True,0.0,0.0,0.287965327501297,4.0,actuator_motors,none,11348461,6584051,10.2,
75c10c1e-c5db-4945-a9b8-8ad58acae585,ok,17761535,v1.14-1.15,0.0,0.0,0.0,True,0.0,0.0,0.19219277277588842,4.0,actuator_motors,none,28367603,18062227,10.9,
4e1bd0bf-aaee-45bb-90f7-c24dc6089641,ok,17695488,v1.14-1.15,0.0,0.0,0.0,False,0.0,0.0,0.1290504544973373,4.0,actuator_motors,none,4784128,3265576,2.6,
e976f4b5-9cde-43f9-9205-fe6b909b7c83,ok,17630207,v1.12-1.13,0.0,0.0,0.0,True,0.0,0.0,0.31399999999999995,6.0,actuator_outputs,per_channel,94836068,34344619,38.3,
0dfd061a-857c-46c9-91d9-de1fe2eed8ef,ok,17891392,v1.16+,0.0,0.7630769230769231,0.0,True,0.0,0.0,0.1545585874468087,4.0,actuator_motors,none,2855019,2328543,5.8,
44399f4c-e2d2-43d3-bfa6-4bf0b97bb928,ok,17760384,v1.14-1.15,0.06451612903225806,0.0,0.0,True,0.0912981455064194,6.401545000000006,0.9999999403953552,4.0,actuator_motors,none,2906435,2185315,1.8,
ca09c5a1-f715-4744-9777-ba71037a2853,ok,17761024,v1.14-1.15,0.0,0.0,0.0,True,,,,4.0,actuator_motors,none,16606971,8433789,5.5,
79c5efb8-00cc-41d9-bd2f-d742a156cc6b,ok,17760768,v1.14-1.15,0.01340033500837521,0.0,0.0,True,0.0,0.0,0.2556522965431213,4.0,actuator_motors,none,60851006,33608170,18.2,
f6afd760-6b89-4ba1-ac85-fcece142d9b4,ok,17695488,v1.14-1.15,0.0,0.0,0.0,True,0.0,0.0,0.1166894294321537,4.0,actuator_motors,none,2507409,1924046,4.0,
bcc87b4d-b49d-451b-a927-6963d9bd2128,ok,17630207,v1.12-1.13,0.0,0.0,0.0,True,0.0,0.0,0.5900000000000001,6.0,actuator_outputs,per_channel,12217508,8002882,5.8,
e20e0e7b-f10c-4d9c-8004-cecb772951f9,ok,17760768,v1.14-1.15,0.0,0.0,0.0,True,0.0,0.0,0.09899939596652986,4.0,actuator_motors,none,5070186,3461763,4.1,
6ef94cda-5041-44b0-8443-a7f12e8551a2,ok,17761280,v1.14-1.15,0.0,0.0,0.0,True,0.0,0.0,0.23267428874969479,4.0,actuator_motors,none,5384568,3646710,2.8,
6ff1dc61-d09e-4479-8594-880bb877e14b,ok,17629184,v1.12-1.13,0.0,0.0,0.6789869952087612,True,0.03076194983435873,0.5991490000000006,0.3950021445751189,4.0,actuator_motors,none,9515647,6087818,4.6,
339af69d-250c-48f9-b25a-478464269cef,ok,17826047,v1.16+,0.0,0.6384615384615384,0.0,True,0.0,0.0,0.2399999928019856,4.0,actuator_motors,none,2896683,2322350,5.0,
4b221369-0fe7-40b8-a746-97b84bbbd745,ok,33554752,,0.0,0.0,0.0,False,0.006349381625441696,0.14095499999999106,0.4657399252057075,4.0,actuator_motors,none,47305890,24422042,12.7,not_px4_v2
1d9e74bf-67a1-4ea1-9310-1ed1a9667141,ok,17761535,v1.14-1.15,0.0,0.0,0.0,True,0.0,0.0,0.14015996456146237,4.0,actuator_motors,none,2906411,2304801,19.0,
04098504-641b-4f25-8574-025b5a3dd2ff,ok,17630207,v1.12-1.13,0.0,0.0,0.0,True,,,,,actuator_outputs,none,17171787,2743672,24.3,
f930847c-5619-4316-88a6-afa37affc72b,ok,17695488,v1.14-1.15,0.0,0.0,0.0,True,0.0,0.0,0.26189907640218735,4.0,actuator_motors,none,2824208,2000989,21.6,
5a8d06ce-37fb-4518-83fc-3c9853a9009e,ok,17761535,v1.14-1.15,0.0,0.0,0.0,True,0.0,0.0,0.18666219115257268,4.0,actuator_motors,none,5917327,4151661,24.4,
0ad3ae9b-03be-4d7a-bb95-3d09665f9c65,ok,17760768,v1.14-1.15,0.0,0.0,0.16611295681063123,True,0.0,0.0,0.4734550654888153,4.0,actuator_motors,none,2570090,1965436,2.6,
f12937a5-50d3-4fdc-9415-14811da4fb4a,ok,17760511,v1.14-1.15,0.0,0.0,0.0,False,0.0,0.0,0.1726353347301483,4.0,actuator_motors,none,60718347,25820628,46.7,
4a2fb0f0-1f3b-4af2-badf-0efe1d295b94,ok,17629696,v1.12-1.13,0.0,0.0,0.0,True,0.0,0.0,0.804,6.0,actuator_outputs,per_channel,9002926,4947947,3.7,
bac02893-057a-4068-9304-bc4c6c6d95b0,ok,17826047,v1.16+,0.004149377593360996,0.0,0.0,True,0.0,0.0,0.18128114342689505,4.0,actuator_motors,none,67417896,40172207,49.4,
272491f2-5c67-449e-968d-45b97bbed185,ok,17761280,v1.14-1.15,0.0,0.0,0.0,True,0.04896421845574388,5.100889000000009,0.6160000557382008,4.0,actuator_motors,none,4156071,2973977,2.8,
7fa8be2d-01a5-470e-a27b-406cddea9382,ok,17761535,v1.14-1.15,0.0,0.0,0.0,True,0.0,0.0,0.24119998514652252,4.0,actuator_motors,none,5146936,3710609,8.4,
486df66e-487d-4a1d-94fc-a74c20a0c971,ok,17760256,v1.14-1.15,0.0,0.0,0.0,True,0.0,0.0,0.1480379194021225,4.0,actuator_motors,none,11394249,7373057,9.2,
5a8d9730-dfb3-4214-bb96-f444f17eba65,ok,17630207,v1.12-1.13,0.0017064846416382253,0.023890784982935155,0.035326086956521736,False,0.0,0.0,0.48839999999999506,6.0,actuator_outputs,per_channel,11743935,7338861,9.6,
14f39cd2-9ac0-4ada-aa85-ef81dab9eff1,ok,17499135,v1.12-1.13,0.004442925495557075,0.15481886534518113,0.0,True,0.001016053647632595,0.7969060000000354,0.24684444444444348,6.0,actuator_outputs,global,43440797,25822581,13.8,
ecdcc3e3-9aee-4c18-93f5-6a1504f8eedb,ok,17761535,v1.14-1.15,0.0,0.0,0.0,True,0.0,0.0,0.31902624368667554,4.0,actuator_motors,none,4523371,3314167,2.2,
7ab14d54-770f-4bb1-8b86-7d9e3440dace,ok,255,,0.0,0.1,0.0,True,0.0,0.0,0.176714788377285,4.0,actuator_motors,none,3096597,2694573,3.4,not_px4_v0
260a6804-5957-40f7-a2b4-eabdfad0cc2b,ok,17826047,v1.16+,0.0,0.0,0.0,True,0.0,0.0,0.17419231534004212,4.0,actuator_motors,none,6942720,4646781,2.8,
27a1fe67-a329-429e-8430-293be834eb0f,ok,17694720,v1.14-1.15,0.0,0.0,0.0,True,0.0,0.0,0.30936023220419867,4.0,actuator_motors,none,5844836,3737280,2.2,
3125e1b7-8080-40e3-8618-5085c2e05684,ok,17629696,v1.12-1.13,0.0,0.0,0.0,True,0.0,0.0,0.11600000000000005,6.0,actuator_outputs,per_channel,9274980,5363745,4.3,
9fac269a-93f6-4abc-90ba-03b5dd2a6078,ok,17760511,v1.14-1.15,0.07207207207207207,0.02702702702702703,0.1037037037037037,True,0.10546139359698682,2.3998070000000027,0.9999999390763805,4.0,actuator_motors,none,1917091,1495283,1.5,
a56a4a81-0b13-4a6e-b8db-cacc5680cb59,ok,17695743,v1.14-1.15,0.697986577181208,0.0,0.0,True,0.0,0.0,0.14947372674942017,4.0,actuator_motors,none,39456421,14074209,11.6,
ef47c91e-f0d1-4442-87de-e8662e65afed,ok,17695743,v1.14-1.15,0.0,0.0,0.0,True,0.0029239766081871343,0.3011340000000011,0.5937487557530403,4.0,actuator_motors,none,4397243,3170020,3.3,
64a99db2-8a69-418c-8081-af0cb382c297,ok,17891583,v1.16+,0.0,0.0,0.05274725274725275,True,0.06101443586724236,2.5686740000000015,0.40728434324264207,4.0,actuator_motors,none,10210090,6337413,9.2,
5ac180cc-d047-4af5-91f6-7430231cfaea,ok,17694720,v1.14-1.15,0.0,0.047244094488188976,0.0,True,0.0049679581398083365,0.2522610000000043,0.4317956149578094,4.0,actuator_motors,none,27925726,9778826,8.8,
b08c753a-2ca9-480c-83bf-686c34478c2e,ok,17694975,v1.14-1.15,0.0,0.0,0.0,True,0.0,0.0,0.3524883419275283,4.0,actuator_motors,none,2925778,2131177,2.5,
9248301f-9ad7-46db-9468-a9c905a40604,ok,17761535,v1.14-1.15,0.0,0.0,0.0,True,0.0,0.0,0.16000020503997803,4.0,actuator_motors,none,22379331,12438490,6.1,
c4e03b6d-bc0f-475d-81c0-e40306fb844c,ok,17760320,v1.14-1.15,0.01646090534979424,0.0,0.0,True,0.0,0.0,0.390468955039978,4.0,actuator_motors,none,15873424,7898790,7.8,
9dc1f7c2-ab04-4fa6-a6b3-1adde9e84f23,ok,17564671,v1.12-1.13,0.0,0.03116531165311653,0.0,True,0.16399779127553837,9.313788999999986,0.9851428571428572,6.0,actuator_outputs,bus,14656861,9239560,9.8,
548c7339-4c59-4b1d-a753-70dfaad4e344,ok,17825984,v1.16+,0.0,0.02471169686985173,0.0,False,0.0,0.0,0.19142919778823855,4.0,actuator_motors,none,14592235,9979396,9.4,
b5d4e9ab-2a36-4cfe-8597-4dcedff3cc25,ok,17629951,v1.12-1.13,0.0,0.0,0.0,True,0.0,0.0,0.64655,6.0,actuator_outputs,per_channel,30785649,11247861,7.7,
c16cd926-4398-4a0f-914a-229ecc5f8c82,ok,17760768,v1.14-1.15,0.0,0.028503562945368172,0.0,True,0.0,0.0,0.3782452940940855,4.0,actuator_motors,none,7956397,5201743,4.2,
f73ba175-8305-4dbb-b3bb-5b3ccafdb053,ok,17760511,v1.14-1.15,0.0,0.0,0.0,True,0.0008481764206955047,0.1017879999999991,0.3702752023935318,4.0,actuator_motors,none,5394394,3729328,2.9,
dc8a124c-27f3-4931-bba8-31f36aec32b2,ok,17761535,v1.14-1.15,0.0,1.0,0.0,True,0.0,0.0,0.1475147649645805,4.0,actuator_motors,none,3746397,2513994,2.1,
65591613-4346-4fa4-bda5-e357e2e767c6,ok,17694720,v1.14-1.15,0.0,0.0,0.0,True,0.0,0.0,0.1127360641956329,4.0,actuator_motors,none,2554044,1994648,2.5,
7ccde9df-0c64-40a3-bbca-36a434352201,ok,17956992,v1.16+,0.0,0.0,0.0,True,0.0,0.0,0.11187347769737242,4.0,actuator_motors,none,5359605,4135010,3.5,
1acfea7d-688b-4c3b-b4d6-a135f0279897,ok,17695488,v1.14-1.15,0.14383561643835616,0.0684931506849315,0.0,True,0.9355322338830585,62.402471999999996,1.0,4.0,actuator_motors,none,2961379,2310171,2.2,
8c2d5736-31c5-48ab-962c-afab793d5341,ok,17629951,v1.12-1.13,0.01580135440180587,0.0,0.0,True,0.0,0.0,0.0,6.0,actuator_outputs,bus,7980397,5261145,4.3,
d7367fd7-a711-48a2-9c9b-9b834d82dbfd,ok,17826240,v1.16+,0.0,0.0,0.0,True,0.16417086043942555,1.5819560000000017,0.87375917006284,4.0,actuator_motors,none,11689481,6690778,3.0,
db4dd654-fa2c-4fae-986c-107f46c8a6ec,ok,17956928,v1.16+,0.0,0.0,0.0,True,0.0,0.0,0.15070010274648665,4.0,actuator_motors,none,6820200,4178560,3.4,
c8f8868b-94cd-403a-be99-dea1a0a58791,ok,17891583,v1.16+,0.0,0.0,0.0,True,0.01059001512859304,0.698882999999995,0.4062044620513916,4.0,actuator_motors,none,3103980,2435414,3.0,
c874e578-65c4-4302-a318-275a53a1251a,ok,17761280,v1.14-1.15,0.0,0.0,0.0,True,0.005194805194805195,0.19943599999999861,0.1885304495692253,4.0,actuator_motors,none,3256414,2400278,1.8,
565a4e75-479d-4fbd-95ae-85b5f8c8ee62,ok,17761023,v1.14-1.15,0.0,0.0,0.03717201166180758,True,0.007124109486314211,1.1014199999999903,0.44242422208189947,4.0,actuator_motors,none,11183968,7269924,8.2,
a43c27c6-db41-4531-9b52-45615ba378d7,ok,17761280,v1.14-1.15,0.0,0.0,0.061381074168797956,True,0.0,0.0,0.27157714813947675,4.0,actuator_motors,none,45498065,19962172,15.5,
e87c027b-1322-4403-89b8-44fca49a16d1,ok,17694975,v1.14-1.15,0.0,0.22545454545454546,0.0,True,0.0,0.0,0.16567887663841246,4.0,actuator_motors,none,5358312,3688989,2.1,
cd1dbb4d-800e-4cf4-b9aa-a3cee811bd27,ok,17760511,v1.14-1.15,0.0,0.0,0.0,True,9.751816275781364e-05,0.006664000000000669,0.22769958376884455,4.0,actuator_motors,none,8461876,5450332,4.0,
c2149e89-4a0e-4c36-81a7-278701041a1c,ok,17826047,v1.16+,0.0,0.0,0.0,True,0.0,0.0,0.2298192661255598,4.0,actuator_motors,none,2217670,1606242,1.3,
d1678dce-b4ac-495e-850d-21fe81c77d1f,ok,17564671,v1.12-1.13,0.07065217391304347,0.0,0.0,True,,,,6.0,actuator_outputs,none,4054725,2619092,3.3,
6a04be56-aa92-4f81-9f8b-c86c68d28da7,ok,17695743,v1.14-1.15,0.894580549368968,0.0,0.0,True,0.0002453265296109121,0.19965899999988324,0.26293057203292847,4.0,actuator_motors,none,82899051,47078259,36.7,
c731ed1a-ad6f-4d37-b8bf-164c48bed346,ok,17695488,v1.14-1.15,0.0,0.0,0.0,True,0.0,0.0,0.26813067644834515,4.0,actuator_motors,none,26490544,6723137,15.2,
1058da89-b575-403a-bb85-6cd0e9648ffc,ok,17761535,v1.14-1.15,0.0,0.0,0.0,True,0.00013419816595839856,0.011310000000008813,0.2770039290189741,4.0,actuator_motors,none,9346038,6140938,5.1,
681d59ec-d3ff-4990-a7fa-3f106edb9ecf,ok,17826303,v1.16+,0.0,0.04774535809018567,0.0,False,0.941747572815534,27.2,1.0,4.0,actuator_motors,none,48420165,17854599,14.0,
d89f8bb2-2938-4e44-950d-c191a7cf360e,ok,17825984,v1.16+,0.0,0.0,0.0,True,0.0,0.0,0.24107135534286497,4.0,actuator_motors,none,10751337,6703602,4.5,
7ccc9ca9-99a5-4855-b3e9-dd7be7906fd8,ok,67441920,,0.0,0.0,0.0,True,0.0,0.0,0.656,6.0,actuator_outputs,bus,134179307,67809154,54.5,not_px4_v4
7ab96f11-63ac-4ea2-ac79-a412e07ef652,ok,17826047,v1.16+,0.0,0.0,0.042042042042042045,True,0.71875,20.199158999999998,1.0,4.0,actuator_motors,none,2554633,1996483,2.9,
d788e50c-bd47-45a1-83c0-53806e41ac34,ok,17630207,v1.12-1.13,0.0,0.0,0.0,True,0.0,0.0,0.20599999999999996,6.0,actuator_outputs,per_channel,16132955,9201853,8.9,
a66bafa1-b721-48b0-9d0e-07dd90f23ea9,ok,17630207,v1.12-1.13,0.0,0.0,0.0,True,0.0,0.0,0.17936102747917174,4.0,actuator_motors,none,4461649,3399141,9.1,
0f070ac7-ee79-4fab-9e77-70ccc435d1e7,ok,17891392,v1.16+,0.0,0.0,0.0,True,,,,4.0,actuator_motors,none,25279294,13208278,12.6,
d19d7448-fbc7-4610-95c5-b541e1038d7d,ok,17761023,v1.14-1.15,0.0,0.0,0.0,True,0.00016466326362588507,0.10209099999997306,0.29408621191978446,4.0,actuator_motors,none,22185342,13152161,8.8,
4fa41675-8415-4bdf-9a90-728df3213b2c,ok,17891583,v1.16+,0.0,0.0,0.0,True,0.0,0.0,0.2358406484127044,4.0,actuator_motors,none,6593930,4734917,5.8,
ddd8367d-554a-4838-bef6-4c89c22f6472,ok,17826047,v1.16+,0.0,0.0,0.0,True,,,,4.0,actuator_motors,none,4061215,2507310,14.2,
01056800-f8c4-4081-ab95-400c93a4469b,ok,17695999,v1.14-1.15,0.6049382716049383,0.06790123456790123,0.0,True,0.0,0.0,0.13395118117332452,4.0,actuator_motors,none,8768289,5490457,15.2,
9a0a0e43-327c-49d6-bab1-8bab1241acdc,ok,17694720,v1.14-1.15,0.0,0.2034313725490196,0.0,True,0.015492612562145508,0.2549829999999993,0.4720544263720512,4.0,actuator_motors,none,22702603,14059023,21.3,
dff18ec9-101a-4a2f-83c9-7660c212c1fa,ok,17694720,v1.14-1.15,0.0,0.0,0.0,True,0.0,0.0,0.1690566226840019,4.0,actuator_motors,none,3423329,2399314,2.8,
d45cf481-e7bf-46e9-aebc-e36dd0d510b0,ok,17564928,v1.12-1.13,0.0,0.0,0.0,True,0.0,0.0,0.12588235294117647,4.0,actuator_outputs,global,247992779,74717928,82.6,
00a80c0c-6b86-481c-b999-abc3a5a455ca,ok,17826240,v1.16+,0.0,0.0,0.0,True,0.0,0.0,0.14632242918014518,4.0,actuator_motors,none,17589561,11123312,9.2,
307191c7-f057-47bf-bc56-7421a3711e63,ok,17760256,v1.14-1.15,0.0,0.0,0.0,True,0.0,0.0,0.10543714165687558,4.0,actuator_motors,none,21719174,13410676,8.4,
edd75c03-b972-45dd-be45-f6abaad6ebe0,ok,17629184,v1.12-1.13,0.0,0.0,0.0,True,0.0,0.0,0.27251874804496756,4.0,actuator_motors,none,4322841,3005260,2.6,
18666fea-82b1-4d21-8b7b-113380e3394a,ok,17630207,v1.12-1.13,0.0,0.0,0.0,True,0.0,0.0,0.17300000000000004,6.0,actuator_outputs,per_channel,19011863,9920701,7.8,
b57333fd-4340-455f-b507-2bfa6cc28168,ok,17761535,v1.14-1.15,0.0,0.47058823529411764,0.0,True,0.003125,0.1999999999999993,0.261188494414091,4.0,actuator_motors,none,2956742,2480567,2.0,
6fd71253-d9eb-436a-aa04-b4a3fd6525ad,ok,17761535,v1.14-1.15,0.0,0.0,0.0,True,0.0,0.0,0.33558752834796907,4.0,actuator_motors,none,3834664,2852039,3.4,
c8a07d24-3e7a-4fad-9b59-2e80c78a6132,ok,17694975,v1.14-1.15,0.9190283400809717,0.0,0.02903225806451613,True,0.0,0.0,0.3594219982624054,4.0,actuator_motors,none,4213376,2849753,3.3,
b5fe0e43-d34d-4bf8-89c1-5c2958fe4acc,ok,17891583,v1.16+,0.0,0.03867403314917127,0.0,True,0.0,0.0,0.37431153655052185,4.0,actuator_motors,none,8431646,6047794,6.5,
eadcfd64-b15c-4113-ba6b-93322a93eed0,ok,17826240,v1.16+,0.0,0.0,0.0,False,0.0379443610463445,0.05492699999999928,0.8496360149291208,4.0,actuator_motors,none,24481755,12618220,11.2,
01382acf-f93e-4d9b-ad85-5a96663432a5,ok,17630207,v1.12-1.13,0.0,0.0,0.0,True,,,,4.0,actuator_outputs,per_channel,3175164,2159809,6.3,
1fbf2aba-edd4-419b-af47-04ed775e0c10,ok,17760768,v1.14-1.15,0.0,1.0,0.0,True,,,,4.0,actuator_motors,none,5556008,3447280,6.9,
080788da-61c0-43e0-aacd-ca60a30170ec,ok,17826240,v1.16+,0.0,0.0,0.0,True,0.006558641975308642,0.8988939999999843,0.38829149156808784,4.0,actuator_motors,none,11418366,7380099,14.0,
5554c662-df00-4f49-bd54-8e298173b2f2,ok,17760511,v1.14-1.15,0.0,0.0,0.0,True,0.0,0.0,0.18676826357841492,4.0,actuator_motors,none,3074142,2220377,1.5,
d8f85b86-ea2e-4d08-8502-c732535cfb1d,ok,17695743,v1.14-1.15,0.5857267188859878,0.0,0.0,True,0.017851791600667837,4.935235000000034,0.4158556759357452,4.0,actuator_motors,none,72650912,38610377,21.0,
b47a1163-70ad-4270-a943-a3435fd70e0b,ok,17695743,v1.14-1.15,0.0,0.0,0.0,True,0.0,0.0,0.21983084529638283,4.0,actuator_motors,none,8131767,4771942,4.4,
57f40be5-4750-4b17-b9a4-25698cee1486,ok,17826047,v1.16+,0.0,0.0,0.0,True,0.0,0.0,0.22781974673271185,4.0,actuator_motors,none,4720612,2823422,5.5,
f1a9f414-c01f-4159-8093-7362b4e43bd0,ok,17891392,v1.16+,0.0,0.0,0.0,True,0.004984141368373357,0.12036300000000466,0.3422443866729733,4.0,actuator_motors,none,32982230,15211679,24.3,
7e761d88-8ed3-41a8-83bd-ae6a6be70932,ok,17761535,v1.14-1.15,0.0,0.0,0.0,True,0.0,0.0,0.12379389256238933,4.0,actuator_motors,none,35775364,15904766,31.9,
a6e4f8e7-7663-44a9-83cc-089f2a8a8144,ok,17694720,v1.14-1.15,0.16229508196721312,0.0,0.08304780551476587,True,0.0,0.0,0.325420431792736,4.0,actuator_motors,none,48458152,29541062,28.4,
f528cb0d-85d7-4406-a2ba-730d99511cbe,ok,17499135,v1.12-1.13,0.0,0.0,0.0,True,0.0,0.0,0.3505,8.0,actuator_outputs,global,3715086,2641094,1.8,
58704c63-7289-42aa-8c4d-1110ad620cd7,ok,17564927,v1.12-1.13,0.0,0.16381236038719285,0.0,True,0.0,0.0,0.4576470588235294,4.0,actuator_outputs,global,111384329,39320161,33.5,
47d9c9a9-5943-4c15-a5c5-e9d6774ae088,ok,17694720,v1.14-1.15,0.0,0.0,0.0,True,0.0,0.0,0.40444097667932505,4.0,actuator_motors,none,2628900,2101455,2.8,
7bf591bf-4fa4-48b7-9306-50f772cc9d05,ok,17499135,v1.12-1.13,0.0,0.0,0.0,True,0.0,0.0,0.381,8.0,actuator_outputs,global,6329951,4450487,4.5,
f4ab3348-ab73-459f-9d3a-5616dc9cb015,ok,17694975,v1.14-1.15,0.0,0.0,0.0,True,0.0,0.0,0.14972522258758544,4.0,actuator_motors,none,23300902,8055400,12.0,
c5d9989e-0ab7-4cd4-96da-ba309b586633,ok,17694720,v1.14-1.15,0.01675977653631285,0.0,0.0,True,0.0,0.0,0.10419219136238075,4.0,actuator_motors,none,9574727,2762485,4.7,
b01f7add-8fd9-4dab-99a9-cd8e74fd83cd,ok,17761535,v1.14-1.15,0.0,0.0,0.0,True,0.016366612111292964,0.5377870000000016,0.441847202181816,4.0,actuator_motors,none,8260964,4762301,9.8,
7093627c-b859-44a4-bcda-bce341ccc821,ok,17695232,v1.14-1.15,0.1124031007751938,0.1124031007751938,0.0,True,0.05662527986973336,0.10249999999999204,0.8699343655258409,4.0,actuator_motors,none,40997740,19342360,11.8,
92a037d0-71e9-4333-be0f-0fd42013686f,ok,17761280,v1.14-1.15,,,,,0.003401360544217687,0.9994319999999846,0.4624374999999993,4.0,actuator_outputs,per_channel,1173755,757427,1.1,
55924d6e-97d4-4e41-a004-0d1f7efdbcb6,ok,17695488,v1.14-1.15,0.0,0.0,0.0,True,0.0,0.0,0.08467648923397064,4.0,actuator_motors,none,4149011,2854441,2.7,
eb8f6fa1-cd7e-4ad4-a1f6-a51f4564b9e7,ok,17694975,v1.14-1.15,0.0,0.0,0.0,True,0.0007380073800738007,0.0976050000000015,0.5373507305979728,4.0,actuator_motors,none,5284828,3563589,2.9,
d0158dfa-90ee-4051-bab6-fe74b7448562,ok,17695488,v1.14-1.15,0.005988023952095809,0.0,0.0,True,0.0,0.0,0.14831622452475127,4.0,actuator_motors,none,3075298,2235798,3.2,
52e4ea54-53ff-4df5-b430-e3746cada7ac,ok,17499136,v1.12-1.13,0.0,0.0,0.0,True,,,,4.0,actuator_outputs,global,10293475,3445907,4.3,
1afdff58-54f4-4d27-9650-470ea3a3c380,ok,17695488,v1.14-1.15,0.0,0.0,0.0,True,0.0,0.0,0.3800721406936646,4.0,actuator_motors,none,3173775,2314471,3.4,
8c09e6c0-2539-47d0-b7a4-5c08dba538da,ok,17629439,v1.12-1.13,0.0,0.0,0.0,True,0.0,0.0,0.315,6.0,actuator_outputs,per_channel,3303180,2502268,3.9,
2bfedcce-3c29-4ae1-b5be-9f80e60679ba,ok,17760256,v1.14-1.15,0.0,0.0,0.0,True,0.0,0.0,0.1460673213005066,4.0,actuator_motors,none,5442684,3847587,4.7,
77acf737-b0ec-4894-9f1e-32c0989d2d8b,ok,17630207,v1.12-1.13,0.0,0.0,0.0,True,0.0,0.0,0.3346214722841974,4.0,actuator_motors,none,1941931,1518576,1.5,
173d8fac-29d0-4597-bf70-9db5a7de0c56,ok,17826240,v1.16+,0.0,0.0,0.0,True,0.0,0.0,0.20804860442876816,4.0,actuator_motors,none,5381205,3651311,3.0,
7584ef1e-e1d1-4726-bea6-040f6fd13f4e,ok,17825984,v1.16+,0.0,0.8625954198473282,0.0,True,0.0,0.0,0.06454484909772873,4.0,actuator_motors,none,2846842,2424952,4.0,
b3a2e1af-9927-41b4-8d31-ad03ee913e06,ok,17695743,v1.14-1.15,0.0,0.0,0.0,True,0.0,0.0,0.16207480430603027,4.0,actuator_motors,none,14168457,8618963,7.0,
bc709762-06cb-4d9e-8971-b4def49e96fa,ok,17694720,v1.14-1.15,0.0,0.0,0.0,True,,,,,none,none,20423837,12770411,6.8,
4ca8b7dd-3f27-4fea-bf3b-858c38da3dec,ok,17694720,v1.14-1.15,0.0,0.0,0.0,True,0.4199192462987887,1.2990689999999998,0.7123057752847671,4.0,actuator_motors,none,3501168,2689937,3.6,
9066c42c-7aa9-4e47-94a9-6027bdf84849,ok,17694975,v1.14-1.15,0.0,0.0,0.0,True,0.0,0.0,0.7865035146474837,5.0,actuator_motors,none,8297249,4126333,4.9,
e4ad785e-c1ce-4b31-b769-19e8d53207c6,ok,17826047,v1.16+,0.8522727272727273,0.0,0.0,True,0.33879781420765026,39.097660000000005,1.0,4.0,actuator_motors,none,3521943,2405316,2.8,
9ee1c90c-7f0a-4082-b7cf-43c35577d897,ok,17891583,v1.16+,0.0,0.0,0.0,True,0.28981952519379844,3.9825060000000008,0.18748896718025207,4.0,actuator_motors,none,13859312,8785875,13.8,
fc43f3e0-f9e3-444a-b119-28138b52d5b3,ok,17761023,v1.14-1.15,0.0,0.0,0.0,True,0.0,0.0,0.2735409945249558,4.0,actuator_motors,none,40770317,25930723,21.9,
7cae7c8e-6e85-4654-9286-da297803d134,ok,17826047,v1.16+,0.0,0.0,0.0,True,0.0,0.0,0.20017356574535367,4.0,actuator_motors,none,45723950,17745288,19.0,
15be0716-cee6-4cc7-a2da-62938a2210e9,ok,17891328,v1.16+,0.0,0.0,0.0,True,0.0,0.0,0.35297152027487755,4.0,actuator_motors,none,4278012,3134645,3.0,
243f9e15-29af-44af-b60f-be6b9f40dfc0,ok,17760256,v1.14-1.15,0.0,0.0,0.0,False,0.0,0.0,0.15999996711774359,4.0,actuator_motors,none,10238084,5441071,9.0,
5f836063-f445-4cb6-8a82-274a7bbb46f5,ok,17761535,v1.14-1.15,0.0,0.2777777777777778,0.0,True,0.0,0.0,0.13902894854545594,4.0,actuator_motors,none,21625443,13296854,11.1,
1bb03cfe-5e79-4731-878c-5c9ac8bb2102,ok,17825984,v1.16+,0.0,0.0,0.0,True,9.970089730807577e-05,0.09756100000004153,0.35346069484949094,4.0,actuator_motors,none,39516855,25473758,23.1,
4612dc33-e868-4c18-81a9-831a89d9cbf4,ok,17695488,v1.14-1.15,0.0,0.0,0.0,True,0.07168614939138827,8.808651999999938,0.8065565615892407,4.0,actuator_motors,none,111238542,62598729,39.0,
1e28903b-6613-4956-bc9b-c3f6de2b96f4,ok,17826240,v1.16+,0.0,0.0,0.0,True,0.006168080185042405,0.30116600000000027,0.18201756477355957,4.0,actuator_motors,none,5979356,4057464,4.0,
4dba226a-9daf-447b-b7fa-0b17d646b567,ok,17761535,v1.14-1.15,0.0,0.0,0.0,True,0.0,0.0,0.14390483498573303,4.0,actuator_motors,none,49307412,19241108,18.8,
45344ba8-9243-45c6-b39a-a7da15790696,ok,17695488,v1.14-1.15,0.0,0.0,0.0,True,0.0,0.0,0.18386870026588423,4.0,actuator_motors,none,10015675,5940822,4.7,
681f7dd5-7a4c-40ea-b910-9aa53c687414,ok,17826047,v1.16+,0.0,0.0,0.0,True,0.043478260869565216,0.2007600000000025,0.9286819087165479,4.0,actuator_motors,none,4354251,3121752,3.9,
dbf003cc-ef3a-4622-9148-94f461ddbe35,ok,17761023,v1.14-1.15,0.0,0.0,0.0,True,0.0007230657989877079,0.101270999999997,0.45752469897270187,4.0,actuator_motors,none,5745957,3839608,3.9,
92b8b0fe-bd8c-4d6b-80d1-065d52100779,ok,17891583,v1.16+,0.0,0.0,0.0,True,0.0005927682276229994,0.10124800000000178,0.21622735857963546,4.0,actuator_motors,none,8669470,5450475,4.3,
cddc290f-b53f-4d81-9ece-6e7bb3a3e933,ok,17695488,v1.14-1.15,0.0,0.0,0.0,True,,,,,actuator_motors,none,3424950,2564048,3.5,
a190fbaa-fbef-4e05-a243-07d41e4fc5bf,ok,17694720,v1.14-1.15,0.2905405405405405,0.0033783783783783786,0.0,True,0.0,0.0,0.08497336879372597,4.0,actuator_motors,none,34007527,11935271,15.0,
03b877c8-45fe-4577-b4c3-df924d82d0fe,ok,17694720,v1.14-1.15,0.0,0.0,0.0,True,0.0,0.0,0.08154802322387694,4.0,actuator_motors,none,19614615,4795447,12.7,
8c7b8476-6437-47b9-8ee4-60d4e5b19e72,ok,17761023,v1.14-1.15,0.0,0.0,0.0,True,,,,4.0,actuator_motors,none,18612224,9342198,6.0,
b8c9e502-5403-4272-884c-8ade1f9a8f89,ok,17694720,v1.14-1.15,0.0,0.0,0.0,True,0.0,0.0,0.44311212815590584,4.0,actuator_motors,none,10649629,6305011,21.7,
d1df8c26-196d-41f6-8cbb-0bbf3db2f605,ok,17891583,v1.16+,0.0,0.0,0.0,False,0.0,0.0,0.14626184180378912,4.0,actuator_motors,none,24984779,9554823,20.7,
54fb8f1c-b23b-4426-b225-560fe20e9780,ok,17760511,v1.14-1.15,0.0,0.030349013657056147,0.0,True,3.139027529271432e-05,0.0037560000000098626,0.36670035123825073,4.0,actuator_motors,none,48558632,25842549,39.8,
6090e702-44e4-4cc0-8bb4-49119ed115d6,ok,17826559,v1.16+,0.0,0.0,0.0,True,0.7831325301204819,38.999999,0.9299790680408477,4.0,actuator_motors,none,4121917,2948099,8.5,
3f79962a-3ebe-450b-b326-30c2966ee0d1,ok,17695743,v1.14-1.15,0.9818401937046005,0.0,0.0,True,0.002683761388465185,0.33627799999999297,0.4045767113566398,4.0,actuator_motors,none,183636358,60482106,77.0,
0eb9f68b-8e8f-4185-ae8e-f5132d32fe1f,ok,17694720,v1.14-1.15,0.8117647058823529,0.0,0.04807692307692308,True,0.00620347394540943,0.4018349999999984,0.41280119121074677,4.0,actuator_motors,none,21515169,8154016,9.3,
555e8676-12d8-4fe0-94e1-8908f4178828,ok,17630207,v1.12-1.13,0.03825136612021858,0.0,0.0,True,0.7908496732026143,46.298631,1.0,6.0,actuator_outputs,per_channel,3945414,2909859,3.0,
5d9026f3-653b-4cf9-b54f-0fc999c65798,ok,17825920,v1.16+,0.1598984771573604,0.0,0.0,True,0.010205646944171231,1.8833770000000527,0.23173588514328003,4.0,actuator_motors,none,48849742,30063379,15.6,
fb25527f-7363-4786-8c11-a19c189b8cb8,ok,17761280,v1.14-1.15,0.0,0.0,0.0,True,0.0,0.0,0.29795111417770387,4.0,actuator_motors,none,6758638,3896130,6.3,
1676e218-a48a-4e93-9c01-54bde1082bb7,ok,17695488,v1.14-1.15,0.0,0.0,0.0,False,0.04330708661417323,0.8986680000000007,0.7632546737790107,4.0,actuator_motors,none,726011,653631,2.3,
18822112-bbd8-4649-9f25-ccceffcb5300,ok,17760256,v1.14-1.15,0.0,0.0,0.0,True,0.004132231404958678,0.39855099999999766,0.256368213891983,4.0,actuator_motors,none,3809008,2646419,7.5,
7e2217fa-f65d-4171-a451-eb15ffb832e1,ok,17629696,v1.12-1.13,0.0,0.0,0.0,True,0.0,0.0,0.12709936946630476,4.0,actuator_motors,none,19850286,12274105,21.3,
c5fb779c-40f9-479a-901c-ba210a4b22e7,ok,17629696,v1.12-1.13,0.12189349112426036,0.0,0.0,True,,,,4.0,actuator_outputs,per_channel,47059024,22238660,24.1,
c80344a3-0b51-46aa-bbbc-f4611e390673,ok,17694720,v1.14-1.15,0.41387024608501116,0.70917225950783,0.09697508896797152,True,0.018772893772893772,1.2014859999999885,0.2261226490139961,4.0,actuator_motors,none,8047425,5034055,6.8,
cf77cdec-b114-46fe-9880-aa57581f398e,ok,17694976,v1.14-1.15,0.0,0.0,0.0,True,0.0,0.0,0.20906594395637512,4.0,actuator_motors,none,6527301,4337888,5.0,
bae11ff1-dacd-4c0d-bb3e-21c9b39c3f27,ok,50332160,,1.0,0.0,0.0,False,0.0,0.0,0.6026049141036864,4.0,actuator_motors,none,2315414,1594261,1.9,not_px4_v3
93d8fb6f-d682-402c-96d7-25ea7deba6a3,ok,17563904,v1.12-1.13,0.0,0.0,0.0,False,0.13365981844242714,111.7020030000001,0.9375,8.0,actuator_outputs,bus,31837424,18486362,12.3,
216accc7-a73d-4828-ba7d-0777ab83438d,ok,17761023,v1.14-1.15,0.0,0.05714285714285714,0.0,True,0.0,0.0,0.12475026249885555,4.0,actuator_motors,none,3621367,2587143,1.5,
730e2c59-ba34-4a57-8f02-b714d2e7301e,ok,18286080,v1.16+,0.0,0.0,0.0,True,,,,4.0,actuator_outputs,bus,85970615,37857479,31.6,
