topic,n_logs,total_bytes,median_bytes
sensor_combined,2248,4527822640,1027218
vehicle_angular_velocity,2233,3245246440,551250
vehicle_torque_setpoint,1838,1688664675,330967
vehicle_attitude,2263,1421773302,190236
actuator_motors,1835,1420066632,75353
vehicle_rates_setpoint,2232,1311959575,267974
vehicle_attitude_setpoint,2252,934353462,153590
vehicle_local_position,2254,890818965,153573
vehicle_thrust_setpoint,1831,689910216,149378
sensor_gyro_fifo,139,579740370,2936016
sensor_accel_fifo,129,557682341,3716164
estimator_states,2153,465039533,47374
actuator_controls_0,499,414251180,185380
vehicle_angular_acceleration,267,379773048,763148
vehicle_acceleration,2164,368209902,69742
estimator_status,2237,290785668,52717
vehicle_local_position_setpoint,2105,283878582,59791
rate_ctrl_status,2174,216505959,22768
estimator_innovations,2199,196140057,27857
esc_status,345,195885730,168847
vehicle_global_position,1445,194373743,36506
estimator_innovation_test_ratios,2200,177014204,26114
sensor_gyro_fft,930,176442840,79346
hover_thrust_estimate,1826,158110033,40471
vehicle_gps_position,1589,153814413,50218
yaw_estimator_status,1316,152829267,25644
estimator_aid_src_gravity,621,146668708,36865
tr_gov,32,140476819,584482
estimator_innovation_variances,2199,137994630,24560
estimator_sensor_bias,2212,134339708,34881
battery_status,2094,125203762,37287
ekf2_timestamps,462,123239366,128895
estimator_local_position,1745,123086629,40440
sensors_status_imu,2143,99711906,27481
vehicle_air_data,2178,92815816,20118
actuator_outputs,2193,89102942,15404
vehicle_magnetometer,1972,82787282,10462
vehicle_imu,2215,82282910,15889
sensor_accel,2192,79829597,7455
sensor_gyro,2194,76983177,7218
vehicle_imu_status,2207,72702318,21533
manual_control_setpoint,2185,69598848,14930
trajectory_setpoint,2054,67232433,16056
estimator_aid_src_gnss_vel,458,61549399,43700
estimator_status_flags,2142,56262845,23403
vehicle_visual_odometry,163,50114799,125814
estimator_aid_src_mag,536,49199839,38669
control_allocator_status,1972,47498810,15663
sensor_gps,1506,45036634,19399
estimator_aid_src_gnss_pos,457,44364588,30882
vehicle_odometry,25,44292249,1255847
position_setpoint_triplet,1545,39800016,23335
estimator_odometry,467,39252227,36721
vehicle_local_position_groundtruth,83,37728796,309315
telemetry_status,2175,37593077,14957
vehicle_status,2264,36618741,13656
estimator_attitude,1747,35080613,11109
input_rc,1894,34039745,11971
estimator_selector_status,1761,33398514,16068
px4io_status,1178,30759514,24775
estimator_baro_bias,1376,29439190,10144
velocity_ctrl_status,20,28747291,188631
failsafe_flags,1762,27092148,14286
sensor_mag,2052,26621326,5399
rate_ctrl_status_detail,2,26568007,13284003
estimator_aid_src_baro_hgt,606,26197802,17581
estimator_optical_flow_vel,301,24498123,52188
estimator_aid_src_gnss_hgt,425,24227542,19478
estimator_global_position,1077,24028518,12240
sensor_baro,2182,23318572,4143
estimator_event_flags,2109,22811461,11436
magnetometer_bias_estimate,1774,21183182,6213
actuator_outputs_debug,29,20994532,387447
estimator_debug_messages,2,19862073,9931036
vehicle_attitude_groundtruth,83,19793349,158238
gps_dump,40,19783024,335885
event,2056,18284354,8582
vehicle_control_mode,2212,18242588,6859
rate_eso,11,18136416,1489187
system_power,1939,17719055,7058
failure_detector_status,2036,17015187,5880
distance_sensor,616,16299200,5894
vehicle_angular_velocity_groundtruth,83,16089024,125880
estimator_gps_status,1315,15642559,7581
heater_status,52,15119850,163056
actuator_armed,2200,14534001,3937
home_position,1905,14319407,3828
cpuload,2217,13289189,3481
transponder_report,965,13057124,11044
sensor_filter_analysis,5,12933599,2671974
tr_at_test,11,12684462,849358
dance_control_status,12,12631030,461311
vehicle_land_detected,2263,12530722,4925
manual_control_switches,1800,12350102,5488
vehicle_optical_flow,286,11165892,11571
can_interface_status,444,10631781,11427
obstacle_fusion_status,4,10203250,2312044
rl_tools_policy_input,2,9719316,4859658
vehicle_command,1778,9160317,4437
ekf2_innovations,36,8411896,125455
estimator_optical_flow_base_vel,1,7975466,7975466
vehicle_status_flags,460,7181620,14804
vehicle_local_position_temp,14,6449774,484537
rtl_time_estimate,2027,6363963,2197
dance_step_log,12,6193291,208180
control_state,5,6062873,687158
estimator_aid_src_ev_pos,79,5746163,21728
config_overrides,1225,5462553,3217
mc_rate_ctrl_debug,5,5330645,1287821
offboard_control_mode,522,5129816,6562
estimator_visual_odometry_aligned,78,4945197,47910
mission_result,1107,4907428,4445
estimator_aid_src_rng_hgt,125,4865448,15390
vehicle_constraints,1978,4780372,1851
parameter_update,1721,4471035,2557
estimator_aid_src_optical_flow_base,1,4402655,4402655
actuator_controls_3,321,4214606,9098
raptor_input,2,4172495,2086247
tmf_calc,3,3903094,1255534
radio_status,392,3830927,3576
obstacle_distance,6,3777279,488570
vehicle_command_ack,1291,3738881,2472
estimator_aid_src_ev_hgt,76,3636020,13129
vehicle_global_position_groundtruth,81,3612477,30748
sunhawk_motor_data,3,3483955,696941
estimator_aid_src_fake_pos,267,3479757,6907
estimator_aid_src_ev_yaw,77,3356998,13104
estimator_gnss_hgt_bias,173,3313291,11295
sinemotion_esc_status,5,3224767,620541
debug_array,10,3164742,40925
timesync_status,327,3131058,4057
obstacle_distance_fused,27,3088327,29445
estimator_ev_status,21,3050225,56300
rtl_status,1191,3050168,2286
sensor_optical_flow,290,2943382,7093
vehicle_flight_mode,14,2903428,226403
vehicle_optical_flow_vel,2,2823349,1411674
actuator_controls_status_0,231,2756688,6552
sensor_grid_distance_4x4,1,2599439,2599439
takeoff_status,2104,2403501,1159
estimator_aid_src_optical_flow,63,2207860,21166
action_request,1679,2100291,1238
collision_constraints,17,2058331,19725
esp32_status,14,2057307,65996
rc_channels,21,1926677,65453
navigator_status,593,1909510,2080
logger_status,209,1839492,5704
estimator_fusion_control,32,1828617,10185
raptor_status,2,1778808,889404
navigator_mission_item,314,1725413,5415
satellite_info,35,1676119,36201
sinemotion_esc_32_status,9,1656376,151852
sinemotion_esc_33_status,9,1628443,149112
sinemotion_esc_34_status,9,1614986,149069
sinemotion_esc_35_status,9,1579062,147279
commander_state,438,1577664,2272
sensor_selection,1391,1497818,1031
estimator_rng_hgt_bias,146,1421301,7229
vehicle_odometry_frd,1,1348484,1348484
actuator_motors_mux,2,1334351,667175
pos_ctrl_status,1,1315980,1315980
actuator_motors_rl_tools,2,1231676,615838
sunhawk_engine_ctrl,3,1209467,513227
estimator_aid_src_mag_heading,13,1190836,29382
estimator_aid_src_drag,16,1066215,33619
estimator_aid_src_fake_hgt,225,1062893,4301
wind_estimate,29,1054514,9020
mmc_rc_sw,15,1034099,51944
gd_led_cmd_lum,12,1032333,77032
sensor_gyro_raw,4,1004074,232848
sensor_accel_raw,4,990129,228952
safety,363,975139,1941
vehicle_setpoints,14,972862,34147
gd_led_cmd_angle,12,951169,63579
battery_info,17,950347,48813
tr_dynamixel,15,948204,65363
camera_capture,8,941460,8842
vehicle_acceleration_filter,1,909003,909003
estimator_aid_src_ev_vel,13,898712,25799
ekf_gps_drift,139,859432,1866
wind,43,842502,9598
tmf_drop_feedback,3,837446,270740
myaccinfo,1,829445,829445
airspeed,11,824830,5255
sensor_preflight,82,817716,1577
obstacle_distance_raw,4,786229,191811
chirp_sweep,1,766158,766158
autotune_attitude_control_status,34,752847,23173
vehicle_local_position_censored,1,745684,745684
estimator_local_position_censored,1,745528,745528
dance_step_position,6,721833,49555
landing_gear,890,717669,799
actuator_servos,12,696889,37841
czi_parachute_status,4,691016,178713
sticks,14,673250,18628
debug_vect,12,659949,35361
power_monitor,13,652648,51685
estimator_ev_pos_bias,42,651372,9841
rover_motor_status,9,647560,54228
sensor_gnss_relative,45,627060,12268
sensor_gps_heading,19,622268,22064
vehicle_visual_odometry_raw,1,598809,598809
SL_CustomPX4uORB,1,587141,587141
pid_values,1,557372,557372
tr_pitot_r,3,551547,206114
magnetometer_noise,2,536335,268167
optical_flow,25,527459,6842
dance_telemetry,5,507318,120041
czi_pulling_detect,10,503213,50897
failsafe_action_status,1,496930,496930
rtl_flight_time,72,476075,4365
vision_status,13,473715,30821
gimbal_device_attitude_status,9,459297,23371
led_control,15,450947,2857
rl_tools_policy_status,2,440878,220439
airspeed_validated,19,429378,10622
collision_prevention_status,7,424920,58010
carrierboard_status,15,424417,26055
tfs20l_distance,1,413027,413027
esc_peng_pai,6,410917,33922
dronecan_node_status,48,405766,5134
node,11,400666,24258
camera_trigger,43,395769,1314
actuator_controls_2,18,390771,17235
a_euler,2,389818,194909
test_slopeland,1,388179,388179
czi_sub_alarm_status,14,375217,21435
device_information,7,365619,51658
esc_report_lite,5,363854,51243
rl_tools_multiplexer_status,2,363469,181734
sunhawk_s760_status,2,362262,181131
sensor_correction,19,360577,16010
sensor_preflight_mag,257,357601,837
czi_pmbus_data,10,340694,38240
ladrc_status_ratez,2,338741,169370
estimator_aid_src_gnss_yaw,18,335032,14743
ladrc_status_ratey,2,333246,166623
ladrc_status_ratex,2,329423,164711
tf10_temperature,5,323191,48195
rl_tools_command,2,296139,148069
estimator_ev_yaw_debug,2,295215,147607
multirotor_motor_limits,123,291130,1499
system_power_elc1060,1,287438,287438
distance_sensor_mode_change_request,356,270800,758
seaflip,11,267439,11694
poongsan_trigger,2,263413,131706
vehicle_global_velocity_setpoint,4,259188,61050
costom_failsafe_e8,1,254136,254136
estimator_wind,11,251353,12446
tethered_mode,12,249672,17304
sensor_gps_offset,18,245856,9241
abnormal_return,12,244844,17704
estimator_aid_src_gnss_pos_secondary,1,236895,236895
camera_storage_information,16,229726,13136
tmf_servo,3,228937,77214
landing_target_pose,11,226085,15089
mavlink_log,6,222411,39637
uav_to_seeker_data,1,210936,210936
estimator_ev_yaw_bias,5,210740,38173
multi_power_monitor,2,207264,103632
gimbal_controls,14,202447,10661
dyt_guidance_status,3,200707,66308
terrain_following_status,1,197545,197545
follow_target_estimator,8,195251,12370
demo_imu,1,194093,194093
log_message,4,188755,46652
pps_generator_status,14,179663,6208
gob_slopeland,1,178594,178594
osd_frame,1,173451,173451
sequential_desaturation,2,168603,84301
actuator_controls_1,4,166926,39659
pwm_input,5,166424,1277
eso_state,1,163861,163861
estimator_aid_src_gnss_hgt_secondary,1,159498,159498
rpm,6,158763,2471
speed_supervisor_status,1,154712,154712
skparam,1,152689,152689
log_message_incoming,4,152191,37903
img_target_detection,2,151149,75574
czi_sub_peripheral_status,2,150999,75499
adc_aux_report,1,149942,149942
gnss_fix_type_change,10,145692,14380
define_log_control_output,1,137229,137229
vehicle_vision_correction,1,136446,136446
assisted_takeoff_status,1,135124,135124
payload_report,1,133555,133555
tr_pos,2,131678,65839
se3_uad_prev,3,130551,46548
onboard_computer_status,4,126426,30825
zhy_flight_statistics,21,125285,3851
debug_rio_vio,1,124898,124898
vehicle_preflight_check,12,124453,10076
vehicle_visual_odometry_aligned,1,122048,122048
gimbal_manager_set_attitude,15,120041,5183
actuator_outputs_rfly,7,119389,18571
mavlink_tunnel,1,118083,118083
test_motor,63,113526,1802
czi_major_peripheral_status,13,112991,7214
tune_control,18,109094,2082
tracking_info,2,104955,52477
fault_handler,12,104614,5388
vehicle_offboard_setpoints,5,103441,26673
vehicle_thrust_acc_setpoint,3,101507,40072
manual_control_input,2,99973,49986
msg_euler,2,98766,49383
seeker_info,1,98668,98668
sensors_health_status,1,98440,98440
alert,5,97475,13607
rtcm_log,5,95724,22040
nov_bl,1,93902,93902
sees_manual_control_data,2,89538,44769
gimbal_status,2,88418,44209
adc_report,2,86231,43115
tr_tilt,2,84008,42004
sensor_humidity,8,82138,9189
efy_battery_status,2,80536,40268
vehicle_fault_code,13,80137,5397
take_yaw_hopping,2,79854,39927
vehicle_trajectory_waypoint_desired,3,79505,26140
czi_diff_baro,4,78912,19686
mission,61,78833,1288
mount_orientation,3,77084,16408
debug_position,1,76480,76480
hc_nav_state,1,76414,76414
landing_position_detection,2,74550,37275
parachute,10,73648,7386
dyt_target,3,71794,23296
camera_tracking_image_status,2,71749,35874
flight_mode_manager,2,69718,34859
payload_deliverer_status,3,68929,14616
force_torque_command,3,68528,23013
zeus_esc_status,2,68237,34118
gnss_receiver_ubx_nav_pl,1,67159,67159
vehicle_visual_velocity,1,66678,66678
auto_takeoff,11,65725,4169
auto_calibrate_mag,11,63939,4051
vehicle_odometry_posvel,1,62601,62601
pump_status,1,61873,61873
virtual_bat_status,1,61247,61247
actuator_virtual,1,61053,61053
mmc_mount_state,10,60462,4964
gripper,69,58141,777
estimator_aid_src_terrain_range_finder,1,57261,57261
led_brightness,7,57250,7654
battery_uavcan,4,57003,10189
wind_estimator,11,55888,3387
airport_fault_code,10,53810,4332
payload_deliverer_control,3,52425,10726
vehicle_local_position_ladrc,1,52274,52274
mmc_gnss,1,52049,52049
agro_tank_status,1,50530,50530
rfly_ctrl,1,50189,50189
sensor_gps_censored,1,49589,49589
vehicle_laser_correction,1,47958,47958
attention,5,47265,7152
mmc_obstacle,1,46584,46584
czi_parachute_mavlink_status,4,46160,11634
pos_helper,1,44781,44781
fcc_status,1,43057,43057
ekf_gps_position,2,42483,21241
hc_nav_status,1,42345,42345
follow_target,10,42037,3309
geofence_result,5,41902,9580
waypoint_debug,5,41777,5791
horizontal_thrust_limit,2,41741,20870
baro_bias_estimate,1,39777,39777
irlock_report,9,39144,4435
czi_debug,1,38802,38802
osd_obstacle,1,38594,38594
position_controller_status,9,37654,4366
mag_worker_data,3,37440,14151
precision_landing_status,11,37190,3367
differential_pressure,9,37095,3794
publish_tunnel,1,36596,36596
sbus_parse_lost,4,35554,7979
debug_uwb,1,35144,35144
czi_utc,10,34384,3373
multicopter_position_control_status,1,34095,34095
pps_capture,9,33773,1110
vehicle_trajectory_waypoint,1,32997,32997
tmf_drop_cmd,3,31842,11013
my_task,3,31552,9481
vehicle_fault_status,4,29897,6773
gimbal_attitude,1,29619,29619
landing_target_innovations,1,29281,29281
aerocar_debug,4,27952,6993
sensor_accel_status,2,26238,13119
frame_cam_angle,1,25646,25646
voa_spraying,2,25595,12797
battery_control,8,25195,3153
fiducial_marker_pos_report,1,24289,24289
rtl_flight_status,5,23862,5840
follower_info,1,23771,23771
versionctl,5,22552,3386
mmc_oa_state,1,22111,22111
weight,1,21408,21408
gd_led_rep_68,1,21138,21138
at_ddff_status,1,20562,20562
link_info,1,20300,20300
sunhawk_s100_status,1,19360,19360
gnss_receiver_ubx_mon_comms,1,19057,19057
czi_rtcm_record,3,18894,6492
sinemotion_esc_pwm2,12,18879,1538
sensor_gyro_status,2,18831,9415
zhy_rtcm_validated,5,18016,3545
hc_nav_innovations,1,17802,17802
goto_setpoint,4,17509,4507
trajectory_setpointyxf,1,17435,17435
vehicle_torque_setpoint_rfly,1,17358,17358
gnss_attitude,1,16804,16804
gimbal_attitude_setpoint,1,16712,16712
gd_led_rep_67,1,16194,16194
actuator_controls_rfly,1,16176,16176
primary_fusion_status,4,16130,3740
motors_identification,11,16043,1457
gd_led_rep_65,1,15999,15999
gd_led_rep_66,1,15825,15825
dronus_nest_state,3,14732,3496
cellular_status,3,13369,2646
actuator_test,4,12949,1689
task_stack_info,1,12849,12849
landing_target_vision_setpoint,1,12649,12649
gnss_receiver_ubx_mon_sys,1,12643,12643
ping,3,12351,2216
mc_atti_ctrl_debug,1,12242,12242
sinemotion_esc_pwm,12,12213,996
tsync_status,2,12130,6065
motors_feature,11,11680,1055
flight_task_status,1,11582,11582
follow_target_status,1,11569,11569
debug_value,10,11270,1120
mmc_gnss_state,1,10988,10988
rst_waypoint_map,1,10948,10948
health_report,4,10921,2717
tethered_helper,1,10826,10826
peripherals_report,1,10808,10808
position_setpoint,2,10638,5319
landing_target_vision_pose,1,9863,9863
sinemotion_esc_mech_angle,12,9732,795
motor_maintenance_detection,5,9498,1867
vision_target,1,9396,9396
airspeed_wind,2,9329,4664
gimbal_control_data,1,9312,9312
adc_data,1,8965,8965
vehicle_thrust_setpoint_rfly,1,8939,8939
estimator_aid_src_airspeed,1,8870,8870
obstacle_avoidancestate,1,8372,8372
detect_and_avoid_most_urgent,4,7696,1924
gnss_receiver_ubx_mon_rf,1,7399,7399
gnss_receiver_ubx_rxm_cor,1,7385,7385
comm_link_device_status,1,7215,7215
mmc_int_bat,1,6053,6053
gnss_receiver_ubx_rxm_spartn,1,5695,5695
actuator_armed_rfly,2,5480,2740
upgrade_tag,7,5439,777
dance_command,5,5250,1050
ambush_state,1,5243,5243
gimbal_v1_command,1,5118,5118
czi_visual_status,4,5095,1277
autotracking,4,5092,1289
estimator_aid_src_sideslip,1,4875,4875
vehicle_roi,2,4816,2408
evo_health_checks,4,4417,1093
vehicle_command_payload,1,4357,4357
vehicle_command_payload_out,1,4357,4357
camera_feedback,1,4226,4226
gnss_receiver_ubx_mga_ack,1,3135,3135
zhy_precland_status,3,2954,908
rst_takeoff_supervise,1,2556,2556
estimator_gnss_hgt_secondary_bias,1,2494,2494
rpm_sensor,1,2404,2404
rst_insert_global_syn_task_debug,1,2211,2211
rst_waypoint_ctrl_status,1,2003,2003
czi_esp_device_version,1,1489,1489
radio_time_of_flight,1,1481,1481
led_ctrl_puba,1,1132,1132
brinc_safe_cancel,1,803,803
