log_id,status,ver_sw,band,elapsed_s,parquet_bytes,ulg_bytes
e091c3d4-8b54-4223-be42-353e46a40ec7,filtered_nav_state_forbidden,17891392.0,v1.16+,5.9,,
c9e42bc0-61bf-4ef6-9da7-9143ff093d8b,filtered_nav_state_forbidden,17694975.0,v1.14-1.15,6.3,,
2218b587-9558-4547-b623-6f88e3a7566c,gate_rate_ratios,17694975.0,v1.14-1.15,10.3,,
82465974-8ee9-47b6-a9a9-2f6cb1c2b2fc,gate_rate_ratios,17761280.0,v1.14-1.15,11.5,,
e3d23196-2cbb-42ac-a033-cce2130d1286,filtered_nav_state_forbidden,,,5.7,,
5b4252ea-194e-4dce-8802-ad2fb71cf6dd,filtered_nav_state_forbidden,17564416.0,v1.12-1.13,5.8,,
c5961fba-e77d-4352-af1d-e4d3028dc8c6,gate_airborne,17761023.0,v1.14-1.15,2.6,,
6a498dd3-6297-4dcd-9a17-1ca00690e31b,kept,17826240.0,v1.16+,2.0,2452062.0,3241875.0
e718b81a-90e0-49da-81d1-c92b0e9310b8,kept,17760511.0,v1.14-1.15,4.3,3150261.0,4212522.0
bd68396f-bf5f-4481-bab2-f867dafb0be0,kept,17569535.0,v1.12-1.13,3.4,7508642.0,11824315.0
3f0da3fe-53f7-4589-bafa-5b9a2e8d53c6,filtered_nav_state_forbidden,17564671.0,v1.12-1.13,2.4,,
fc666573-01b6-47e0-a8ff-376796d01863,kept,17629952.0,v1.12-1.13,6.7,12209999.0,19838396.0
5f5adf47-ef28-4e0f-af3a-1fb5e72681a7,kept,17826047.0,v1.16+,4.8,5174666.0,7200534.0
c5baeece-2284-4261-9b0a-fc08e4dd11ab,filtered_filter_fault_flags,17760256.0,v1.14-1.15,9.9,,
d627a730-3dcc-4d51-bcb2-8789a51dd9d4,filtered_failsafe_true,17695488.0,v1.14-1.15,2.0,,
5a9c4e92-6bf7-4c92-9104-6700eeb8c6a6,filtered_filter_fault_flags,17629184.0,v1.12-1.13,0.9,,
ac521a09-19fa-4512-a50f-59626137a4f9,kept,17170944.0,v1.12-1.13,3.1,3719589.0,4848010.0
b632e474-7211-4176-a21d-4737ea24b7df,filtered_failsafe_true,17760512.0,v1.14-1.15,1.7,,
524be06c-814b-434b-9244-75f7f1dc164b,filtered_filter_fault_flags,17695743.0,v1.14-1.15,1.9,,
93988238-f52e-4a32-9efd-e55f9fd0b38a,filtered_never_landed,17760512.0,v1.14-1.15,1.6,,
475288f9-e44a-444a-88b5-b1db2820a824,filtered_never_landed,17826303.0,v1.16+,20.1,,
b1adc823-eedd-4ba8-b909-86d3116fab00,filtered_nav_state_forbidden,17761535.0,v1.14-1.15,3.5,,
00c62ca4-fca8-4b32-af1f-a4b25ef2ff43,kept,17629248.0,v1.12-1.13,3.8,4536664.0,6733997.0
2030ea73-611a-4a32-b627-fa985ef2a9b3,gate_dropout,17825984.0,v1.16+,4.7,,
d712bd44-5a06-4bdd-b8b4-fad6a34d81b9,filtered_never_landed,17761535.0,v1.14-1.15,4.9,,
a1c4662d-484c-468e-a9ea-07242aa52318,kept,255.0,,7.0,11303202.0,17006503.0
4dba48a2-56ee-44fe-b3ac-e895b6a999e3,filtered_failsafe_true,17694720.0,v1.14-1.15,3.4,,
b6117e00-6cd7-4213-9410-54cee90ed329,filtered_nav_state_forbidden,17694720.0,v1.14-1.15,2.7,,
131907b3-9482-4621-8e84-fdac124687ad,gate_airborne,17825984.0,v1.16+,19.4,,
8adda642-8b4d-4318-bfdd-bb7d7e3ac9f2,kept,17826047.0,v1.16+,7.9,12828210.0,19446164.0
390a4a92-452f-41d7-84f6-e02e91f9dd9e,filtered_failsafe_true,17826303.0,v1.16+,6.9,,
e0fc5579-2fab-40ac-bae2-f84e6b676297,filtered_nav_state_forbidden,33556991.0,,4.4,,
43e5ad0e-552b-4b64-867a-a8545539e30e,kept,17694720.0,v1.14-1.15,4.3,3187689.0,11698087.0
ade37612-4366-4552-9560-51dc47fbef89,kept,17826048.0,v1.16+,7.3,9445678.0,18376417.0
2aa1af28-488e-46b4-ba04-1045779288a4,filtered_failsafe_true,17826303.0,v1.16+,7.5,,
f131a596-80fd-48ca-a87d-3e8d7201ea91,filtered_nav_state_forbidden,17825984.0,v1.16+,6.8,,
d7da198a-0c90-4b22-8e27-3cee55601be8,gate_no_ratios_topic,17302015.0,v1.12-1.13,2.2,,
0968cb79-dd8c-402a-876f-93de8f667356,filtered_failsafe_true,17826303.0,v1.16+,3.9,,
b3710a6e-3960-452b-b995-6ec7dccf8ca1,kept,17761280.0,v1.14-1.15,3.9,8762572.0,14624501.0
1bcaf01d-5c4d-4b6e-b37c-e9b5761a8a48,kept,17826303.0,v1.16+,12.9,24226015.0,42027692.0
bbfd106c-bc32-40bd-a25d-919e05e566ae,filtered_failsafe_true,17826047.0,v1.16+,2.6,,
f50e09bb-3aa1-4e1a-9744-4993fb9e4b87,filtered_failsafe_true,17761535.0,v1.14-1.15,9.3,,
5500b245-5553-45c4-9168-704907b85a7f,kept,17695488.0,v1.14-1.15,5.2,4215032.0,8055377.0
cfdb8e16-b391-4929-84b5-bdd0ea7c664e,kept,17695999.0,v1.14-1.15,8.4,12488693.0,20051746.0
32c6ad2d-bede-4467-bc1d-9708abaf6c66,gate_airborne,17695488.0,v1.14-1.15,1.5,,
57085d62-5bb1-4a69-b8d3-d6b8ebbcb1c1,kept,17694720.0,v1.14-1.15,1.5,1737199.0,2434224.0
c4330aed-f6ad-40b3-afbf-bddb97a51441,kept,17761535.0,v1.14-1.15,23.8,46101821.0,84912081.0
b16da94a-4732-4ede-857e-55bdc2c2c263,kept,17825792.0,v1.16+,6.2,12350144.0,20103406.0
23dd8469-e9ef-436b-8968-916c2c93af6c,filtered_failsafe_true,17760256.0,v1.14-1.15,1.1,,
f263d57b-2db6-4d21-935d-001138276c92,filtered_land_det_missing,17694720.0,v1.14-1.15,13.0,,
57f40be5-4750-4b17-b9a4-25698cee1486,kept,17826047.0,v1.16+,5.2,2823422.0,4720612.0
1901fb19-29c8-425c-aa35-d1d530910bec,kept,17760256.0,v1.14-1.15,13.6,17874027.0,29070625.0
37e57fbc-a012-4fe8-b4db-399aedf17ad3,filtered_failsafe_true,17695743.0,v1.14-1.15,1.1,,
992c97e4-fe81-44d7-95c1-da58f3746742,kept,17630207.0,v1.12-1.13,2.0,1911983.0,2861365.0
86bcadd7-2ae0-42b8-8741-e8ed4fe8a4f7,gate_dropout,17629439.0,v1.12-1.13,1.2,,
7ef041cc-205b-4e0c-8240-af546089bc08,kept,17826047.0,v1.16+,2.9,3350367.0,4530238.0
330b693d-572f-4f6a-9b95-5ef8e70e5842,filtered_filter_fault_flags,17826303.0,v1.16+,5.4,,
0c51fdba-497e-4859-825d-6dacbb7285d6,kept,17629952.0,v1.12-1.13,5.8,5979323.0,9252244.0
52185f56-2099-4281-95a0-d11b4cde7f40,kept,17694720.0,v1.14-1.15,4.0,3930350.0,14011713.0
3908856f-e963-44f2-95a8-5c158a2f3629,kept,17629951.0,v1.12-1.13,3.8,8249333.0,12386279.0
b703a67b-5fa0-4a84-9a65-05e9a54c2ad6,filtered_failsafe_true,17891392.0,v1.16+,5.2,,
632e04cf-cf00-45c7-8336-e5247c681406,kept,17760384.0,v1.14-1.15,1.9,3312836.0,4587505.0
c4283f4f-0400-434f-b4a4-6958bf3b47f0,filtered_failsafe_true,17695743.0,v1.14-1.15,1.6,,
03a27181-1417-4607-9951-6b1b958aa1bf,filtered_failsafe_true,17629695.0,v1.12-1.13,7.0,,
b4935741-1eba-4af8-abc9-afe91b7b58f0,kept,17760768.0,v1.14-1.15,17.3,26647395.0,44065557.0
d2475c2d-87ac-41d7-9cb0-5dba334fcd75,gate_no_ratios_topic,17694720.0,v1.14-1.15,2.1,,
4f4da093-ed46-41b4-9557-9e10c7b8a5be,gate_airborne,17564416.0,v1.12-1.13,33.5,,
4d75538e-57a0-421d-b23e-1bb76cabb827,filtered_filter_fault_flags,17761280.0,v1.14-1.15,45.3,,
d3f88431-f7a6-4890-9da1-61120f63dbf4,filtered_nav_state_forbidden,17760320.0,v1.14-1.15,5.1,,
fcee32fd-7dba-4809-aac7-83b504840260,kept,65792.0,,4.9,4720508.0,7024899.0
ff04ba98-3c8a-45df-b6b0-dee3a2937b3c,gate_rate_position,17694720.0,v1.14-1.15,10.0,,
c1cbb887-457b-471d-818a-2c5769641247,kept,17761280.0,v1.14-1.15,7.8,12069449.0,21354989.0
49c681b4-d90e-4d98-af1a-53409852389a,gate_airborne,17760256.0,v1.14-1.15,3.1,,
8cccc2dd-15aa-4cbc-923f-f6a620c484b0,kept,17761535.0,v1.14-1.15,7.0,15904909.0,27548975.0
b47f0423-a3d9-49ba-b7c3-f0a5981a1433,filtered_failsafe_true,17761023.0,v1.14-1.15,7.7,,
d527506b-f28f-4daa-a646-7aced2eb1fc1,filtered_never_landed,17760256.0,v1.14-1.15,1.3,,
6596c511-2610-45a2-ab6a-2e2fc8bd56a3,filtered_failsafe_true,17825984.0,v1.16+,0.8,,
5711b5b3-d19a-49ef-899a-ecc16ebac924,kept,17760384.0,v1.14-1.15,6.9,9690801.0,13954328.0
abd96704-ec8c-4ac1-8644-b161372bda4a,filtered_nav_state_forbidden,17630207.0,v1.12-1.13,1.5,,
bbe07dc2-b703-4cb3-8016-d05d6ca7e2ac,filtered_filter_fault_flags,17695488.0,v1.14-1.15,2.3,,
25fefbe0-88d4-4e1c-ab4b-11be5cbeaa58,filtered_nav_state_forbidden,17761023.0,v1.14-1.15,3.5,,
76196c77-937c-48fa-984e-6a33f706ae29,filtered_never_landed,17761280.0,v1.14-1.15,9.5,,
e96a3872-7d8d-4ea5-a4cd-d762adf8387b,filtered_failsafe_true,17760768.0,v1.14-1.15,6.7,,
2cb6a47b-f269-43d8-8dd8-9d41e9545a27,filtered_filter_fault_flags,17760512.0,v1.14-1.15,1.0,,
836d5529-ed21-422a-b917-eb3d7e748458,kept,17825984.0,v1.16+,7.5,9097955.0,15181657.0
915a3eec-4064-4b66-abe7-fc5b2cb9b841,filtered_filter_fault_flags,17695744.0,v1.14-1.15,6.2,,
8d31fda4-9cbe-47da-ae06-ed28c3b102af,filtered_nav_state_forbidden,17891392.0,v1.16+,12.0,,
3ef8c50f-8bad-4ff0-b8bc-aa3413a646e6,gate_dropout,17635328.0,v1.12-1.13,8.3,,
88b3d5d1-4b2a-444d-a796-8439bc7400cb,filtered_nav_state_forbidden,17761280.0,v1.14-1.15,9.0,,
8685a93b-11ad-490c-85d8-dd02d9801ccc,filtered_filter_fault_flags,17629695.0,v1.12-1.13,2.0,,
6dfcb0cc-a83c-4c71-852a-3e5985b4ca1b,filtered_nav_state_forbidden,17761280.0,v1.14-1.15,6.5,,
7149e482-77dd-46fd-b3a2-683fc76cda65,filtered_failsafe_true,17761023.0,v1.14-1.15,9.1,,
9a610002-5cc2-4cb7-8acb-42de55a1e27f,gate_dropout,17956992.0,v1.16+,1.6,,
9cffc536-d991-4736-afcd-83a7aff18e85,kept,17760511.0,v1.14-1.15,8.3,10789026.0,20491864.0
c9d3c512-40f5-444c-bc64-86a96c06e7fa,kept,17694975.0,v1.14-1.15,1.7,2164999.0,2736808.0
365a68c6-a5cc-4753-9494-f7391633e0d6,kept,17694720.0,v1.14-1.15,8.6,4879506.0,21911074.0
2ab7dbd5-e0a6-4a22-a82e-081509dc228a,gate_airborne,17564416.0,v1.12-1.13,1.7,,
44d27924-2169-4506-a348-fc7d505820cf,kept,17695232.0,v1.14-1.15,1.6,2725543.0,4241535.0
4f9be217-62b1-4698-becd-c8f297ae50c7,filtered_filter_fault_flags,20054016.0,v1.16+,1.1,,
81dfe518-5f94-4c99-9b6b-b734aa2d1353,kept,17761535.0,v1.14-1.15,2.9,4622525.0,6721150.0
52837f0b-8eb9-4d9a-857b-fbc4594ed4db,kept,17826047.0,v1.16+,4.4,7074089.0,11410095.0
5f5de2ed-d93d-49c4-b083-c69520981c92,kept,17761535.0,v1.14-1.15,1.2,1630168.0,2338954.0
f02ee2e9-8e9f-4e76-8cfa-e8e7a49a23e0,gate_airborne,17694975.0,v1.14-1.15,3.0,,
582a5712-473a-44c3-85a2-a59ee847e837,filtered_never_landed,17826047.0,v1.16+,6.7,,
a1aedbb9-960a-405d-bca1-232d3a88fc82,filtered_failsafe_true,17761023.0,v1.14-1.15,17.7,,
3a295f85-c3e4-4484-ae6a-598fbce4934f,kept,17694720.0,v1.14-1.15,9.4,6100866.0,9679219.0
9b0f0047-cffc-40f5-83a8-d75fa4db73e6,kept,17761023.0,v1.14-1.15,6.7,3449263.0,5085130.0
43891048-d4e4-4da7-8e17-000111e006dd,kept,17826240.0,v1.16+,5.6,6689460.0,9649506.0
612c6ca1-0d55-4862-a949-453da084f441,filtered_failsafe_true,17761023.0,v1.14-1.15,8.6,,
eb9720c1-6404-4d40-a3bd-49d21ce75924,gate_airborne,17761280.0,v1.14-1.15,23.6,,
7c0acfc8-f2a9-4c7c-9f7f-a9adf35621ed,kept,17761280.0,v1.14-1.15,2.2,1935199.0,2859919.0
cf998417-7e93-4121-9369-e1fc118d851b,kept,17760384.0,v1.14-1.15,2.4,2013581.0,2674383.0
06accae8-1079-4ac1-9e28-ff5b36822197,kept,17826304.0,v1.16+,11.0,10915053.0,22003438.0
893f3dbd-a2e6-437f-981a-b85edf068b3c,filtered_nav_state_forbidden,17629951.0,v1.12-1.13,9.6,,
0686d48e-3b6c-441c-a07a-5806f822e1c4,kept,17760511.0,v1.14-1.15,4.2,2666341.0,3681140.0
a25088c8-9539-41c9-94b4-8e4cb34b38f3,kept,17760768.0,v1.14-1.15,4.3,5929606.0,9917399.0
c632faad-10e1-451f-92f4-afa0b5e10bcb,kept,17891583.0,v1.16+,4.4,4226155.0,5986573.0
7a4b9d5f-e3cb-4a7c-8ac7-f16b12cb20f7,kept,17761280.0,v1.14-1.15,2.3,3749382.0,5458473.0
1b225bad-8638-4752-96e6-1896dbc769f1,filtered_nav_state_forbidden,17760384.0,v1.14-1.15,3.8,,
b1be6d44-5665-4114-84ba-57041ac4a471,kept,17826240.0,v1.16+,6.3,9179925.0,19927290.0
7c5f076d-7b5c-4849-9342-b0cc9d8d9241,gate_airborne,16777728.0,v1.12-1.13,9.2,,
6702f038-5668-4825-8b66-82562e5e1b89,kept,17891392.0,v1.16+,6.4,5583287.0,8646209.0
0bf4a09f-169f-4b71-90e6-23cb11a7d4aa,kept,17826559.0,v1.16+,8.3,10027837.0,17697097.0
14ec1bb9-8495-44d2-ad90-d701c1660e26,filtered_failsafe_true,17694976.0,v1.14-1.15,2.0,,
5c1a399e-63e3-464f-9b93-1627a98e1aba,kept,17629951.0,v1.12-1.13,1.7,1625415.0,2298251.0
02e0b652-93c8-4b1f-a2b0-66cb451d56b0,gate_airborne,17694720.0,v1.14-1.15,2.4,,
48abe32b-82f0-47ec-8717-64a81cf4f6ef,filtered_failsafe_true,17629952.0,v1.12-1.13,3.6,,
e0f99341-a2e1-42bb-a2a2-2f21a2727dcc,kept,17891392.0,v1.16+,1.5,2213830.0,2772296.0
0bba0f63-5f36-44ed-9b9a-f470ffec3da8,kept,17826047.0,v1.16+,5.2,4912294.0,7737744.0
a423a96f-fff6-42fe-aeb2-4632ca51216f,kept,17826559.0,v1.16+,11.7,8061475.0,21457962.0
1934f866-1ea6-444f-aeb9-ba108ed08884,kept,17695488.0,v1.14-1.15,1.4,1831398.0,2555565.0
58d1c18b-5ef4-40a8-b361-f754b78653c7,kept,17761280.0,v1.14-1.15,13.0,35133389.0,56273745.0
29f72a26-97f6-4468-872e-1713ea7042e4,kept,17695743.0,v1.14-1.15,5.1,8132486.0,12958182.0
6972740d-d416-41a6-af66-5af894bb567d,kept,16778496.0,v1.12-1.13,16.4,10865575.0,20511225.0
39e88626-c909-4712-a2aa-2efa760a741c,kept,17629951.0,v1.12-1.13,14.8,8897767.0,17164388.0
9027407b-0bab-45d3-bd21-ea1a3f528b1d,gate_airborne,17630207.0,v1.12-1.13,15.5,,
691e8e49-dda2-426f-a8a4-dfb58395d34f,kept,17629952.0,v1.12-1.13,47.9,94101491.0,201428523.0
de723e04-54f2-4207-b1eb-55b35b0eea84,kept,17761535.0,v1.14-1.15,3.5,3059070.0,4374470.0
4eb4a215-daed-48c8-851a-1ca1fca60d25,kept,17695999.0,v1.14-1.15,7.3,11438201.0,18650028.0
0a25087b-1319-4865-9099-95d4be0d36a5,kept,17694720.0,v1.14-1.15,5.0,4220480.0,15917815.0
85abd0a6-6d84-4670-8695-f0f52c501dd7,gate_dropout,17695488.0,v1.14-1.15,3.1,,
be7ccdaf-6b8a-482a-bcde-7937b59c8193,filtered_failsafe_true,17694975.0,v1.14-1.15,1.7,,
ae65a220-a8ac-49fb-9b26-5d69b58d52f5,kept,17760384.0,v1.14-1.15,6.4,7095792.0,10824310.0
34c25e2e-781d-4824-9f8e-e732d9c3b4cd,gate_dropout,17761535.0,v1.14-1.15,21.0,,
674e6723-1c30-48a4-b545-606b78630753,kept,17695743.0,v1.14-1.15,3.3,6455184.0,10964898.0
d598b264-6acb-47e3-b090-c08ac6ab59a4,filtered_failsafe_true,16779520.0,v1.12-1.13,1.3,,
442a6863-db62-4747-ad9c-ee3bee000fce,filtered_never_landed,17825920.0,v1.16+,3.6,,
13400ee6-5911-43cd-b550-a30f9f998fa1,filtered_failsafe_true,17761280.0,v1.14-1.15,2.0,,
e8eb4679-7c28-4a25-8be9-cf73460f4ffd,kept,17629951.0,v1.12-1.13,24.4,50970442.0,98959360.0
3d7a132c-55c8-4e4c-92f5-e27a5559e635,kept,17761535.0,v1.14-1.15,2.4,2133024.0,2907377.0
d89375aa-e505-4684-ae8f-76fd61ea7b43,kept,17694720.0,v1.14-1.15,3.7,10399923.0,16454316.0
e8be4dcb-d5db-406b-a6bb-ad143ee7b3ad,kept,17694720.0,v1.14-1.15,3.5,6169947.0,9877028.0
4952c2a9-d7cb-41d2-bf2a-106a39b8f149,filtered_nav_state_forbidden,17629952.0,v1.12-1.13,1.0,,
e14345ca-9a9b-4b3f-ad85-f419ff23ec67,filtered_nav_state_forbidden,17170432.0,v1.12-1.13,11.1,,
65768165-f895-4998-a19f-50f65ebd5e07,kept,17760384.0,v1.14-1.15,6.3,11357988.0,18197288.0
8e1e9413-3598-44f2-9a85-bf3820f657c1,kept,17825792.0,v1.16+,6.1,10631132.0,16706769.0
7b0660ff-638d-4414-abbf-2a21167e4388,filtered_failsafe_true,17694976.0,v1.14-1.15,11.9,,
98c2f2dc-35c2-4e5b-ac7a-b55b64a3de00,filtered_failsafe_true,17564416.0,v1.12-1.13,1.0,,
5ff585b6-3eec-40d3-b195-5b5015346eb6,filtered_failsafe_true,17695743.0,v1.14-1.15,2.0,,
1682f3d9-2904-4d43-90f0-f5b66ab7677f,filtered_failsafe_true,17695743.0,v1.14-1.15,15.2,,
f1043fa9-9759-4132-9eaa-4fda50777458,kept,17498880.0,v1.12-1.13,1.6,3644801.0,5246296.0
f3484bce-fc67-4a51-9d81-13d94bfcf683,kept,17826559.0,v1.16+,17.2,21577155.0,62058245.0
22bba967-71a6-447f-bab9-1c000b6c97bb,filtered_nav_state_forbidden,17564671.0,v1.12-1.13,4.8,,
eb2bf9fd-4d4b-4b35-8656-3b02b05febc4,kept,17630207.0,v1.12-1.13,2.6,4816732.0,7294927.0
9050f3a0-3335-47bb-9799-80f6eaf19e1c,kept,17563776.0,v1.12-1.13,7.8,11475347.0,18691098.0
b68b830b-af29-4d92-a005-fe2683b025b8,filtered_failsafe_true,17694720.0,v1.14-1.15,9.0,,
95583161-e4f9-4a7c-9e2c-15ba50b173d8,filtered_nav_state_forbidden,17825856.0,v1.16+,22.3,,
23e13b20-5621-498c-99e1-b4c69bfc6caf,kept,17694720.0,v1.14-1.15,44.3,81274106.0,244443094.0
efa7ed19-2b19-42eb-84c1-f63d013d0e29,filtered_filter_fault_flags,17761024.0,v1.14-1.15,2.8,,
00915b26-b57e-4f0a-a65a-074c31f3121d,kept,17761280.0,v1.14-1.15,17.1,28892626.0,58110029.0
99daf25a-d63f-49da-ad08-d7e6de752cab,kept,17761280.0,v1.14-1.15,12.5,14310452.0,24471319.0
e8e20f52-3770-4e85-87eb-1d56b928bb9c,filtered_never_landed,17761280.0,v1.14-1.15,11.5,,
fd2afa6f-2dca-4d8e-9890-dba902fa812e,filtered_failsafe_true,17039488.0,v1.12-1.13,26.8,,
b300d17e-b011-490d-8c94-e6a1d8f9acba,kept,17760768.0,v1.14-1.15,5.3,3632276.0,4962992.0
f86df75d-262a-4f11-963b-5cc29e2e7ceb,filtered_failsafe_true,17761280.0,v1.14-1.15,25.2,,
2d7b2cb0-16ab-4c4e-a99d-dc46e6cece7e,filtered_failsafe_true,17825792.0,v1.16+,17.9,,
541edb9c-3ccf-427b-b7d0-11cf7a9c5e19,filtered_nav_state_forbidden,84017407.0,,4.0,,
92bd2655-47c8-4497-b584-cea6d28dec99,filtered_never_landed,17629952.0,v1.12-1.13,2.2,,
0f3cc6a4-a21d-4b54-b898-6fb38067b4ed,kept,17695743.0,v1.14-1.15,3.7,3438537.0,5046646.0
801a22a5-9b6e-4e38-8e10-1085bc5aa0d8,kept,17695744.0,v1.14-1.15,19.0,21872697.0,64046735.0
78f0e012-cf90-4d5f-b198-0345e752fc5c,filtered_failsafe_true,17760256.0,v1.14-1.15,8.1,,
22d8a897-77f9-4149-8d3c-9e685d17a25c,filtered_filter_fault_flags,17761280.0,v1.14-1.15,8.8,,
d29b2bd7-62f7-4483-9991-12e57f46dc09,kept,17498880.0,v1.12-1.13,1.8,4580457.0,6786457.0
f20080c9-5ed4-44e5-856e-f57e9d04e82f,filtered_failsafe_true,0.0,,10.5,,
d1d55f6c-c54b-4bb5-b484-9e3b6b535bc8,kept,17761535.0,v1.14-1.15,1.9,2017435.0,3075649.0
a25a8e45-3c7e-4739-af1e-6635fd55fa82,kept,17761535.0,v1.14-1.15,2.1,3819567.0,5153623.0
1e3f26cf-6347-4b91-ab77-d9efdb6edb34,gate_dropout,17826047.0,v1.16+,3.3,,
a0d132c4-8bd1-4b7c-b998-07ab8ae76b53,filtered_failsafe_true,17695488.0,v1.14-1.15,18.7,,
7fcab436-aa65-45e2-9a19-97f74810e7df,filtered_nav_state_forbidden,17694720.0,v1.14-1.15,12.9,,
54083f4c-d283-464f-ba5f-d12059037922,kept,17630207.0,v1.12-1.13,5.9,5856975.0,9371260.0
d2111751-7ab6-4421-974b-25910e8a3818,filtered_nav_state_forbidden,17761535.0,v1.14-1.15,1.4,,
87c21caf-748f-4562-8017-630702523481,kept,17826559.0,v1.16+,1.5,2630440.0,3559259.0
35416264-fcec-4b92-969e-7a4f09431c20,filtered_failsafe_true,17891392.0,v1.16+,11.5,,
5761715d-920b-416c-b72f-fbbdfea10cb9,gate_airborne,17760256.0,v1.14-1.15,2.3,,
671ae540-ff2b-49c6-adae-2b9a1dcb4fe6,kept,17499135.0,v1.12-1.13,3.5,3241710.0,4669670.0
73242498-c7d0-4d12-b0ea-9a86c702336c,filtered_nav_state_forbidden,17694720.0,v1.14-1.15,0.9,,
499014d5-34a7-4fb3-8bb0-a9531825dfca,filtered_failsafe_true,17629184.0,v1.12-1.13,1.3,,
6e592e01-8354-4f8d-99fc-d7e593373e8f,filtered_nav_state_forbidden,17695999.0,v1.14-1.15,6.0,,
411118e9-6051-4746-bd2b-3ac449db538d,kept,17826240.0,v1.16+,6.6,10106000.0,16109745.0
30e4e0d4-95c0-4cbc-bc31-8ecc2e23905e,kept,17761280.0,v1.14-1.15,12.2,23538765.0,41235635.0
e3ac5483-fb1f-4a67-b678-00b0b767a4e8,filtered_never_landed,17761024.0,v1.14-1.15,3.1,,
c853f73c-f41a-4cfc-aed1-c0c64083523a,kept,17825984.0,v1.16+,12.0,25473758.0,39516855.0
dd45143b-768d-439f-aceb-4489f88ab3a1,kept,34420480.0,,4.7,11245320.0,17457324.0
3642a91c-ec03-4473-8eb2-40de22f2e346,kept,17761023.0,v1.14-1.15,2.3,3496939.0,4895894.0
97aa5a5f-b7e4-4c7e-bddf-10f96f61ebb7,filtered_filter_fault_flags,17761023.0,v1.14-1.15,6.9,,
dbd0b570-bb7f-4e12-9958-1ef2a63ecc4c,gate_rate_ratios,17761280.0,v1.14-1.15,12.0,,
b9472990-71dc-4b3d-b9b1-8384b835e3ed,kept,17891583.0,v1.16+,2.5,6033158.0,8983553.0
0f37c409-7578-4318-9cca-62f0669a5f34,kept,17695488.0,v1.14-1.15,1.3,2485099.0,3474362.0
ef50cdef-9c51-4b23-b3ae-75eebe0665e9,kept,17695743.0,v1.14-1.15,1.9,4818728.0,7269269.0
ca7e9b97-0641-4ac8-8363-1f2e3d4324fa,kept,17630207.0,v1.12-1.13,3.7,6149773.0,9567344.0
da2ae798-c982-4349-97df-1a19564335fb,kept,17694912.0,v1.14-1.15,2.7,7192792.0,11479275.0
4eb3e24a-3260-40d1-b4e0-2c5860add6a0,filtered_failsafe_true,17761280.0,v1.14-1.15,31.8,,
5070399d-9b82-41fd-b5f7-6f8730fca32b,filtered_nav_state_forbidden,17826047.0,v1.16+,8.9,,
ee4c2906-72f3-4229-bc1e-1c6a8cc34e35,filtered_failsafe_true,17760512.0,v1.14-1.15,11.5,,
a2ff1f93-ff5c-482a-9b07-fc47f94a2276,filtered_filter_fault_flags,17499135.0,v1.12-1.13,3.6,,
a19c8054-0106-4fa9-b66f-9d0e14328a59,filtered_nav_state_forbidden,17629952.0,v1.12-1.13,2.5,,
1ef625c4-1922-485a-a805-c547ff84b1be,gate_airborne,17694975.0,v1.14-1.15,1.0,,
297ba4ac-9ed0-464f-976a-e778c91e4970,kept,17760256.0,v1.14-1.15,29.3,43344862.0,74674654.0
79ca65f4-4edb-4431-a668-f89656f50361,kept,17760384.0,v1.14-1.15,5.7,11270767.0,15930726.0
d5f4127e-4e1d-46c0-8b1d-20f2c8ddb8e2,kept,17695744.0,v1.14-1.15,2.6,2163501.0,4033513.0
3d730f60-7c15-423c-ba1d-86c43fccfd32,gate_airborne,17695488.0,v1.14-1.15,4.2,,
c2909bf0-948b-4559-8d6f-e7510ed368d6,kept,17694975.0,v1.14-1.15,8.9,13232901.0,21138880.0
be6066c6-8623-41f1-9327-2455e322e88f,filtered_land_det_missing,17694975.0,v1.14-1.15,11.2,,
fa339e10-52d3-4eb2-a1dd-f2adf5fb1060,filtered_failsafe_true,17761280.0,v1.14-1.15,20.1,,
1bed1fa1-ec5a-4fc9-bc67-6fd9468cb6c2,kept,17694975.0,v1.14-1.15,6.1,3348162.0,4686374.0
a688b40e-b388-4222-b740-8d9fe3a658d5,kept,17630207.0,v1.12-1.13,10.8,10026372.0,19255427.0
b0603a2f-3faf-4a19-905a-3d4b3dc9aceb,filtered_failsafe_true,17695743.0,v1.14-1.15,19.8,,
9d55b10d-ed7d-4b46-a831-a01c5b43cf13,kept,17695743.0,v1.14-1.15,4.4,3454789.0,4774087.0
4aff54b4-cbd6-418e-b64c-df8e78d22726,kept,17825984.0,v1.16+,6.1,18038484.0,29494427.0
d4029564-ebc5-45e2-a38b-cd96a8ac6324,filtered_filter_fault_flags,17760256.0,v1.14-1.15,7.4,,
19d49381-6c03-4eb4-ba5d-fa976da44da9,filtered_failsafe_true,17694720.0,v1.14-1.15,2.2,,
14d0edfc-ea65-4ec4-956b-059dc2292ee5,kept,17826047.0,v1.16+,3.6,4818685.0,6537800.0
aa62fc5b-ee64-4d84-9d0c-060fb0e96b6a,kept,67441920.0,,5.7,13064473.0,26089489.0
0be60cd5-eecc-4cb2-8d83-b96a5126b2d2,filtered_failsafe_true,17629952.0,v1.12-1.13,0.8,,
feae5c79-0374-42fc-b080-8490366a9554,gate_dropout,17826047.0,v1.16+,5.0,,
5f0fd6c9-0f42-46c3-a758-797af84241db,filtered_failsafe_true,17761023.0,v1.14-1.15,12.4,,
97eea858-6456-41a3-a909-3b6f9311b007,filtered_failsafe_true,17695743.0,v1.14-1.15,1.6,,
3412b0d4-fc66-4bf5-9c80-f4f00020c0af,filtered_failsafe_true,16842880.0,v1.12-1.13,6.7,,
3203a0bf-7b16-4bc2-a528-0976e36cab73,gate_dropout,17498880.0,v1.12-1.13,2.9,,
4a876f11-41ac-4eb2-a850-30489765405a,kept,17629952.0,v1.12-1.13,4.3,10706046.0,17411088.0
52106282-f3e3-45fe-933d-f26ad2e96966,kept,17826047.0,v1.16+,6.3,6355761.0,9843833.0
bd10120f-df85-41a9-8f72-c6ecc014d664,filtered_never_landed,17170944.0,v1.12-1.13,9.9,,
784c7f1f-7f96-4505-9868-b9fa2ab356a6,kept,17761023.0,v1.14-1.15,19.3,27935754.0,44608179.0
c84c3e71-d1bb-4bc2-a42f-831b2d0aab0e,kept,17761280.0,v1.14-1.15,12.5,23695616.0,36362075.0
4cc3ca74-6dac-4abe-8570-9b43c334902e,kept,17761280.0,v1.14-1.15,2.1,2048275.0,2829713.0
181dbd36-dfc7-44d7-9404-1ab70acb991b,gate_no_ratios_topic,17236736.0,v1.12-1.13,2.3,,
ddd4bdd2-bc5f-4b15-accc-b7e012361d95,filtered_failsafe_true,17694720.0,v1.14-1.15,20.7,,
d8045289-e1ed-4432-b8f8-969e1110cf5f,filtered_never_landed,17630207.0,v1.12-1.13,1.9,,
5116fab7-1b65-4eb0-b60d-a5e1b7344644,kept,17825792.0,v1.16+,23.3,23834897.0,39662046.0
3eb85a3d-8151-404f-b19b-295ba6a9333c,kept,17630207.0,v1.12-1.13,1.4,2762554.0,4086191.0
5bde33eb-6e3c-40b4-a8ea-33c5b9a7a64f,filtered_nav_state_forbidden,17760768.0,v1.14-1.15,2.3,,
3f4427ce-0fb5-4b66-b5d1-40be515feca1,kept,17761023.0,v1.14-1.15,9.3,4247528.0,6164705.0
2e8f5e01-4951-416d-8273-d52140d43520,kept,17761535.0,v1.14-1.15,4.0,5368516.0,9076935.0
94945737-1206-4f11-b9da-11b663b84c0e,filtered_failsafe_true,17630207.0,v1.12-1.13,1.7,,
52cabfa8-19d2-416e-81fa-33a7fee7582c,filtered_failsafe_true,17564928.0,v1.12-1.13,23.0,,
90ead551-8c07-417e-86c2-4e60a521c826,kept,17825984.0,v1.16+,5.3,4053543.0,5736549.0
b0b7ddd9-315c-4d87-9195-a4c7644ac311,kept,17629952.0,v1.12-1.13,4.0,3933659.0,6461468.0
2773b3fd-cde9-41fd-8930-e1607880f6ae,filtered_nav_state_forbidden,17760511.0,v1.14-1.15,10.0,,
30b7957b-cce7-45ce-a4c4-983f9f3cee1a,kept,17760256.0,v1.14-1.15,6.0,7339867.0,15557116.0
d0880edd-c3a5-4bd5-a238-22a1be9b04d6,kept,17826047.0,v1.16+,1.9,4154565.0,6547826.0
0d33d5c3-3452-4d2c-8c3e-b82b9c7b3e37,kept,17891583.0,v1.16+,2.6,2901641.0,3464149.0
93ec7abf-1daa-436a-9b2e-163d463b29c1,filtered_failsafe_true,67175680.0,,11.4,,
9464f713-cfa3-479e-a291-e5325851f06c,filtered_failsafe_true,17629952.0,v1.12-1.13,16.2,,
2fbaf87f-d7e5-489c-8c18-489b8dbb5f2f,gate_rate_attitude,17498240.0,v1.12-1.13,0.6,,
fd2997bd-9c23-4dc3-a9b7-f38c82bcb85e,gate_dropout,17629440.0,v1.12-1.13,1.7,,
4e8e5900-fae4-418f-a00e-de64ba37f408,kept,17826240.0,v1.16+,2.5,8019608.0,12694575.0
936b1d98-d04e-4387-af4e-a3df6c7d2618,kept,17760256.0,v1.14-1.15,1.2,2539068.0,3244876.0
e3f528dc-5fde-4fc3-8741-7470c669b4a0,kept,17694975.0,v1.14-1.15,1.1,2321127.0,2959427.0
f47f58cb-e251-4d2f-9f36-8fca14046b26,kept,17629951.0,v1.12-1.13,3.7,5899601.0,11397199.0
92dc5055-774c-404b-91cb-3be70607eef9,kept,17825984.0,v1.16+,9.8,20981635.0,52226759.0
198658d0-0596-4ee0-87d7-1645de082101,filtered_failsafe_true,17630207.0,v1.12-1.13,0.7,,
f0ab6156-91d0-4e8d-bd89-3b72d4483e22,kept,17760256.0,v1.14-1.15,1.3,4155365.0,6339335.0
637ed731-fbb2-49eb-8fd1-c26dcc00dfb5,kept,17695743.0,v1.14-1.15,2.8,5848089.0,11465700.0
962573c1-708d-45e0-8260-7cef97651d71,filtered_failsafe_true,17630207.0,v1.12-1.13,1.6,,
47493db8-c6a8-4d81-9c61-e1a1b82b0791,kept,17760384.0,v1.14-1.15,4.7,23058706.0,36884199.0
2163a0c1-edd6-40e5-9a21-0038c01ea9db,kept,17825984.0,v1.16+,2.7,7988889.0,13043359.0
2ecff224-5d63-4e5f-ba73-67a8d1699473,gate_airborne,17630207.0,v1.12-1.13,0.8,,
fe4baad0-01b1-403a-a3e4-8ecbd79b9dde,filtered_filter_fault_flags,17694912.0,v1.14-1.15,10.1,,
177e30f7-9eaa-4464-ade0-554ae427b13b,filtered_filter_fault_flags,17891583.0,v1.16+,5.7,,
32f047c0-8cee-4842-8b1f-fdeb83ddbd10,filtered_never_landed,17825984.0,v1.16+,1.0,,
21fb2589-fcc1-4082-9f08-071af6af614e,kept,17826240.0,v1.16+,1.2,3029132.0,4396428.0
d8e86258-fa17-45a1-aa0c-7f31b87698c2,kept,17695743.0,v1.14-1.15,1.4,4006130.0,5863902.0
f49150fe-67ac-4b34-8be3-01bc1dec088d,kept,17761535.0,v1.14-1.15,1.1,3171217.0,4101953.0
256081ac-1064-4725-806a-b28079521e72,filtered_nav_state_forbidden,17630207.0,v1.12-1.13,0.7,,
8f6acec6-d26a-45a0-9091-380a02630dd5,filtered_failsafe_true,17694975.0,v1.14-1.15,0.9,,
fbe1b9a8-816a-46bf-b7a7-b1d34ccc2c37,filtered_failsafe_true,17760511.0,v1.14-1.15,0.9,,
9c9d277d-0d83-4434-b9ed-d19568da69b6,kept,17694975.0,v1.14-1.15,2.3,4925061.0,7789799.0
0aae5966-ce55-46eb-b6c0-1a3104085dff,filtered_failsafe_true,17891392.0,v1.16+,4.9,,
52d1efcc-72d2-4064-821d-28f191c782c2,filtered_never_landed,17826240.0,v1.16+,1.3,,
8a54b5fe-5299-4e84-b668-6df1a9a93441,filtered_filter_fault_flags,17695743.0,v1.14-1.15,0.6,,
c14af0dd-0d36-4c01-b70b-c6824521b78a,filtered_filter_fault_flags,17694720.0,v1.14-1.15,0.7,,
4c047ee2-bf19-4ffd-a0e7-e9afa3197353,kept,17826559.0,v1.16+,2.0,4711508.0,7140490.0
7730088b-4d1c-4840-b316-c772ffd6106d,kept,17760511.0,v1.14-1.15,2.2,8047019.0,12969250.0
b8b92248-e0a6-49ae-a2f8-668a9e1c3e18,kept,17565184.0,v1.12-1.13,1.3,3836350.0,6234490.0
39ec278d-1c4a-4d96-80b3-fbae51f9d0b7,kept,17826559.0,v1.16+,1.1,2668245.0,3513540.0
7a9a0787-166e-448c-926d-40d25ee4267f,filtered_failsafe_true,17564416.0,v1.12-1.13,2.6,,
ae36e52c-975d-4e3b-8694-aed25ea15cc5,filtered_failsafe_true,17695488.0,v1.14-1.15,3.3,,
7c866c21-ad5f-45d6-b4a6-78757f1d1f47,filtered_never_landed,17760768.0,v1.14-1.15,2.0,,
88f810b9-e88b-4067-8612-25712f5b20da,gate_dropout,17825984.0,v1.16+,2.6,,
9f6e8db4-57a5-4580-932e-90cdb441246b,filtered_failsafe_true,17564928.0,v1.12-1.13,16.5,,
2a22c74c-f72a-42c6-ac7e-26014bd69c85,kept,17694720.0,v1.14-1.15,8.3,13292791.0,21149033.0
01189d48-7fba-4553-b66a-2b313f8db76d,filtered_failsafe_true,17695488.0,v1.14-1.15,0.8,,
9bab2818-26ce-4d76-a6c5-9d22978de2be,kept,17891583.0,v1.16+,1.2,2289297.0,3232928.0
7c4b490b-06f2-48ee-a1cf-affa27b34999,kept,17826047.0,v1.16+,2.7,10588815.0,16281121.0
9344ca37-4efd-41de-9641-3247b35acc3e,filtered_failsafe_true,17629696.0,v1.12-1.13,0.7,,
d5814583-f008-4b12-a623-6e207404f2f1,kept,17761535.0,v1.14-1.15,1.0,2531717.0,3503353.0
a3b0b114-9d48-4b45-9f90-2b365122188d,filtered_failsafe_true,17825984.0,v1.16+,5.7,,
d7ad38dd-5a4f-4278-be9a-2bc6c45285f1,filtered_nav_state_forbidden,17170944.0,v1.12-1.13,6.5,,
276c4729-a7f9-4705-a8ce-a8b802e877cb,filtered_failsafe_true,17629312.0,v1.12-1.13,1.2,,
3d0c1230-6943-472c-9790-41d9226f50b1,kept,17630207.0,v1.12-1.13,1.2,2005532.0,2947747.0
9b3bf32e-fa5f-4122-8847-b8dc3c4ec2df,kept,17629952.0,v1.12-1.13,1.5,2916800.0,5103571.0
e91b73db-dff7-4cfa-bb4b-8cddee64b696,kept,17826240.0,v1.16+,1.6,4799413.0,7344577.0
13d797f8-b466-4bb2-90da-c09c38c71459,kept,17891583.0,v1.16+,3.3,12341812.0,18975783.0
9708d43f-a681-4b34-ad12-cc8198eda7ca,kept,17826047.0,v1.16+,1.0,2141433.0,3102771.0
c705d831-6a1e-4130-aa2b-2587948b7eec,filtered_failsafe_true,17629951.0,v1.12-1.13,3.6,,
217a8eb7-307c-4b2e-9ee8-cf76abaf5609,filtered_failsafe_true,17761023.0,v1.14-1.15,2.7,,
6f44780f-9569-4c77-aa58-c18fbde7d5ba,filtered_never_landed,17694720.0,v1.14-1.15,0.8,,
5b2f5cac-1ca5-426a-bf65-532574045cc8,filtered_failsafe_true,17629952.0,v1.12-1.13,1.8,,
b4807ba8-21b6-48c2-af46-2b9ce7563c58,filtered_nav_state_forbidden,17826047.0,v1.16+,4.5,,
d91d11b9-d1ae-454b-907b-68024ea7c82d,kept,17694720.0,v1.14-1.15,2.3,3891854.0,5942871.0
b8dff2f3-f047-4f2f-9047-1e364298ed00,filtered_failsafe_true,17695743.0,v1.14-1.15,0.7,,
ef347648-f119-4ec7-a2f4-5862364ef04d,filtered_failsafe_true,17760512.0,v1.14-1.15,0.7,,
b3f08c8f-7042-4464-90e8-dfdc7fbdaac3,gate_airborne,17694720.0,v1.14-1.15,1.8,,
a4d651b4-057c-49e4-a7db-ba153c881034,kept,17761023.0,v1.14-1.15,1.9,3640997.0,5058083.0
8bde3f74-f96b-44ef-8371-f44bb9835683,filtered_nav_state_forbidden,17629951.0,v1.12-1.13,1.0,,
232b0cab-b38d-4bc6-b463-061a91b4d43e,filtered_failsafe_true,18350080.0,v1.16+,0.9,,
4ba0a5b4-83c4-40f7-9daa-3d8c48ea5ce9,filtered_failsafe_true,17760256.0,v1.14-1.15,1.5,,
7706a093-1193-4676-8dfa-1ed4fa28c030,filtered_nav_state_forbidden,17760384.0,v1.14-1.15,3.5,,
0e40552f-30c4-4b3a-84c8-5ae61e7293bb,filtered_failsafe_true,17891392.0,v1.16+,2.8,,
d9355d93-d971-4807-983c-25bd139d9faf,kept,17826047.0,v1.16+,2.2,3982912.0,5924997.0
19dcfb93-c985-4399-9146-ba0e342f2479,filtered_failsafe_true,17630207.0,v1.12-1.13,1.5,,
2df8ba86-0797-47c2-8762-44f0c21b7334,filtered_filter_fault_flags,17694720.0,v1.14-1.15,1.6,,
ce301d50-e832-49e7-974b-b3b8fecdb878,gate_airborne,17761280.0,v1.14-1.15,1.7,,
b16591a1-cbd6-45f7-9290-60a9773ff64b,kept,17826303.0,v1.16+,8.1,25016806.0,60684767.0
9637784a-c6ae-4e1f-a056-11925f04b296,filtered_failsafe_true,17695488.0,v1.14-1.15,1.5,,
e32f7d4e-d215-4c39-a9de-bfdcf79ff85a,filtered_failsafe_true,17760511.0,v1.14-1.15,2.3,,
91ecec24-8bc5-4318-afbb-9d14b7e5d2ce,filtered_filter_fault_flags,17760511.0,v1.14-1.15,1.4,,
cdbf4f18-5d7e-4c27-a232-9301b64c4402,kept,17761280.0,v1.14-1.15,2.2,4500085.0,6488441.0
73160589-352b-4f4e-abfb-42f0796c234e,filtered_nav_state_forbidden,17170944.0,v1.12-1.13,5.3,,
40ade72a-bf6d-4938-ab3e-863416145fdd,kept,255.0,,4.6,17620042.0,28397487.0
c01b8719-2e3b-4351-b2a5-21a90f537012,kept,17630207.0,v1.12-1.13,4.4,5891822.0,9445652.0
2f5b8405-84d6-42eb-9aec-ba01baecccb5,kept,17694975.0,v1.14-1.15,1.3,2002978.0,2660002.0
075e36ca-9a78-406d-a5f4-778206828ef0,download_failed,,,,,
6354b11b-1018-4711-b98e-2de4add027c9,download_failed,,,,,
caa2feae-0de8-4f22-8bb8-1b06a2fd1fbf,download_failed,,,,,
1cc783a0-355d-4cd7-921a-7c7fef71e28a,filtered_nav_state_forbidden,17629952.0,v1.12-1.13,1.6,,
96cadae2-56b1-4945-91b7-f02b391f3a64,filtered_failsafe_true,17695743.0,v1.14-1.15,13.6,,
a852ab0b-8a58-4132-86a3-0443bc06b4f6,filtered_failsafe_true,17695488.0,v1.14-1.15,3.5,,
001f6bd9-2017-4d79-a2f8-ea6f3e4b5007,kept,17564416.0,v1.12-1.13,4.9,1931159.0,3080915.0
b2c57ee3-0635-45c9-ac15-4507238c1e97,kept,17499135.0,v1.12-1.13,5.7,4766720.0,6799952.0
af82c483-ac53-4018-9dda-7beb95249074,filtered_failsafe_true,17695488.0,v1.14-1.15,3.2,,
304ce45f-c342-479f-9b05-31245bee57ba,kept,17760256.0,v1.14-1.15,4.4,5506725.0,7788273.0
2959530a-d2d3-46f7-9505-fda9be8283e9,filtered_failsafe_true,17761280.0,v1.14-1.15,8.0,,
d975360a-3924-41cf-8d08-d1e67b0c7b19,kept,1610941952.0,,8.6,11071092.0,23311679.0
076369b1-2a29-473d-81c5-8f80535e7a64,kept,17694975.0,v1.14-1.15,2.1,5947652.0,9339521.0
d816495c-8f77-4f5e-affe-0d8ea0dd15f8,filtered_failsafe_true,17694975.0,v1.14-1.15,5.2,,
f299379f-86d6-49ec-8034-0dffcda05d8b,filtered_never_landed,17694720.0,v1.14-1.15,3.8,,
d706d8f9-ce7d-4028-ac39-663a559dbda0,filtered_nav_state_forbidden,17170944.0,v1.12-1.13,11.4,,
7d9c29a4-cf44-41a1-96cc-222d3c4e23ba,gate_no_ratios_topic,17891583.0,v1.16+,1.7,,
9a81b9d8-c56a-4f72-97f8-d93bc9f47bbb,filtered_never_landed,17826047.0,v1.16+,16.0,,
29b6d872-b160-4e6c-90bd-cba8215bfa51,kept,17826047.0,v1.16+,2.9,2056599.0,2720589.0
5910c8f8-cf4c-4922-95c1-c8f4f43f9b78,gate_no_ratios_topic,17499135.0,v1.12-1.13,4.6,,
e3dc3f99-78c8-4952-9362-87ba1dfed6fd,gate_airborne,18350336.0,v1.16+,11.1,,
579aafb7-b1ff-4edb-91e2-971869447db8,gate_airborne,17569791.0,v1.12-1.13,5.7,,
cc827c04-0cd6-4e3b-bd8d-ee2f292eb23d,filtered_failsafe_true,17695743.0,v1.14-1.15,30.5,,
4744c063-d029-4e56-914a-5de014f79b72,kept,17694975.0,v1.14-1.15,2.6,7257652.0,11785493.0
fc018c16-e086-49d7-855f-2feccce4a417,kept,17825984.0,v1.16+,2.9,4809408.0,7457116.0
2daf8171-48ee-4526-a843-e62bc91dce07,filtered_failsafe_true,17694975.0,v1.14-1.15,3.2,,
8966ae7d-fad4-4fbe-868b-ff563f71d416,filtered_nav_state_forbidden,17694720.0,v1.14-1.15,2.0,,
fc091754-a691-4454-bce5-c7b4ec49d587,filtered_nav_state_forbidden,17761280.0,v1.14-1.15,4.2,,
f0e5bfc0-d06c-46a7-ae16-897286946dfd,kept,17760384.0,v1.14-1.15,8.4,15206556.0,24244700.0
c9dbf2fe-04b9-4f36-aab8-1d01fed8c69c,kept,17761280.0,v1.14-1.15,10.3,13435369.0,21678747.0
d4dea240-8c55-412c-9800-9f88782655f2,filtered_nav_state_forbidden,17826303.0,v1.16+,16.0,,
71d575b0-27b3-4715-b17e-e9d8277c9182,kept,17629951.0,v1.12-1.13,3.6,3823115.0,6280948.0
c7224383-2856-4a27-a8df-97c4028f8f12,filtered_failsafe_true,17629952.0,v1.12-1.13,0.9,,
644b9082-e8ec-48c8-b612-64fdafe6f15d,filtered_failsafe_true,17760768.0,v1.14-1.15,2.9,,
e250859e-f7d4-4450-81f9-caef33d07e30,filtered_nav_state_forbidden,17825984.0,v1.16+,4.0,,
c01ccce1-32a3-4233-a312-754090a0f677,filtered_filter_fault_flags,17630207.0,v1.12-1.13,14.7,,
306396e8-a623-4bd7-b43d-004f4562aa0e,filtered_failsafe_true,17826240.0,v1.16+,27.1,,
09e8f1dd-6ff0-4028-aab5-f303d3a37b66,kept,17695488.0,v1.14-1.15,4.8,6244685.0,11245259.0
45cb079f-07c1-4907-93b6-dc4dcd3669d1,kept,17825792.0,v1.16+,12.1,12418515.0,22355997.0
5b003de8-26b7-414c-9eec-db837a3e5434,filtered_failsafe_true,17891392.0,v1.16+,24.7,,
52156a1f-e4f7-4645-99fe-a40a05d0ad50,kept,17695488.0,v1.14-1.15,4.4,1805918.0,2535923.0
4ee11085-3c80-42d0-b445-202442de8d0b,kept,17694720.0,v1.14-1.15,6.0,15134136.0,24234746.0
66133ab0-962d-4d9c-8be5-657e6a63cdbb,filtered_failsafe_true,17105408.0,v1.12-1.13,8.4,,
1105cbf2-c37a-4af6-9a5a-8e6ba2bb9473,kept,17695743.0,v1.14-1.15,5.1,8878538.0,14194991.0
28cb9868-0d77-4be6-b4ca-76b4a67edc7e,kept,17761280.0,v1.14-1.15,3.4,3594526.0,5155548.0
7ca52dc6-e0b7-41fe-aa44-d89fd97c040d,gate_dropout,17825792.0,v1.16+,11.5,,
1e2cad2b-1c1d-436b-b38f-15959416202e,kept,16842880.0,v1.12-1.13,8.2,11272810.0,18254357.0
464004a9-2ff1-4b9f-a06b-eae5ed080962,kept,17891392.0,v1.16+,5.1,4031913.0,5789400.0
bf99febd-b7d6-499e-84e3-ac2461945320,kept,17694720.0,v1.14-1.15,13.2,23714015.0,40038919.0
54e701b5-94df-458b-aab8-9636b6ab3063,filtered_failsafe_true,17695488.0,v1.14-1.15,1.1,,
ae8fed96-3585-4484-80a7-e588cc41bd26,kept,17891583.0,v1.16+,2.1,5319626.0,7493131.0
9a9fe521-ec86-4d5f-b769-ea73bf4ae933,filtered_filter_fault_flags,17761535.0,v1.14-1.15,2.7,,
1f6e7cd4-391d-46ab-8d99-d95602047061,kept,17695743.0,v1.14-1.15,5.3,9697464.0,16538240.0
93bff619-1a3f-4919-9f42-4ba006ab2a8e,kept,17629439.0,v1.12-1.13,1.7,2732016.0,4140782.0
9411169e-0044-4601-95f5-0acdb023e50a,kept,17826047.0,v1.16+,3.0,5978739.0,9222777.0
ec58b93a-d449-4e31-90ab-d48ca3435ebb,kept,17760256.0,v1.14-1.15,1.1,1874168.0,2621535.0
1ae71846-f419-4ce6-aa16-bc0b35950e6d,gate_airborne,17695743.0,v1.14-1.15,1.9,,
b9028ce8-ed65-427e-a223-af6a714707de,filtered_nav_state_forbidden,17761280.0,v1.14-1.15,7.8,,
4f10df17-8544-4cd3-8054-9834b9d4a725,kept,17891392.0,v1.16+,3.0,2552933.0,2928542.0
6b27894b-434f-4322-a59d-f9d69e6f58e2,kept,17891583.0,v1.16+,2.8,5720521.0,8001503.0
73070ca6-d0dc-4de2-89ad-0f8a0ed3314a,kept,17564416.0,v1.12-1.13,1.3,2618472.0,3990268.0
a9321ea6-34d4-4733-a46b-1862eba0ab82,filtered_nav_state_forbidden,17761023.0,v1.14-1.15,1.3,,
708c7d66-10d9-4aac-be89-3cfd7766cb0e,kept,17761535.0,v1.14-1.15,7.9,6546401.0,11157313.0
7fac34f2-ca69-4265-8a64-f436abf03301,kept,17761280.0,v1.14-1.15,14.6,38537887.0,70386767.0
f18eeed6-10a8-4227-a65e-440b16de3c9a,kept,17760384.0,v1.14-1.15,6.0,13170022.0,19860081.0
528d84d4-9a3f-4ae7-9b2f-ddbc09124ea4,gate_no_ratios_topic,17499135.0,v1.12-1.13,12.8,,
9d28bcac-047b-413d-aa57-ca17d02d16b8,filtered_failsafe_true,17826240.0,v1.16+,1.6,,
b52ba1b7-e6f4-4810-93c5-4b0db2cb76f1,filtered_failsafe_true,17694720.0,v1.14-1.15,21.9,,
f2eec1bf-5811-48b1-baaf-dfe139e891e7,filtered_never_landed,17826047.0,v1.16+,1.2,,
ba428ac1-1831-4498-a311-83358df55601,filtered_nav_state_forbidden,17695232.0,v1.14-1.15,1.7,,
4f24f771-bd12-4ffc-bf37-72bab3a29e35,kept,17825792.0,v1.16+,3.8,8088791.0,13569114.0
d615d0af-8dca-4a32-a052-6d7ce41c7e9d,kept,17694720.0,v1.14-1.15,1.7,2670904.0,3634518.0
b1a1841b-3835-4312-bc93-f39510cf27ee,filtered_failsafe_true,17694720.0,v1.14-1.15,6.9,,
ec6764ec-3c7f-430b-8548-cb31a48075cc,kept,17826047.0,v1.16+,2.8,6226543.0,9436634.0
a66b6c5d-5814-4185-9a5e-064a88e22f54,kept,17571712.0,v1.12-1.13,2.8,6815283.0,11025496.0
c7ee399d-9bba-4b9e-bd82-fe8022fbf243,kept,17760512.0,v1.14-1.15,3.8,7379969.0,12663319.0
fa8c78ea-2d1e-4803-968a-6cdd9b9aab5c,filtered_failsafe_true,17695488.0,v1.14-1.15,4.2,,
53de1cf1-26f5-4460-9272-ceb16227ffc3,kept,17761280.0,v1.14-1.15,6.8,13743607.0,21281044.0
149a0996-ec13-4e7f-a6ce-c30fb3ad1039,filtered_nav_state_forbidden,17695743.0,v1.14-1.15,1.7,,
8bfa4bfd-3349-4f3b-bbd2-8e8eb7e7af55,filtered_nav_state_forbidden,17629695.0,v1.12-1.13,44.1,,
48fa171d-fdc5-4aff-a89e-9ae5912899ec,kept,17630207.0,v1.12-1.13,4.9,2021543.0,2681691.0
7448c528-a69c-4c32-9e76-b3c3db01d4be,kept,17761023.0,v1.14-1.15,6.4,3711473.0,5390894.0
00abf7c9-9685-4748-9774-a721bf8dd985,kept,17891583.0,v1.16+,3.1,3064515.0,3983910.0
101930fd-f65b-4517-b775-8e8b759d7b18,kept,17694975.0,v1.14-1.15,4.8,7572476.0,12591438.0
aa38fd58-c453-4b44-a8cc-689efadae1a3,filtered_failsafe_true,17760256.0,v1.14-1.15,6.8,,
be161612-4992-4804-91d0-2e511d1d5f38,filtered_failsafe_true,17760511.0,v1.14-1.15,1.6,,
7b7eb001-9f16-4dff-a254-124e7c420c0e,gate_airborne,17825984.0,v1.16+,9.1,,
b3e5fac2-2e1d-4a4e-bea0-b5b1303b8224,kept,17760768.0,v1.14-1.15,3.8,6571805.0,11919279.0
a8c54841-a5c2-4a97-90f6-4f8b8ecef55a,kept,17956992.0,v1.16+,16.8,44610853.0,76930866.0
35f678d2-e6bb-44a3-a5ea-e7542d3d55e8,kept,17630207.0,v1.12-1.13,2.6,8753457.0,14159940.0
fb0661d5-3bbe-44d4-b9eb-73dd963377b4,kept,17630207.0,v1.12-1.13,6.3,7119373.0,13525370.0
1c32ba56-a5ed-43c3-8139-506d19035f30,kept,17760384.0,v1.14-1.15,3.5,10736641.0,15737582.0
518ab7d6-4e9c-4af1-a1a2-9c344b983294,kept,17499135.0,v1.12-1.13,2.2,1957069.0,2723757.0
e487c8b3-0ef4-40c4-bb80-3b1884134f8a,kept,17694848.0,v1.14-1.15,3.9,10183905.0,17938708.0
9184088b-426d-4d4a-8402-4c2c66faa970,kept,17891583.0,v1.16+,2.3,2772992.0,3641124.0
89fbef9b-4a74-4460-b4d1-262c7f00b42f,filtered_failsafe_true,17694720.0,v1.14-1.15,1.4,,
e3f4d9ec-caed-4c50-8acd-5411aaa2dfc9,kept,17825920.0,v1.16+,6.0,6911081.0,9894963.0
61de9945-1ad9-4470-91e1-13653eacf455,filtered_failsafe_true,17825984.0,v1.16+,4.6,,
124e711e-cc3f-4ab0-80b7-77b44d6ceae3,filtered_failsafe_true,17761280.0,v1.14-1.15,13.6,,
996bdb97-9e64-4e4e-aff1-68205889b246,filtered_failsafe_true,17694975.0,v1.14-1.15,1.5,,
92bfde89-274a-4e77-a5b7-e8f814397a12,kept,17564671.0,v1.12-1.13,2.0,4862061.0,7450417.0
1ca7fde7-09c9-4725-893b-aebde63529a7,kept,17826559.0,v1.16+,1.6,2205311.0,3184490.0
5ce1f5a0-e06a-490b-831d-4448a16698a6,filtered_failsafe_true,17695488.0,v1.14-1.15,5.0,,
5978e43f-80d7-42df-ae43-c8aab24aaa88,kept,17629952.0,v1.12-1.13,4.6,7931611.0,14578466.0
592793bd-a706-4f2d-a3d5-32c784b52313,kept,17825920.0,v1.16+,10.5,9855106.0,24142764.0
f28f2627-5c46-49f2-9787-8ebe2ef13ac9,kept,17825856.0,v1.16+,11.7,8714759.0,30714418.0
b4db0737-a8bd-4bc5-8eab-32511d1fd0b4,filtered_failsafe_true,17760256.0,v1.14-1.15,2.1,,
16a2105f-5e94-42b9-b3f6-375a84f50a5b,kept,18286080.0,v1.16+,50.6,97824891.0,207230515.0
7cdcb8b2-bdf2-47a3-a10d-d4d315bce851,kept,17760767.0,v1.14-1.15,2.2,3359363.0,4980268.0
13e7a273-7d7a-46e1-8aa4-d7783ba2822e,kept,17630207.0,v1.12-1.13,3.7,5276621.0,9924233.0
be7a9d7a-2dd2-47c8-aa9d-c42b601fd3c2,gate_rate_position,17761280.0,v1.14-1.15,8.6,,
db6c33d6-773a-419a-bf42-32a2ed675007,filtered_failsafe_true,17826303.0,v1.16+,3.9,,
b01ee2d1-e0da-4f41-9105-18986a4c45b0,filtered_nav_state_forbidden,17629952.0,v1.12-1.13,10.4,,
c1c0dc30-0b74-4305-8c2d-ce2034e026c8,kept,17629696.0,v1.12-1.13,1.4,1983728.0,2787324.0
9ca02bee-b12f-486c-95d9-83d571b74443,kept,17629184.0,v1.12-1.13,3.3,6432332.0,12061201.0
cd2732ad-abfb-46c7-be9d-392702612d06,kept,17694720.0,v1.14-1.15,1.7,2705185.0,4150097.0
e9664188-faa7-4241-9977-45c8670a36c7,kept,17695488.0,v1.14-1.15,3.7,6854533.0,10892053.0
f6550241-8fec-4267-a825-c62fe4dfca7e,kept,17760256.0,v1.14-1.15,3.5,5804715.0,9308880.0
407c6256-87a9-468d-b269-194e61b6af4c,filtered_nav_state_forbidden,17695743.0,v1.14-1.15,1.1,,
f36abf2a-5a70-460e-83ed-363c4db75de2,gate_airborne,17629184.0,v1.12-1.13,1.7,,
8d236757-0439-438e-ac19-aaa29cab60a4,gate_no_ratios_topic,17498367.0,v1.12-1.13,1.9,,
6431c6e2-464b-4f56-b089-508b3e69798e,filtered_nav_state_forbidden,17694720.0,v1.14-1.15,7.6,,
bc059205-5f6a-46ed-91a2-046302f1ce6e,filtered_filter_fault_flags,17694720.0,v1.14-1.15,2.2,,
cff1dd4e-af30-4033-a3da-d69ddaf2e8ba,gate_airborne,17761535.0,v1.14-1.15,1.5,,
42bb277d-4844-4001-9d38-bd1b2ed94aba,kept,17629952.0,v1.12-1.13,1.9,2345189.0,3345009.0
80ccf73f-9ea6-40a5-aa84-063133f1f681,filtered_failsafe_true,17694975.0,v1.14-1.15,3.1,,
921e09b4-393c-410f-a8cd-821baab9670c,kept,17891520.0,v1.16+,5.2,7621738.0,11811792.0
f016bc73-2197-42c5-b59a-9389c50d5b2d,gate_dropout,17826047.0,v1.16+,4.8,,
14933a53-e2fc-4472-a48c-4e9933de8deb,kept,17761280.0,v1.14-1.15,12.1,27557866.0,47607516.0
e87d7447-3136-4817-9988-1c5f807544d0,kept,17499135.0,v1.12-1.13,1.2,1781610.0,2270227.0
9e59d1ff-56c6-456a-834c-402bc4797da5,filtered_nav_state_forbidden,17825920.0,v1.16+,4.6,,
665a2d60-abe5-4374-8c9b-d1380f96d42e,gate_dropout,17760384.0,v1.14-1.15,4.8,,
367c173e-b0c0-4a91-9531-10fba8635499,gate_airborne,17564671.0,v1.12-1.13,3.2,,
41776e99-fbb1-41c1-8408-e11c419233ae,kept,17630207.0,v1.12-1.13,5.7,9333459.0,17182102.0
abe31a66-9a6c-42ec-8a39-d4d7474758ad,kept,17825984.0,v1.16+,2.4,3541571.0,5656150.0
339333d5-9e80-43be-b043-cc841f3cf8b7,gate_dropout,17760511.0,v1.14-1.15,4.1,,
e2e11e83-ea29-4bd6-b057-7cd4b08e9029,filtered_failsafe_true,17629695.0,v1.12-1.13,1.4,,
9c7d656c-09e4-4899-a284-ac0a00caa43d,kept,17499135.0,v1.12-1.13,1.8,2916266.0,4045385.0
025c9876-de7c-4e92-a621-67264e92e95f,kept,17760256.0,v1.14-1.15,2.9,5130931.0,7084934.0
e00a831b-dcd8-4559-bfc7-f17b117356d4,filtered_filter_fault_flags,67441920.0,,11.8,,
d82f8247-c8ac-4a11-acb8-1b712acc3e9f,gate_airborne,17891392.0,v1.16+,44.0,,
2820773b-62eb-4eff-8d9a-a7d7ef175a75,kept,17629952.0,v1.12-1.13,7.3,2745381.0,4036526.0
633f7422-0b42-4829-9ee4-e155b67ba822,gate_airborne,17564416.0,v1.12-1.13,0.7,,
6b168009-c577-4912-872b-8599110725ab,kept,17761535.0,v1.14-1.15,7.8,12067493.0,19085016.0
4e6cf006-b998-458c-ba89-4780298a7616,filtered_nav_state_forbidden,17695232.0,v1.14-1.15,2.5,,
6b619f6f-c246-4e27-8c19-cdbc3cc32880,kept,17630207.0,v1.12-1.13,3.8,2416643.0,3651907.0
23049de9-7e90-4cae-be21-285a5c2490d6,filtered_filter_fault_flags,17629952.0,v1.12-1.13,1.1,,
2eca1d77-3272-41d2-9b83-2238f2480b30,kept,17826047.0,v1.16+,3.6,6924146.0,11355793.0
6a877830-710b-4ca5-992b-5dcdf668ffb9,filtered_failsafe_true,17695488.0,v1.14-1.15,1.9,,
fda3cd7d-fa53-444f-a7f0-a803828a7406,kept,17629952.0,v1.12-1.13,2.9,3390647.0,6838818.0
0c0e4f58-d631-4c5f-b786-47e78d31a3b1,gate_airborne,17694975.0,v1.14-1.15,3.4,,
c4b5490d-1060-4b12-9b56-1b89b60a1e60,filtered_filter_fault_flags,17956992.0,v1.16+,4.2,,
3f4175c5-c10e-451b-acb1-ebcaae5fba25,kept,17825984.0,v1.16+,2.5,3112304.0,6669250.0
015e9071-a004-452b-8c5e-24383fc3893b,gate_airborne,17498880.0,v1.12-1.13,1.7,,
5c21feea-fcc9-4a4d-9843-a42da205b30b,gate_dropout,17761535.0,v1.14-1.15,18.3,,
7664eb2f-3f20-4e32-8681-5e9a4844ff06,kept,17761279.0,v1.14-1.15,2.3,1515282.0,2229950.0
3fe4f6f2-3f2c-4876-9a76-acfc97896446,kept,17498367.0,v1.12-1.13,5.1,12049153.0,18924743.0
e8d35b51-6ad6-439c-bb13-b8a66557aba0,kept,17761280.0,v1.14-1.15,25.5,89800879.0,164101552.0
