regime,ratio,n_cal,n_test,threshold,coverage
hover,baro_vpos,2429,2288,0.028125603617299853,0.9523601398601399
hover,gps_hpos[0],2429,2288,0.011733654292270405,0.9746503496503497
hover,gps_hpos[1],2429,2290,0.008439968301591407,0.9777292576419214
hover,gps_hvel[0],2427,2288,0.02516868580400316,0.9567307692307693
hover,gps_hvel[1],2427,2290,0.013486674595184742,0.9633187772925764
hover,gps_vpos,2424,2288,0.049074963922928545,0.9593531468531469
hover,gps_vvel,2427,2288,0.019954950411399455,0.9506118881118881
hover,heading,2427,2289,0.3553884288328594,0.9523809523809523
hover,mag_field[0],2092,1900,0.6122959483357062,0.9610526315789474
hover,hagl,2404,2290,0.007949813831452634,0.9611353711790394
translation,baro_vpos,1790,1743,0.11034634380189047,0.9604130808950087
translation,gps_hpos[0],1761,1739,0.06319954960346108,0.9396204715353651
translation,gps_hpos[1],1761,1743,0.020359345627695962,0.919104991394148
translation,gps_hvel[0],1759,1739,0.11682431103970002,0.9246693502012651
translation,gps_hvel[1],1759,1743,0.07183311605565823,0.9351692484222605
translation,gps_vpos,1759,1739,0.054544434608281456,0.9476710753306498
translation,gps_vvel,1759,1739,0.06496857970145838,0.9206440483036228
translation,heading,1789,1743,0.7015240791358975,0.9300057372346529
translation,mag_field[0],1682,1572,1.2669394283751636,0.9497455470737913
translation,hagl,1768,1743,0.09986610058226467,0.9741824440619621
descent,baro_vpos,459,434,0.29257067766627237,0.967741935483871
descent,gps_hpos[0],427,433,0.08669790844510518,0.9515011547344111
descent,gps_hpos[1],427,434,0.017122760367216373,0.9493087557603687
descent,gps_hvel[0],427,433,0.1565551202920829,0.9399538106235565
descent,gps_hvel[1],427,434,0.0362376591907919,0.923963133640553
descent,gps_vpos,427,433,0.21286951140989027,0.9445727482678984
descent,gps_vvel,427,433,0.23158441786570108,0.9376443418013857
descent,heading,456,434,1.4953943604320408,0.9792626728110599
descent,mag_field[0],418,381,1.2808615710414462,0.9553805774278216
descent,hagl,447,434,1.0903535537765472,0.9861751152073732
