log_id,ver_sw,band,n_varying
3615cdfc-c67d-4921-8cb1-e9e84b2df847,17694848,v1.14-1.15,9
503564b8-65e6-4c8a-ba4b-b2aa44d9f6b6,17695488,v1.14-1.15,2
ed8a4b20-41aa-4fd0-812a-fb2777a8f157,17761280,v1.14-1.15,17
7438fecf-bbaa-466a-9e8b-db458c39b822,17761280,v1.14-1.15,18
3efb1d3c-da33-45e8-ab47-5f7c778562da,17630207,v1.12-1.13,6
aca0a0b6-72bc-4e7a-b658-3f92471b6efc,17760511,v1.14-1.15,7
ceba37a7-e418-4fbd-a42d-aec3d150d9bd,17564416,v1.12-1.13,9
fd2eaf70-6dc3-4ea6-8b51-ed3f7921cadb,17498367,v1.12-1.13,11
b0a2abcf-b670-450e-9533-4a4757a8fb32,17694720,v1.14-1.15,5
42feae98-7a7b-441f-a9bc-1aeeedc65af8,17891392,v1.17+,8
d7ac3270-b439-4d1f-874d-2b48f76faeda,17761023,v1.14-1.15,10
4af15abc-cb63-40e7-b590-be655d35d15b,17760256,v1.14-1.15,13
46529578-1475-484c-acd7-2526980c0816,17564159,v1.12-1.13,5
397b56d4-9ae2-4485-a8a0-05a1e8df4ec2,17695743,v1.14-1.15,7
03118b5a-65fd-4ce7-b8ce-48abc3c3b76b,17826240,v1.16,14
0202a604-3a57-477b-bab4-300cdaad29ad,17826047,v1.16,14
24cd1f1d-2611-4b46-9653-18fee3a20caa,17891583,v1.17+,14
c26b8405-6bcb-467e-85ae-9fd7f17d5810,17499135,v1.12-1.13,9
755afa0d-28d0-43ef-a27b-b94f253ede48,67441920,other,5
231e8ee9-168f-4a3f-b89d-767002b54b4b,255,other,14
452330f6-e53a-4e58-b11b-ee233e0021c3,17564416,v1.12-1.13,6
31468199-8616-4bff-81ac-73f8432f9570,17564416,v1.12-1.13,5
a17bce5e-bffa-4ee8-8a76-db67cbaedc5f,17826304,v1.16,14
c84b2e46-7da9-47d7-bb2c-565ffa16e059,17564416,v1.12-1.13,6
84b1775f-df5f-4527-ab05-cfe727efd2ea,17826047,v1.16,16
a69ad56e-8cc8-427c-b13b-ad8e81aa9e73,17499135,v1.12-1.13,10
5907593b-c98f-4a6c-a2d8-da72f1215974,17891392,v1.17+,14
13787cda-030a-4d5a-8dc7-112f489ac1cb,17761535,v1.14-1.15,14
94e1c4a3-8585-47c1-b947-d3370449b4d6,17694720,v1.14-1.15,7
e6d6ef66-0806-4319-8521-d09e495d602e,17694720,v1.14-1.15,2
7569afd8-9edc-4d93-9595-4403f52733a8,17761535,v1.14-1.15,4
9932bbf3-df4a-4e12-ad52-bb6677e15466,17891392,v1.17+,14
4967d841-b6a1-4b98-83df-b392a7b40068,17760384,v1.14-1.15,16
6268078e-7d13-431b-beda-c501dcb3af95,17891392,v1.17+,14
a70b0198-2d44-4d7a-99e5-4080a0d7dcdf,17629952,v1.12-1.13,3
3b9666b0-631a-4521-bd81-ea19a913af04,17695232,v1.14-1.15,21
b5232659-179a-411e-8fa5-8a29d5d8af2c,17629695,v1.12-1.13,7
dac21d21-9207-400c-9deb-0e9730cb5b7e,17761535,v1.14-1.15,14
86c5fdd8-fd83-4c60-ab80-efe4e4f959e4,100729344,other,11
f97739b1-9303-46f2-9be0-005736c467f4,17629184,v1.12-1.13,10
79b48c2c-c1ba-44ef-b75f-3baf3dfb7c9e,17695488,v1.14-1.15,7
ca0c72f6-c71c-4f37-9493-8c56e14e3be4,17170944,v1.12-1.13,14
2ec5d7d4-a031-49cf-9942-72d0c9affd96,17891392,v1.17+,4
ad77bad6-89e9-4e72-b5da-18519d234cf3,17694975,v1.14-1.15,6
1ca2dce7-b271-4335-9a66-b664110ea5ff,17564416,v1.12-1.13,6
ab16429e-5737-452a-ac5f-e305dc55c618,17564671,v1.12-1.13,6
044c8139-4a9e-47aa-bf10-ecc8cdca54c8,17761535,v1.14-1.15,14
1c7a95be-cdae-4076-8acd-419805a96d9e,17760767,v1.14-1.15,14
901ea981-5833-4267-a390-76df547c7334,17695744,v1.14-1.15,2
01514b8d-0954-40d4-b245-46a13ba77ed3,17825984,v1.16,14
ff4719af-3a2c-418d-a6ae-e2ce2c096083,17694720,v1.14-1.15,7
ff207344-fa2e-4e3f-b196-9f3b8d5dc8f9,17564416,v1.12-1.13,6
ba8ee772-4801-4ee4-ac06-681cc751149a,17760384,v1.14-1.15,14
9f1c29b5-bd75-4b76-8611-23f9d2a45c6e,17761280,v1.14-1.15,19
9d5c4c6e-4b30-47c6-9525-7d319fb9a578,17694720,v1.14-1.15,5
c6bc4815-837e-4873-898f-b2032e305954,17629952,v1.12-1.13,3
c891ed4a-a76c-4c7d-880f-cf1362f5ec45,17761023,v1.14-1.15,9
d91ccfaa-5ff2-489c-837a-699616a96f51,17760256,v1.14-1.15,16
013ec277-2ee3-4b5f-b1c1-7343d8a8a385,17695999,v1.14-1.15,7
0505a916-57a9-49d6-a79a-d2973174ccaf,17630207,v1.12-1.13,3
028db6fc-fb8d-42a3-a6c8-efbde477d884,17630207,v1.12-1.13,3
06a80ac0-3755-42ff-b3c2-e0b6dc4b1fd7,17694720,v1.14-1.15,6
b2f32082-7057-440e-b9f9-19a4480d83e4,17630207,v1.12-1.13,3
bf3061ba-2596-4c46-af01-dd4cc7661237,17760767,v1.14-1.15,17
bdf59404-6d06-49ea-8119-f04a95af54ca,17825792,v1.16,16
937093cf-2302-439f-af98-481fb6439fa9,17891392,v1.17+,14
ea3211ed-977e-4bd7-9334-21f432d843c7,17826559,v1.16,8
86c9976e-c586-4470-9e5b-d8cb0bfcc2dc,17694976,v1.14-1.15,8
a26ccc26-2e16-4ebd-8fd0-408916dfc7b4,17694720,v1.14-1.15,7
dbae6bac-2f25-4791-be49-a69717be17a9,17629439,v1.12-1.13,3
de2671a0-aad7-43b0-90fe-1e9ff5317936,17694975,v1.14-1.15,7
9eb0bb50-37c3-4b3a-8fef-77af803f75af,17761023,v1.14-1.15,8
6b06bc48-24ff-41cb-b595-ece5bd5e460a,17826047,v1.16,14
631356be-3690-4b49-ae20-f2202b4c45c1,17695744,v1.14-1.15,11
915b3154-a749-4bc6-bc5f-bbc3882201d2,0,other,7
13f2afe2-2a14-4d9d-830f-781e29498795,17694720,v1.14-1.15,7
5527dd1e-860f-4b7a-809b-f959848c4b75,17694720,v1.14-1.15,3
5e0b5bdf-f8a0-4ebf-80da-ee28462eccc3,17564416,v1.12-1.13,9
c20b4b29-3f1b-401c-8712-22547830095c,17826240,v1.16,8
4b431919-ea57-4856-a5b8-6409b5098e55,17825984,v1.16,14
1ae9a44d-9e7b-40a9-868d-8e7c137d560f,17694976,v1.14-1.15,5
78a31767-c2b7-4452-a57d-7d182c9163b9,17826047,v1.16,8
e1e7e3fb-5547-4b1e-81fa-ef30bdd479e2,17564416,v1.12-1.13,5
2ef6928b-4681-4cb5-938e-873cb9cfb4ab,17629440,v1.12-1.13,3
f7b8dbf0-2246-4309-89af-651b3a7cad44,17826559,v1.16,11
3edad3fe-9981-4232-a9c9-020a4e8571f8,17694720,v1.14-1.15,6
62d81297-e124-44dd-a4c7-a67950481eb0,17694975,v1.14-1.15,3
21409aa7-7acd-4bd0-88e0-612955c65dcb,16784128,v1.12-1.13,8
701124d6-3590-4e68-8f3a-6d691d8d9833,17695488,v1.14-1.15,7
ed2b995e-0875-4297-be52-0dada226d18e,17761023,v1.14-1.15,10
71d01ed7-fb5f-499c-ac0d-758bcd2aedbc,17629184,v1.12-1.13,8
3e4468bf-a660-49d7-9f11-e1efd67de762,17629696,v1.12-1.13,8
8ff43adb-ae04-4434-9a59-4ddbc1d91d2a,17761535,v1.14-1.15,14
ff9cc077-ea7f-40e3-9015-980aeb1259a6,17695743,v1.14-1.15,7
455871a0-f9dd-48d4-86a9-d881fd854408,17825792,v1.16,14
01072d3d-317e-47f9-bb62-39154d4c0d12,17629440,v1.12-1.13,9
e23863c7-b7e1-41c2-8783-8480d70fdb4d,17826240,v1.16,14
7060663f-bc1f-4a11-aafe-2f7f3ec8ef0f,17694720,v1.14-1.15,7
e3a5dee7-7ba4-4028-a3d9-84e5a2359157,17695488,v1.14-1.15,7
0fca5086-962d-4cd1-a4d6-c8e3dcc0bff3,17694720,v1.14-1.15,7
d51500bb-df78-49d5-be55-b54fa7bfa9eb,17629952,v1.12-1.13,6
b9f47d53-0557-4028-a9e6-140678a55331,17761535,v1.14-1.15,8
6c205af1-5c99-4c5b-a720-349deb9a73a5,17695488,v1.14-1.15,5
b43e3889-e2ab-4eba-8290-d4441167c642,17695743,v1.14-1.15,12
37395627-3b0a-4ccd-a3ed-73d08fb04b30,17630207,v1.12-1.13,5
ea9fe938-c7be-4ed5-918d-37ad5ea9948e,17629184,v1.12-1.13,5
943685d0-71e7-46a1-8295-a8ef191fd060,17629952,v1.12-1.13,7
bd379fb6-6705-4e4f-a385-63738e96d2fc,17694720,v1.14-1.15,6
6beb40a6-9a05-43f8-9e41-14462b394b48,17630207,v1.12-1.13,8
09ddc00e-3f4f-4972-b387-6cc344b7767a,17695743,v1.14-1.15,7
0e75c04f-5481-47c0-921e-9452581e3317,17694720,v1.14-1.15,2
b077b4df-d615-41b9-9e2f-2cecb6101a2a,17761023,v1.14-1.15,10
1cbdcda4-2b09-4f51-9e0d-3d32a9a5b605,17629696,v1.12-1.13,8
12bc8745-273c-47be-bb41-a6cc86b67f48,17761535,v1.14-1.15,8
756ea3a9-e513-48ee-9a64-1307ceb09e77,17629440,v1.12-1.13,3
6062df79-6506-4b74-941c-9a52d2b6dde3,17761535,v1.14-1.15,14
68e2abf5-40ad-493e-a1cd-c5f315bd6d75,17695743,v1.14-1.15,7
7c3c78bf-98d0-4b64-8742-52ea345caf7c,17629184,v1.12-1.13,7
c38d80e6-b644-4e29-8ae4-7c0b1a729b9b,17760511,v1.14-1.15,14
5a37368c-bf82-499c-ba12-333a768a79e9,17760768,v1.14-1.15,14
e77bda16-ff1d-4c16-94e4-12db1319de40,17694720,v1.14-1.15,6
75db46b5-2c89-4ebc-9f76-3be8752e84b1,17760320,v1.14-1.15,10
ca50f849-4496-4df2-a17f-225e01ca8eeb,17629952,v1.12-1.13,6
2b8fec61-303b-48e8-9ee1-d0e15e90b198,17761280,v1.14-1.15,10
b2872829-f751-44f1-b659-4f1ba120ef06,17695488,v1.14-1.15,2
8dbfcd29-a6dd-4dbe-959f-04466f96b8cf,17891392,v1.17+,14
48f58c4c-3547-418f-b5df-1a7928f973f3,17563648,v1.12-1.13,2
3cb9b339-13c8-4dff-b9b3-f3ade29477f2,17825792,v1.16,14
763e9c99-4e28-4edd-a5ca-6d1bb6eb59d0,17760768,v1.14-1.15,8
e4727ec6-c8c0-4c5f-bc85-817a588736d5,17891583,v1.17+,13
437231f1-bebb-49d6-8108-d14385c5306e,17760256,v1.14-1.15,11
d93bb9c7-b56f-40ad-a6a4-43265eedc808,17825984,v1.16,19
ba6bb394-3f82-4321-911e-dbe9cbeb8188,17760256,v1.14-1.15,18
e2b0d803-d4a8-4a3c-9905-ce30c7100900,17694720,v1.14-1.15,8
4cf86095-7fc2-490c-a225-7d0d127cebd4,17825984,v1.16,14
4b728cae-a733-4af1-b105-85330933824d,17760384,v1.14-1.15,14
dded9d9f-1b32-4337-9645-8b38905d2361,17760256,v1.14-1.15,17
28815960-9240-400f-8d8f-e5fe8ee27bfb,17761088,v1.14-1.15,9
d7f4393c-236c-4751-adda-48a2d9da117e,17761280,v1.14-1.15,11
17b4d135-4eed-4bad-83de-92f6f676dfa6,17761535,v1.14-1.15,14
de987981-315f-40b7-8791-02eca130161a,17629952,v1.12-1.13,5
3c060172-6262-411e-966c-13410bfbb39f,255,other,17
742013a2-6049-4836-8581-4e62671fb236,34340864,other,9
46096a23-5c84-4e2b-8d0c-3867e0a0736c,17761535,v1.14-1.15,14
3de2a435-f38e-44bc-b3f3-c4b01a155aa5,17694720,v1.14-1.15,2
899b3722-4689-4c40-9853-9210ec3af288,17761280,v1.14-1.15,11
e70aede2-14b3-476f-90cf-7cecaf8ddf0d,17760256,v1.14-1.15,14
dac37bdc-8582-4a43-a703-cfc5c007fa93,17629951,v1.12-1.13,3
306396e8-a623-4bd7-b43d-004f4562aa0e,17826240,v1.16,14
5512ef0c-80d4-4b78-a39c-29aaa6bdd894,17760256,v1.14-1.15,10
d7672df4-6181-46f7-9b64-b665462aaae3,17761535,v1.14-1.15,4
97b49efd-acb8-4e96-8693-9333d884fe95,17695488,v1.14-1.15,6
64207573-fb0f-4e1d-a003-43cdc416e9a2,17761280,v1.14-1.15,17
d614a98a-3f53-4ca1-a6e5-fbdecb5be1ff,17564416,v1.12-1.13,6
8a164b66-c5b3-41bb-81fa-ffbaa0f76da4,17825984,v1.16,15
35e07f34-1be4-4835-b1f6-e1c1896b766d,17761280,v1.14-1.15,21
d1452572-304e-407b-b41d-4afc02d64b5e,17761280,v1.14-1.15,10
4ee84468-eb51-413b-916d-766222095a53,17694720,v1.14-1.15,7
91e4ef27-abf6-4c52-a494-3e87b1c6671a,17761023,v1.14-1.15,10
b5f3e7ab-67b3-4102-a1b0-27ad7fda324b,17761280,v1.14-1.15,11
c5536006-4b1c-4e11-b9eb-dcc9ea3216cc,17630207,v1.12-1.13,6
78ae1e8f-ba71-4ddc-959b-a99f9e2f1b18,17498240,v1.12-1.13,11
059a6e48-5383-4fd0-9f4c-5d466903547e,17629440,v1.12-1.13,3
97755ef9-7677-4d21-a4da-c024f07db660,16781056,v1.12-1.13,14
a8898b23-7c46-4348-a6f0-dbd72da5f530,17565184,v1.12-1.13,7
72422680-9ec1-4e44-b917-94d173e79ef6,17564416,v1.12-1.13,6
64575404-4b01-401b-abf1-56c0a036d345,17956928,v1.17+,14
d814cb1e-fb02-46d8-84c2-1d08cb6c6c08,17826559,v1.16,9
2eeb3b17-6d2a-4606-ab8a-e5a9d3849413,17825792,v1.16,8
e79d696c-1524-4186-be5d-d2e4f12f21df,17694720,v1.14-1.15,6
40128909-54b1-41c5-8545-3a94561f3f23,18286080,v1.17+,9
f9041f38-51cd-4809-b365-35b3dc91a68a,17630207,v1.12-1.13,6
2b4abe8f-9536-4494-b42a-aa3f84715e03,17564416,v1.12-1.13,6
bc4fbd48-3ff5-4132-a624-ab9d966a887b,17760511,v1.14-1.15,12
c68bd3b5-cb7e-485d-9d26-7c2e16d484c9,17694975,v1.14-1.15,3
7d4ab026-2e9a-43f1-845f-05e642ffe387,17695743,v1.14-1.15,7
93841e38-8351-48d0-94f9-748c6edd9855,17694720,v1.14-1.15,9
96aa83eb-f56d-4853-9294-0e87fdd7fb73,17498304,v1.12-1.13,14
36976783-3e25-45ce-aba8-317ac4a1806f,17629952,v1.12-1.13,7
54577a62-464c-4d75-8762-c9e344c12649,17760256,v1.14-1.15,8
a7fc7d0e-6fd6-4f53-9f20-03fc536d1b3b,17564416,v1.12-1.13,6
925aa4bc-1523-4384-a71d-0c903e5ec6c5,17826047,v1.16,13
54115867-8062-49e1-bd3f-dff35169c927,17760256,v1.14-1.15,18
60b51de8-37fc-45fc-b77b-ad10603fd2b7,17694720,v1.14-1.15,11
ed1189de-a40d-4fcc-aeee-553416bf1171,17761280,v1.14-1.15,11
eaf476d7-9d33-417c-a4de-fd381fc4140b,255,other,14
424f30e6-52dc-46e3-9e8c-e2b337b175f1,17956928,v1.17+,13
c227211d-ede7-475a-a774-3833870af97b,17695744,v1.14-1.15,7
46a6c23c-69eb-435c-960f-622c72545b30,17629952,v1.12-1.13,5
ae11a05f-e573-4b08-a51b-39745135b7c2,17761535,v1.14-1.15,14
d3843174-4d8b-49fb-900d-e171259b6ce4,17695743,v1.14-1.15,7
7f415da7-1b9e-4a40-a1cb-80c61222b69b,17629952,v1.12-1.13,4
57a6a106-341f-43c6-a33f-e456d9b134d2,17564416,v1.12-1.13,6
844c137e-35ff-45dc-ada0-5a25be1584a9,17695488,v1.14-1.15,6
637ff79d-55fd-41a0-a81d-eda466518dec,17760256,v1.14-1.15,4
09f53c9f-b72a-4af6-b03b-c8cf841378e3,17630207,v1.12-1.13,6
6184d635-c9f3-4d4a-8f2f-3749a35178d1,17760512,v1.14-1.15,14
93d1e2d2-19e6-49f5-9ac8-ffcbfd8b7579,17760256,v1.14-1.15,17
9e5a3eff-eb37-4f14-ad54-f39d2193af5c,17630207,v1.12-1.13,4
933ccf58-b3fb-40a3-8a9b-7ad1651fdb3d,17761792,v1.14-1.15,14
99e79ed6-298b-44e2-adc1-95ed922344ef,17694720,v1.14-1.15,2
6cafe028-1c25-49bd-89b5-04498f23ad41,17629951,v1.12-1.13,5
7cc6a6fe-780f-4812-87c5-c85fb5a50670,17825984,v1.16,13
706b60fb-e599-4120-bf4c-caa21a698e10,17695999,v1.14-1.15,2
be672383-2fbd-4a49-ad79-a5effbc75bb9,17891392,v1.17+,21
233be913-5a47-46fd-b8ba-c90b5e2d2e49,17891392,v1.17+,14
6af08195-98c0-4808-8888-2370c532873a,17761535,v1.14-1.15,17
04c329b4-3412-451e-94c2-70194bee51ff,17891583,v1.17+,14
14e487a5-6303-4fe1-a08e-6d5a0fc4e723,17695488,v1.14-1.15,5
96c58077-827f-4bca-adc2-6966e5970068,16788224,v1.12-1.13,13
3b3bdd0f-295b-4798-bf27-0f62e9525f3b,17630207,v1.12-1.13,6
2aadd318-ff2b-44b6-bd23-3bd27f875e0a,17761535,v1.14-1.15,14
e06fe64b-de12-4a78-baba-9b0f391553d4,16777280,v1.12-1.13,21
24ea2be8-e986-49d1-91cc-5269a99012da,17695743,v1.14-1.15,7
d5830c60-9265-444f-91bc-c7d8ee96d38f,17564671,v1.12-1.13,6
68aef073-ea26-4f68-8b2b-07d7bc1cad99,17564671,v1.12-1.13,3
eb8b24af-0197-4dd1-9f05-f59740ea1255,17891392,v1.17+,14
dae01ed7-4287-480d-bc58-95f0513e20be,17564416,v1.12-1.13,5
3617a21b-0699-4c16-9ac4-e5e3e9a53086,17695743,v1.14-1.15,9
35c8a1a9-8a99-40af-adb5-2733d521478f,17825856,v1.16,14
3ab8b911-bb32-4dd3-b4a4-1c480cfbb5fc,17761535,v1.14-1.15,11
76102960-4ebd-406d-8b32-8f1f351fdfed,17564416,v1.12-1.13,6
7ea36a4b-232b-46f0-b13d-9d4880d881de,17564416,v1.12-1.13,6
65f62f61-f14f-40c1-b7bd-b8e2b6633e9b,17826303,v1.16,14
a7244953-3ded-4477-bb40-9023cb894e18,17760384,v1.14-1.15,15
155cf391-a2a0-45cb-993c-59a591fe0106,34420736,other,7
a850fd31-d046-486a-aab1-20822a54cb52,17761280,v1.14-1.15,12
7f12d1f8-6edf-43b6-bc49-3ebbc1c9f5bf,17761535,v1.14-1.15,11
769b4b55-474d-4a77-aba9-a9c3a92c5751,17760511,v1.14-1.15,14
5e537e76-b503-4647-b8a7-6b8c055f4122,17499135,v1.12-1.13,11
e32b12a3-a56e-4ff7-ade3-d418bf6f50d6,17629952,v1.12-1.13,6
b9285689-2dfc-4aac-bd1e-311be75710d2,17630207,v1.12-1.13,6
1ee2533e-b698-49f5-8508-429deb10c944,17564416,v1.12-1.13,3
c4b86fe6-6bf7-42a5-a59b-ecb5241bec41,17695488,v1.14-1.15,3
4889c148-6a5f-4549-854e-9babeb60ab4c,17761023,v1.14-1.15,11
5c581409-4afc-42d4-8877-05f7ef959fb4,17694720,v1.14-1.15,8
4366d759-4330-4222-a405-cd2922ed6a41,17760256,v1.14-1.15,17
0f067e35-bea0-4aaf-abe7-75f1fd6026c2,17564416,v1.12-1.13,6
1340ff5b-b2b6-46f9-853a-4861abc67c94,17761280,v1.14-1.15,14
13a7e014-e63a-4f0e-a292-1b6f9ae47a91,17760256,v1.14-1.15,14
28d2f4b1-d674-48af-9af4-6646f24ca332,17564416,v1.12-1.13,9
4e0a306f-71e0-4dac-a693-f5d5cdf4db4e,17695743,v1.14-1.15,5
bfd019b1-30d3-469b-950d-8777c73227e1,17826047,v1.16,14
34d5fd72-cb64-4cf2-b591-daa81f64f71f,17761535,v1.14-1.15,8
290762f8-631b-497b-bdd9-dd53b30e8773,17761535,v1.14-1.15,11
8b11cf01-488a-449f-932e-d91ae996c489,17695488,v1.14-1.15,5
ccf988bc-7800-44b2-966a-0c26bb773002,17761280,v1.14-1.15,11
4ebef28e-97eb-4340-a1c2-1920b0ffab93,17694848,v1.14-1.15,12
587c1fc9-0120-4d59-b492-74801aa9e4fb,17499135,v1.12-1.13,10
9e5dbea6-1117-4db5-89fd-a4a67478b81a,17761280,v1.14-1.15,16
82d8628c-10d7-47aa-abc2-d04dc119f7a7,17630207,v1.12-1.13,6
2d373152-481f-4c89-b536-251c401ba264,17695743,v1.14-1.15,7
809c4b2f-1fd9-4070-a6eb-3def8596a6bb,17695488,v1.14-1.15,4
f95295be-4488-4695-ab77-f7cdbcdd0dc3,17761535,v1.14-1.15,8
4aca839f-09f6-4ad2-bd61-658dbef420c2,17564928,v1.12-1.13,7
07206629-9995-4589-9f55-75917d000fac,17761535,v1.14-1.15,14
9600f0ee-16e0-43ad-9f7d-6c7bfce7e4c8,17498240,v1.12-1.13,10
9713ad7c-bd5a-4861-a5dc-63c90c724aea,17761535,v1.14-1.15,11
978e54be-87fa-4d13-99e7-d8e6c25ce1e7,17761280,v1.14-1.15,11
3fc42b58-957b-4c93-94e6-d80bed229428,17826047,v1.16,14
3eba2054-41aa-446d-8fa8-884118774fbc,17695488,v1.14-1.15,7
88f5938b-eed1-4d68-aa3a-545fe96d630c,17569024,v1.12-1.13,8
4ca6bef2-bfc3-4e1a-ba36-84cfb71831b5,17761280,v1.14-1.15,14
e3a3a5a0-74f3-4bfe-bdde-ac7a7c13b546,18350336,v1.17+,10
8d937506-2f77-4165-b748-81280c7d1787,17761023,v1.14-1.15,16
dc989fd8-dd60-4efa-9fcd-f7d04d1ab15c,17761023,v1.14-1.15,14
e24f20a0-d0e7-4e13-9d7f-fccea4838504,17826240,v1.16,14
bdcb17a4-e8c2-4870-accc-c3c4d3f62086,17629184,v1.12-1.13,3
ccab3a6e-bf6b-4fe6-b596-b0c52363471d,17761535,v1.14-1.15,11
f4ad778f-22c9-43f4-8a85-25362128344f,17826047,v1.16,17
fcf29cef-9a3a-4217-bd1c-f7da70f6bf77,17826048,v1.16,14
06b197dc-2540-4b67-b4a0-c1fb26bc0ab2,17694720,v1.14-1.15,5
51b0e252-4633-473a-866f-67bff4daea25,17695488,v1.14-1.15,7
ae800d4a-0dd3-4602-ab04-7c79974a441e,17564416,v1.12-1.13,6
0348a2a5-6159-4484-aafb-c04e9d99f8e9,17761023,v1.14-1.15,14
45a2a74d-26c7-4954-a08e-855a61f1ba10,17760256,v1.14-1.15,14
eb3302d1-5328-447c-8ede-489c1963e5a5,17694720,v1.14-1.15,2
66718abf-dc46-4c1c-848e-44b47d0874e8,16779776,v1.12-1.13,12
08a2c5d6-5348-43cb-8238-87f71a9f934f,17761023,v1.14-1.15,13
86171dd6-81c7-4bf6-be5c-5a545af4a3ec,17825984,v1.16,8
e7416dd9-2cb7-41ba-bfbb-094e944dd0df,17629696,v1.12-1.13,6
cbcb22ee-cf90-4cc9-aa2e-e3a1107b2f64,17571712,v1.12-1.13,7
f3710949-181c-4cd1-8aeb-2948ec1fa8ee,17695743,v1.14-1.15,7
29fa9733-5ce7-4ba1-9634-2ef50c7e6d00,17563648,v1.12-1.13,8
d19c2d33-593c-4c43-aabe-68d7a82325ae,17498880,v1.12-1.13,11
fa0d03c4-6362-41cb-98dc-d22bd7b400d8,17498880,v1.12-1.13,12
d365b256-231d-4aae-877a-d718c493d56d,17760384,v1.14-1.15,14
562c99fa-a19f-4505-8e8b-5f8d7c245ed5,17761280,v1.14-1.15,15
5dffb5f3-a52c-4a8b-81e9-620987a46b6d,17498880,v1.12-1.13,13
ecab1d1a-9ec0-40ae-a82b-90a67c720bc6,17760256,v1.14-1.15,16
3439b377-5de1-4a8a-87e9-ba4e7f180a55,17695999,v1.14-1.15,2
0becc7a3-2512-4967-9495-172f13e0cd41,17695488,v1.14-1.15,8
5ea6cee2-38f2-4648-be3d-ea1b7b8ceb1b,17826240,v1.16,4
711694ab-eb9b-4fa7-868d-b843add0c7aa,17695488,v1.14-1.15,5
68b2ec64-7612-47a4-ba91-b2fc3c030f6a,17564416,v1.12-1.13,8
b59d1f13-ed7c-4f84-b59e-abe93abedab5,17629951,v1.12-1.13,7
b2628b49-da7b-4057-8511-03b8903d0e28,17694720,v1.14-1.15,10
efd87797-d267-4120-812d-fe4117193f9e,17694976,v1.14-1.15,9
72639bed-84d8-40f2-a7d9-a994dbe8ec56,17760512,v1.14-1.15,13
8edb9fb6-112b-4ca0-8e30-f7941518bea3,17498367,v1.12-1.13,8
b47df0a2-6f5a-47bc-916a-e4ec2484687b,17826047,v1.16,14
065dd06c-5731-4c61-bde0-1c31a172f61a,17629312,v1.12-1.13,7
79d957b2-fb36-4ccb-824f-04f1507018f4,17695743,v1.14-1.15,7
3ecd521d-3344-4cfc-9532-3fdf963882a2,17826047,v1.16,14
0343ad7c-908a-45cb-b7ce-ac06deadd6a9,16788224,v1.12-1.13,10
3ecc5077-0df3-47d9-a9cd-ead856118f0d,17629952,v1.12-1.13,3
7983c4c7-af7a-4868-ad45-2886ab912a0c,17760384,v1.14-1.15,18
cf6fbc47-ffb3-4522-9bf3-2ef19c7615dd,17564671,v1.12-1.13,3
3fa70784-fe9c-4fb2-b124-aeb00567ba9b,17629952,v1.12-1.13,6
63d2324b-2c8a-4ab9-a0a3-944282f7a495,17761280,v1.14-1.15,15
6056d2e0-5362-409b-8f1a-f81c11994e36,17760256,v1.14-1.15,8
271af211-16ab-4af7-8ff9-715a7416f6db,17826559,v1.16,14
286b3bb2-110c-4680-8daa-d4b52dac1f9a,17761535,v1.14-1.15,14
c6531a4c-0af8-4d67-97ea-59d59684353a,17826047,v1.16,13
788ff789-2eae-42f6-83bb-5690aab589c3,17891583,v1.17+,14
5071c662-6247-4ba4-addf-2f71bbeae65f,17629184,v1.12-1.13,7
c5c7e6c3-b3e5-4418-b56d-80ffe12e6654,100729344,other,11
4aa33213-ae64-4d9d-86a2-a1d0cac90e91,17825984,v1.16,8
744ee462-ae1c-4694-8ac7-e274f72bc9e5,17891328,v1.17+,17
5037b42a-39fb-49ba-9ba2-e0aa196793f6,17629951,v1.12-1.13,5
139ff126-8baf-482a-9439-58ef0d9b2227,17498240,v1.12-1.13,9
c2a6f221-0b4a-4dd1-b183-0a5e69708fbc,17760256,v1.14-1.15,4
513e299c-6b6b-4666-a54c-89f10b5a9533,17629184,v1.12-1.13,4
004637ab-9001-42d0-9a4d-c130786d13ea,17695743,v1.14-1.15,3
f57a0292-e8ff-44d6-b5d8-c7ceab32811a,17891583,v1.17+,19
e02448b7-5461-4290-bfe9-88c8b54653d7,17826559,v1.16,14
4ec00181-55e2-49f0-8242-f2274e01d757,17629952,v1.12-1.13,3
5a0359c7-9ba5-4675-90d1-7a49ca4990f4,17761535,v1.14-1.15,13
6b63b3c7-40c2-463d-ba17-41cf465b43b7,17695488,v1.14-1.15,6
1765d591-7c25-4810-a91a-c5ce30a765fe,17826240,v1.16,14
9944a9c8-57b6-456e-b4d6-2265cde983cb,17891392,v1.17+,14
59de0268-5d1c-435d-a77f-b80671712d80,17694976,v1.14-1.15,7
7ef87f3b-b24b-45fa-8f12-e50fba62625d,17761535,v1.14-1.15,10
d283d005-e309-4705-b58a-5cf07d86408c,17760384,v1.14-1.15,14
e7b1ac3d-a069-48cf-8991-6f7398d57fd1,17760511,v1.14-1.15,14
31b42ded-3a00-480e-a029-8c8691f76075,17564416,v1.12-1.13,5
286ee1eb-73c6-46f7-8595-1b85226a7acd,17826047,v1.16,14
9259f4e3-dfac-4ce6-996e-7ab07ec7dc97,17760384,v1.14-1.15,18
ed6c6b1c-889e-407a-800c-2388fb05dd73,17761535,v1.14-1.15,14
5aca05e2-12a0-4bd8-9baf-aaf5ae9c94bf,17761535,v1.14-1.15,15
59498742-53a0-414f-bf07-6d1e28f7f5dd,17629696,v1.12-1.13,6
4b7290d9-3a28-4122-a56a-ffb979432ecb,17761280,v1.14-1.15,8
34d196ed-cc22-4e5d-b866-9379484c05a0,17825984,v1.16,10
46cc5960-b612-4df4-90c6-8993b423070a,17564416,v1.12-1.13,6
0b07d3b5-2ad3-4b1c-90e6-b9e21b9425eb,17760511,v1.14-1.15,10
24ec9ba1-0f4b-4894-8984-6c381ccb89d4,17761280,v1.14-1.15,5
322fc1ee-06fa-4a74-93df-b85dd1741b2e,17761280,v1.14-1.15,14
bd6e603e-41bd-48a1-96ca-cd2fbe35358b,17760384,v1.14-1.15,15
ab26648e-490b-46a7-91de-5b12f726e014,17694720,v1.14-1.15,7
022a81ba-fb95-41c7-a955-9c2c25a541d4,17629696,v1.12-1.13,6
8c80273c-53b9-4feb-82ef-a1a742845af5,17629951,v1.12-1.13,3
1b150e54-11c8-47dc-b932-e8870bc70b9d,17630207,v1.12-1.13,3
35fb01df-787f-46a7-848c-30a17552d773,17826240,v1.16,8
c8fb7e03-12f3-4c85-ada8-e740dd07f02d,17629952,v1.12-1.13,4
46e42740-b6ed-429f-b35f-f1f3927cd800,17826559,v1.16,14
62107548-2182-4772-bba9-a42232da1255,17629951,v1.12-1.13,3
8790110f-0bc5-48ba-bb48-fecd6c64b2a2,17761535,v1.14-1.15,13
7bcceab8-7bb2-44e4-b51b-15ec93df2694,17695488,v1.14-1.15,5
feb7402e-9458-46ff-b993-d66ea9a8260a,17761280,v1.14-1.15,17
5bacdd09-968e-4786-bbae-03d089e0aa1a,100729344,other,11
a7c41278-5439-48b2-99cc-5383fb9de77a,17760384,v1.14-1.15,13
839fcc0a-a763-40d3-a70e-f0693621f2d1,17564671,v1.12-1.13,6
51e93536-2c34-464b-9296-49a54a411785,17760256,v1.14-1.15,18
f89857b1-02a2-4fac-b78e-08d5b5904c9b,17571712,v1.12-1.13,5
09eb3e8c-9709-4b02-b062-f28f7a057dd4,17761280,v1.14-1.15,15
9e361731-1027-474c-8f0b-3debd317fd91,17826047,v1.16,14
599a1a28-0790-42c6-bb7b-3bec4f6d8eec,17695488,v1.14-1.15,6
e8c9427e-c3d0-49ac-b8eb-c69761e1030f,17629952,v1.12-1.13,11
208bd0d5-dbfb-4377-a4a2-f0cba5c700bd,17564416,v1.12-1.13,5
6b2bb5a4-bcb4-4b76-a4ea-4d8e67ca8802,17826047,v1.16,14
4da9d67d-668e-486d-94ff-be61027176bb,17629184,v1.12-1.13,10
23f7ac88-9c5c-4dcf-b2dc-0c05f55f834f,16843072,v1.12-1.13,7
c8e94d8d-7e4c-42a1-9471-ad302c2a0b8a,17826240,v1.16,17
d41d5652-92ea-495e-8313-188139ea37c6,17760768,v1.14-1.15,14
3de321b3-df65-4bff-ae4f-38bee535dfcd,17825792,v1.16,14
a3148775-5fe6-439f-b52f-e7ce9ae7a18d,17826559,v1.16,11
bfded876-963a-4461-a28b-cdeff032cd6b,17695743,v1.14-1.15,6
e9b5de7e-2418-4858-a929-b1874b50d2de,16845120,v1.12-1.13,21
4e7166c3-01b6-4d40-a445-0d2b6c295a5e,17629952,v1.12-1.13,6
b12e452b-8df9-42bd-a989-6ec92e9e6c05,17694720,v1.14-1.15,6
8d446550-e3d7-4b03-98df-a1faf39dc6ab,17825856,v1.16,14
07463627-14d2-4e2c-ac1f-d8fb3ca2af8f,17761280,v1.14-1.15,17
cf6c4738-4a4c-477a-a729-691b43da4426,17629952,v1.12-1.13,4
54b578bd-997f-4ef4-bb96-b07b2555270b,17695488,v1.14-1.15,5
942991f2-55b9-4e3a-9817-253447394661,17760256,v1.14-1.15,15
fdb3de1e-a05b-46a6-b6e7-188b757f4da1,17564416,v1.12-1.13,6
87641f51-709f-41f7-9e45-3747a2b73cfa,17826240,v1.16,4
944d5895-6ca7-4f8c-8bd2-eb9e9755c4c0,16908416,v1.12-1.13,5
5b3833fa-2017-4ac2-b451-b23b12155147,17695743,v1.14-1.15,7
8a555d07-53d4-43ad-8ff0-4f9ba93a1ca2,17629951,v1.12-1.13,3
c6066869-aae5-44db-b93c-3b2af9d10231,17760256,v1.14-1.15,18
9a8bd7c3-80fd-4ab3-a270-4fba4c3c70a3,17695743,v1.14-1.15,7
80b118f8-4121-4053-824d-9026f9cc73ee,17629184,v1.12-1.13,6
0633968a-7491-47cb-ac76-8579a8acf6d7,17564416,v1.12-1.13,6
ca7cf2de-be5c-4aed-9c04-b4ee6341a8ea,17761280,v1.14-1.15,4
590ca4bc-fcc0-4948-b480-e4e25a154271,17760511,v1.14-1.15,8
14304d52-878c-4a4c-881d-2dc43240927e,17629951,v1.12-1.13,6
1626a94a-b6cd-4739-9137-e6ed51cc8119,17695743,v1.14-1.15,7
1fade31d-9cc7-4c7f-aa36-be3fc6c6f7d9,17629952,v1.12-1.13,6
1c9c2056-638d-4197-b842-16fe2dbe62bf,17695744,v1.14-1.15,2
d239fc82-8752-496b-bcc2-5cc4a1ca621d,17695488,v1.14-1.15,11
b83eb7bb-7c54-4fbd-be95-621039946bba,17498880,v1.12-1.13,9
cbb55dc7-0353-40dd-96b9-bf44b46259e3,17761535,v1.14-1.15,14
0276a7a6-146a-46d0-89f2-1461755f45d1,17760384,v1.14-1.15,14
03b9930b-65cd-45f4-ae93-a48f2599e271,17761023,v1.14-1.15,11
ad2acb30-a263-495d-a675-d55d029a82a7,17891583,v1.17+,13
64c38a6b-0d26-44d3-912d-88e529b79f2d,17761280,v1.14-1.15,17
c4972f95-d8b3-4d2a-8d6a-12d2aa591d10,17629952,v1.12-1.13,6
6cc6868e-6fb8-447d-9d57-193324a1a65d,17760767,v1.14-1.15,14
fff01cb8-e009-444d-8a86-050c80292355,17826047,v1.16,14
ee3662a6-e0ee-4cb5-a20a-4329575b0ed6,17653248,v1.12-1.13,7
a6eb04c3-436c-427e-9524-077ad6b7d762,17760256,v1.14-1.15,18
82c11383-6b6b-4ccd-9ec0-151eb4a13195,17826047,v1.16,13
574a2b87-e327-4172-8956-3572424b457b,17564416,v1.12-1.13,5
a81c10c6-4b9c-455c-8b5f-735ada6c4d1a,17629184,v1.12-1.13,3
1e319122-be57-43af-b2e5-6463cd62d6f4,17694848,v1.14-1.15,7
6a64ef96-d8a2-49c0-90c3-584b0167e0b4,17760384,v1.14-1.15,14
37aaa994-4b2f-46fd-a138-516278d5df9e,17629951,v1.12-1.13,5
f15b0985-5e40-47bd-ba12-2ca758a08e91,17629440,v1.12-1.13,3
1a685d82-4812-41b3-959b-96ea6a6f3bdb,17499135,v1.12-1.13,10
ab0cd5e0-f9d2-469b-b4bd-ad04f6752d5f,17695743,v1.14-1.15,3
4f76dee8-e9e6-4851-ab61-3783582d8db0,17761535,v1.14-1.15,16
060746f5-6e18-49e0-b4c4-fcbac982ada7,17760256,v1.14-1.15,14
bb62d716-8b93-4b5a-9996-464321d7bb1f,17826240,v1.16,4
7018b66c-d1ac-45aa-b67c-6cb0613be47b,17761535,v1.14-1.15,15
d7d90598-62a2-4590-a3ed-df4bd9adaafb,17891583,v1.17+,14
4cb8afdc-2a2a-417c-ae34-ed13cf372272,17761023,v1.14-1.15,11
5adc72da-a823-460a-bf0a-5d051383ba51,17891583,v1.17+,9
38992d36-fcac-430f-b395-bd3e592625e9,17630207,v1.12-1.13,4
cad94f74-6d0a-4b27-be38-d7bcc861002c,17760256,v1.14-1.15,9
2429efe0-6ae5-4b9e-8449-935de97f4b96,17695999,v1.14-1.15,6
3ea5088a-06e7-4bef-9f51-ffbf8f2655a6,17564416,v1.12-1.13,5
a5ffe0e6-aa44-46d2-bdc9-68521ba6c22f,17826047,v1.16,13
534d91bd-f1e9-40ba-9d60-35af9aa94b47,17630207,v1.12-1.13,6
a6d54cde-f8e2-4b51-9669-3bd036a0aab4,17629952,v1.12-1.13,3
f44d0ea0-0580-417a-9f79-e08901dd5de7,17761023,v1.14-1.15,14
0c5904da-fb49-4d20-a706-21fbb09864aa,17760384,v1.14-1.15,16
4fedb0c7-ba59-4328-8644-edec80bff1b9,17760768,v1.14-1.15,14
ee6144d4-b28f-4b7a-a32b-8a1224cf2907,17564416,v1.12-1.13,8
b2baa85f-50f3-4258-b8bb-02c91a8fecd8,17891392,v1.17+,14
30296371-3c95-47b0-830c-0cdd1e1e9dda,17826240,v1.16,14
a58ae412-99ed-4983-84f6-004d8a921c36,17694975,v1.14-1.15,7
87c64742-5f3d-44ba-acea-2884c112de56,17564416,v1.12-1.13,6
dd3df913-35af-4ccb-a528-8d52c5dc5901,17761280,v1.14-1.15,14
7f9e1a9d-6f80-43ac-a204-247bccdf7772,17695232,v1.14-1.15,5
57e69bdc-68f6-4131-83c3-deb4e93ad0a4,85155072,other,9
c95c6028-7aff-4a73-ac71-18dae2ac0372,17569792,v1.12-1.13,9
c5dd3183-751a-4448-ae2d-bf58cbdc01e7,17629952,v1.12-1.13,3
70f3c97f-7314-4c85-96ef-ea99ee3d2817,16843136,v1.12-1.13,4
ffba54fe-6680-41b7-9a56-443387e17ef0,17564416,v1.12-1.13,5
04f10ce9-1629-47a9-8c5e-caa27f8b27fc,17630207,v1.12-1.13,9
feda1984-155a-47ea-9aa5-d8858b12b17a,17760384,v1.14-1.15,14
0f010b94-98a7-44fa-a11b-737e8d03709b,17761280,v1.14-1.15,10
1aab3da2-ff68-479b-b82f-301487bb1e44,17695743,v1.14-1.15,11
9930ce11-4a75-4f7c-b1a5-271ea7a001f0,17629439,v1.12-1.13,3
4b707812-a304-406f-8b02-89eba9f0d9a6,17826047,v1.16,14
53226555-a9e9-4cf4-b24c-d1957f8a336b,17760511,v1.14-1.15,4
94a61108-9610-483b-9b1b-b52b8d1d4f42,17891392,v1.17+,14
f435d59b-0156-4d9f-b6b3-ebdc2bc78fb6,17695232,v1.14-1.15,2
501674d1-3a81-4300-a70c-2d05e82e4feb,17761535,v1.14-1.15,11
4d5fdbc3-ed48-44af-99ab-c75f21b181b7,17826240,v1.16,17
84fa8c7c-0358-477e-a22b-8720fad0b60d,17630207,v1.12-1.13,3
7ef443d9-3201-46cd-b0f5-26d927d95348,17760512,v1.14-1.15,7
da0c5c21-189e-4053-be64-95f1377a1039,17760768,v1.14-1.15,4
3bb73989-f9ae-455c-b76e-8242093fe196,17564416,v1.12-1.13,6
00fc8ef4-4eeb-45e9-a63b-9b27ca7075d7,17564416,v1.12-1.13,6
6e64dd55-57ee-424c-a2ee-7aef1f373786,17825856,v1.16,14
e82cf3a7-3559-433c-9013-915ec6e55b33,17760511,v1.14-1.15,13
61051bcd-0d62-4a33-87b2-b074cc6359c4,17891392,v1.17+,14
3cfabfcd-2338-4686-9abf-8ddcbe026e05,17694975,v1.14-1.15,7
c88789c6-b69a-4b3c-af88-2acfe8cf326d,17891328,v1.17+,8
02850909-e34d-40d0-a4b1-71038f6bfda1,16777344,v1.12-1.13,12
2f292556-1632-40b9-a330-f4b67be17e53,17695743,v1.14-1.15,7
7344157c-b43e-4404-8c5f-fd285fbe0128,17694720,v1.14-1.15,11
0a817c2b-56f6-4be0-b740-5338a5542ece,17761023,v1.14-1.15,11
e39a07d4-0c72-45e5-a806-e5533fcd6250,17760768,v1.14-1.15,15
6a716374-c412-4c9c-9079-83b970a2671f,17761280,v1.14-1.15,14
dc43cbc0-a181-4ad9-9004-4d4b6d132a55,17694976,v1.14-1.15,5
0d66d2d9-2cd6-48e1-b1d6-5a54773a7cb3,17694848,v1.14-1.15,9
3fdb73f7-f37f-4587-8472-ae755c2c9eb9,17694975,v1.14-1.15,2
ee73920b-1448-471a-9864-65b2e074babf,17761535,v1.14-1.15,17
78ebcb7d-3f7e-4568-abef-d54546c13741,17694975,v1.14-1.15,7
043ce5cd-1aed-47c3-9426-3c176e6fcd9c,17629696,v1.12-1.13,5
8799e9c1-fa3f-4e0e-b99f-4c5705a4199a,17694975,v1.14-1.15,6
44add118-bacd-4de5-8c7d-fa7177157df8,17760256,v1.14-1.15,18
d83dc067-5757-45a4-b1db-5b3e331055a3,17761535,v1.14-1.15,21
c7343fcf-d867-4420-9864-74b23b1c36db,17760320,v1.14-1.15,11
e436132f-f2e8-4996-827e-64f849083e0b,17629184,v1.12-1.13,6
8d65a4ae-35e5-40bc-8960-92eb7fa6e844,17760768,v1.14-1.15,10
8d001ab9-5d47-4a21-8953-b37df597e80a,17694720,v1.14-1.15,3
3bd49e42-7d8a-4beb-94ac-dd5723870654,17695488,v1.14-1.15,3
d6b76ec2-cf3f-479c-9401-b4a98f0d65bd,17695488,v1.14-1.15,2
6650db1f-9723-40cc-8c56-225e13865422,17695743,v1.14-1.15,6
ccd7c652-7c62-413f-ae8f-44d326fcada6,17760256,v1.14-1.15,18
ab82589b-8181-4e72-8c65-af8848c1e151,17760384,v1.14-1.15,17
2d2755bc-0cfa-4d94-9b7a-392e9041f97b,17498880,v1.12-1.13,13
09adca7b-e2f6-4cc6-9349-245bcd0a150d,17760511,v1.14-1.15,17
515d8241-d666-4f8b-8727-8fb22c0558c7,17760256,v1.14-1.15,18
44939fd0-f901-4c73-b830-638a4158ef4e,17564416,v1.12-1.13,6
88e8bd0c-0731-437e-acfb-a19f28d83b96,17630207,v1.12-1.13,5
9024fa2c-8315-4eb3-a985-04c1a61af20c,17760256,v1.14-1.15,10
af6061c4-2302-4f4f-9619-8f17288d62a3,17760768,v1.14-1.15,8
2ce43b89-02ae-40a9-bd23-754be4abc5ce,17695744,v1.14-1.15,7
d9519964-3824-48c6-8bab-b9dc539c099b,17564416,v1.12-1.13,5
93122388-3751-4d57-a6f0-2428299513bc,17695744,v1.14-1.15,5
47b9438d-800e-402c-9e1b-956e1dc4c7ad,17760256,v1.14-1.15,14
eaee7dbe-55b5-4951-ae32-9b7d7554b8aa,17761280,v1.14-1.15,8
12a81a24-fc79-4dc0-9ed1-29bd1c4f9f94,17694720,v1.14-1.15,4
142e409a-8ee7-4d15-9d36-0b9aef649929,17760256,v1.14-1.15,18
1c34982f-beab-4837-bc43-1fcdf6b886ca,17825856,v1.16,14
27557444-472f-4e94-9ac5-ac42cb1f1f43,17629696,v1.12-1.13,6
fa76bb36-1a54-4e4d-b474-7aeb5dc1dd4a,17498112,v1.12-1.13,11
7c276e1c-b263-43a2-a206-5a2ad762e798,17760256,v1.14-1.15,4
dd5faa95-081a-45d7-a9b0-1487a915b3ba,17760256,v1.14-1.15,14
0a11fb1f-b09f-463c-8a20-e53029c75f46,17564416,v1.12-1.13,3
96bdf9a2-8249-4951-8e9e-c07beb7e5d6a,17760384,v1.14-1.15,17
fd5e7bb1-e164-4d97-8d06-ad01f089047c,17761023,v1.14-1.15,14
c6a5f83a-b2b4-4545-a7ec-da26a654f9e7,17760384,v1.14-1.15,13
b997e16d-0230-44b1-9a09-bc922c2fd269,17760767,v1.14-1.15,14
2ee2707e-9b67-4a20-a712-c78ecb33c4bc,17825984,v1.16,14
e78fd910-0656-4037-816a-2b67eaaabe8f,17694975,v1.14-1.15,6
467b4567-0bfe-47a5-81ab-ff03290b266b,17629184,v1.12-1.13,10
412217ba-d5cb-4e3c-8534-2d562d79c2f0,17694975,v1.14-1.15,7
ac4c7431-639f-45bc-a0c9-4ce90621134c,17826559,v1.16,14
0284af15-5a96-449e-beba-a8a4de7e3c5d,17498112,v1.12-1.13,8
47423859-67ae-432e-b9f7-1adb5ae7042e,17499135,v1.12-1.13,10
76fadfaa-6a63-41d1-b9a7-98504843fb1e,16842880,v1.12-1.13,7
16b0f364-ab95-476d-a219-cedac156cb2a,17564671,v1.12-1.13,6
c2243166-c490-4d50-866a-40b607b30bac,17694720,v1.14-1.15,6
807113ca-7e3f-4d82-b993-47428f1552a6,17629952,v1.12-1.13,3
03546375-06a8-47ce-8eab-722eba35ad5a,17499135,v1.12-1.13,10
1fc331c5-922e-42de-bea8-16bc54fa2325,17629952,v1.12-1.13,6
941c30d3-506c-4ba8-9c11-70f39b43e3e5,17826047,v1.16,14
f886aa04-8b60-481d-8a5c-b662c94dc32d,17694975,v1.14-1.15,7
0c671e09-68fc-48a5-88ea-388664309fa7,17695488,v1.14-1.15,7
3f0636c4-e503-4f8c-b9ff-dd1976717624,17499135,v1.12-1.13,10
ec24abe6-9d73-4e2e-9110-e14704ba1656,17564416,v1.12-1.13,6
7a3e289b-24d5-498f-a4c3-983e0c94559c,17891583,v1.17+,14
40ee6561-df15-4833-8cf5-7b8f782d9be9,67441920,other,6
72aa3008-fe4b-43ed-869e-f2aec481b1a1,17761535,v1.14-1.15,11
8c7b8476-6437-47b9-8ee4-60d4e5b19e72,17761023,v1.14-1.15,6
f4e10923-7a50-400b-b86b-2f300027ab7a,17695488,v1.14-1.15,2
ccaf492e-e3a0-45c3-bd16-486649924770,17629951,v1.12-1.13,5
df844cc2-e264-4ad8-85f9-73fcf40f0193,17760256,v1.14-1.15,14
87eb51dd-574a-40ae-a214-c25260d4c8ff,17694720,v1.14-1.15,6
afd14ba8-4421-45b0-b31b-1d068a53ecd3,17825856,v1.16,11
be33badc-44ef-4b26-ade3-f89873d41c5b,17629952,v1.12-1.13,6
faf325d4-b54d-4a96-8907-6afaa8e3e10e,17761280,v1.14-1.15,14
9dc6ba1a-da95-422f-a152-1b5117b6bc26,17825920,v1.16,14
4a87843b-a334-491a-8e73-2f32f9839bbd,17695744,v1.14-1.15,10
c0f8a4a9-335c-40ba-aa71-cab049d14cd2,17564416,v1.12-1.13,6
4b34ac81-c977-493c-bad9-6619095a8eac,17891392,v1.17+,14
6400e487-aa50-465e-98f2-4cb30de9b193,18350080,v1.17+,5
63498a53-2aa4-450b-9401-1c463cddf5b2,17629696,v1.12-1.13,10
a90c6ac9-fcc4-4fb0-8488-0ee1b61696ef,17629952,v1.12-1.13,6
542cbac6-87bb-45cb-9179-8e4d069c15a9,17761023,v1.14-1.15,11
bb16867e-a498-4830-a564-60918b623666,17564416,v1.12-1.13,9
be6bc868-959f-461f-91d9-bde1511c01b4,17629952,v1.12-1.13,5
04b14e09-71b7-48f8-b5b0-7bc6f0281063,17695999,v1.14-1.15,7
c164055e-00ba-4997-983e-ed762c9be3e3,17761535,v1.14-1.15,17
cff618e4-c33d-45dd-8097-9919b95edffd,67441920,other,6
723c305c-a79c-4947-83d9-7065d367feb2,17629184,v1.12-1.13,10
2eef2500-3712-47c2-8f4a-6e107c6cfbf7,17694975,v1.14-1.15,3
adbde6e5-35c9-4d05-8080-2447ed9ace07,17630207,v1.12-1.13,3
bdffd23a-a4c9-4ad2-a54f-46487ce4ee91,17761535,v1.14-1.15,4
c454f29f-1c66-4e99-9f51-f5bb4ae0c939,17498367,v1.12-1.13,10
37ca9c2e-0a75-4a2d-ba19-7bfc85669e5e,17629184,v1.12-1.13,6
e38e18d2-8057-4836-ba40-d6a29a10017c,17694975,v1.14-1.15,3
ea082a9a-0b31-4f37-b8b5-2ea0f073f3df,17760767,v1.14-1.15,8
64077d72-6344-49dd-af24-5829dd5b1a3e,17694720,v1.14-1.15,8
e4f61eef-6597-4bff-91e4-97940d65b2eb,17695743,v1.14-1.15,10
596f9501-2d95-489e-96e7-eb23d91d1f55,17629184,v1.12-1.13,7
8ac00378-b335-426e-ae56-26bc3ca79e55,17760511,v1.14-1.15,11
c2a1b28f-fbee-4c23-b2e1-dc2e645a12d6,17629440,v1.12-1.13,3
2216fc30-128f-4707-87e1-4a72c93a55fb,17694720,v1.14-1.15,3
ad45d970-31df-4207-b3ca-59b59867d6c7,17760384,v1.14-1.15,16
46cc1e09-e20f-4f9b-b478-0f8bba1b9d40,17891392,v1.17+,13
d4d62706-4843-4481-9a65-f6fcb6c7f204,17629439,v1.12-1.13,5
ab35f100-02a4-469a-8832-6acd6645c2c1,17761280,v1.14-1.15,8
79b57c3e-cca6-4370-8eff-4ea8843131a7,17629951,v1.12-1.13,6
a1d36f4d-d635-4466-8f65-d9a40be48feb,17694720,v1.14-1.15,6
9374bd53-2fa2-4584-8b32-aa836746fa5e,17564416,v1.12-1.13,5
ec9b8fe5-4f50-4749-befe-b6d5d53be33c,255,other,14
a23e196e-2251-4bb2-9641-5eb00ae8cea1,17629248,v1.12-1.13,6
ab999552-6db6-443b-a723-d44b165b7b07,17695488,v1.14-1.15,10
69d90933-aa3a-444d-85d2-fd16c5cd8ae5,17630207,v1.12-1.13,6
3888976b-acd1-4b36-8cc5-e317c9bac156,17498367,v1.12-1.13,11
c2ed51b5-1e89-429d-8d08-220edf683aa4,17695743,v1.14-1.15,5
30449824-3f1c-4302-bb6c-24a9521e23ed,17564928,v1.12-1.13,5
ca2e0fe3-6727-4bee-a027-44d2dcb18f07,17695743,v1.14-1.15,6
ab22e720-6479-4781-8c10-3c8af2c91d2d,17694720,v1.14-1.15,11
166ad009-5a09-49cf-ba1d-fbad63885b23,17760511,v1.14-1.15,11
8bbf974b-b4a3-4246-aaf6-2ce5a3902121,17826240,v1.16,14
ff04e138-5c3a-4aa1-b52c-6d5d50666a41,17826047,v1.16,14
ff94106b-5a94-4fd4-b338-2aa92c8efa28,17564416,v1.12-1.13,6
0cbc021b-5cb7-4e4f-a34f-ef0d2ac941f5,17432832,v1.12-1.13,7
5be078d0-d34c-4713-a26b-c48506eb23d2,17760320,v1.14-1.15,10
970a8a32-b87f-4928-ba99-c898302e13e6,17694720,v1.14-1.15,7
b9c1f7d5-a1f9-4590-b1bc-9dc0f6a21d1a,17761280,v1.14-1.15,14
2da0ffec-982b-49ca-9842-6999e8f46cb2,17564927,v1.12-1.13,8
e01b0230-0498-4d50-bb51-5a452cf3ce36,17760384,v1.14-1.15,14
a2b2bf93-e39f-47a2-a158-a94c7d8e1a0a,17694720,v1.14-1.15,6
3d6fc0fb-3d45-44da-95e8-5b08746733db,17825856,v1.16,14
fc2bcb1b-480d-40d6-a9dd-afc4158f2f31,17826559,v1.16,19
556f3651-8d7b-432d-96a1-c1a7e9bd333c,17695743,v1.14-1.15,7
a6a15b00-d6fb-48e7-9770-d3299ed7684e,17760256,v1.14-1.15,14
c185a7c5-7f3f-4c6e-a071-71026ab36302,17891583,v1.17+,13
75ccb1da-74a3-49c3-8d6e-c746fcfe4434,17761535,v1.14-1.15,14
a5b868d5-0628-4b81-ba12-44b168cb07dd,17761280,v1.14-1.15,17
a83fe616-4af2-4863-9121-ad4b0172e81c,17761023,v1.14-1.15,17
192b0be4-143f-49d4-bc6a-08158e9810b7,17761535,v1.14-1.15,8
a39ed681-1488-4270-8751-780c7625e106,17695488,v1.14-1.15,6
f5b76dc0-0ecd-455f-8520-207d3337b52d,17891583,v1.17+,14
5d899504-c460-41e0-880c-0f302b45b358,17761280,v1.14-1.15,14
bd0763a1-8abd-455d-944c-13ef6a2d9d84,17825856,v1.16,14
ea590edc-9455-40ca-813d-a7ab8a3ec8f3,18286080,v1.17+,9
8bd51c9e-35fa-42e8-9a8f-df86f58bff6a,17630207,v1.12-1.13,9
b833dafe-9e90-429d-a792-1c4ebc283557,17695744,v1.14-1.15,5
9495d5e2-49bc-4912-a9c8-911104728e82,17826047,v1.16,14
e71784f5-8d9e-40a1-9b7f-a798f3a8cb13,17564928,v1.12-1.13,5
ad91b5f8-508b-4ab4-a631-47919fa4002f,17564416,v1.12-1.13,6
8f087a1a-c51a-4e5d-88ca-4931c8cd4dc4,17564416,v1.12-1.13,3
f27b6d71-fde1-4e14-b633-2138377f9fa1,17761279,v1.14-1.15,14
1ecf9cd2-d90b-4149-b6c0-da1fad28e6ee,17630207,v1.12-1.13,9
6a4881e6-9139-4da2-a333-2af48643a1b3,17761280,v1.14-1.15,14
bbf72525-b5e7-4aa9-bad4-734f24f4fb07,17760768,v1.14-1.15,14
d5c05dde-3527-47d5-887a-ba5643f01135,17695743,v1.14-1.15,2
bea4af9e-a95c-4504-8164-34d89e29e541,17761280,v1.14-1.15,16
83fef2ad-9568-47a5-bf25-3ab4ab1ae953,17629952,v1.12-1.13,5
3ee7a491-2ebc-4892-93c8-d955af16ed87,17564416,v1.12-1.13,6
13f41914-afff-4c29-885f-e830fa101d9a,17629184,v1.12-1.13,6
e5115a9c-6c87-4420-8501-cc044dad6ce5,17761535,v1.14-1.15,17
ea27183b-ffdb-41d4-b228-28de62b8cbc5,17170944,v1.12-1.13,14
2c352cd0-96d4-4bd7-bc5f-12c9df78f516,17826559,v1.16,9
a71d2768-c9cc-4f61-ab6d-b75fabca8918,17891583,v1.17+,12
a288f1f9-5722-4d29-8a24-cfcc737b28b7,17694720,v1.14-1.15,7
d58123ac-11e6-4805-883f-992bf36c5135,17629696,v1.12-1.13,7
bda9d58e-b0f1-49bc-80c1-4fcfab983b2f,17695488,v1.14-1.15,5
25a87938-784c-42e1-b18f-611af2b3a610,17826047,v1.16,11
9fdb3d24-e6ea-4688-b051-bf093f72dc0a,17694848,v1.14-1.15,3
b25a75ac-61c5-47f2-97a4-74ff232c45ff,17826047,v1.16,14
4383483d-ce32-426b-9924-c473c4eb2cf4,17564416,v1.12-1.13,5
cb53ae8c-4286-4667-95d3-9adbac3891e1,17630207,v1.12-1.13,3
555cadb5-8ffe-4c77-85ce-f415f86ca1d3,17629951,v1.12-1.13,6
8dd96d26-57dc-4dc9-865b-a8591d33516a,255,other,13
498b6b2b-aecb-4723-b087-5e28b7df4219,16788224,v1.12-1.13,14
61f78cc0-2525-4d6c-83d8-79a519b72f09,17826559,v1.16,19
ce85da99-3a53-496b-83f6-c3a83f7c4a32,17564416,v1.12-1.13,6
65da7790-1e97-47f4-8074-210697e9ad17,17629951,v1.12-1.13,6
2d8d7ba8-0860-49e5-8b7f-3d16f299673c,17826559,v1.16,19
fc372336-53cf-4a83-8b7e-2a4f4c681d3a,17694975,v1.14-1.15,3
45b00710-bd04-4bd3-b427-0fb40cae01ad,17760256,v1.14-1.15,10
8f0bbb00-49f6-4f67-9080-8bb4b5148ed8,17695743,v1.14-1.15,7
d5da8388-1dba-4291-b8cf-d18671b77a53,17498880,v1.12-1.13,12
5905017a-6128-4dea-b460-40f55ab54702,17629184,v1.12-1.13,6
3be5fddb-ad52-412f-b173-0a0f7c75cdd9,17695488,v1.14-1.15,7
0864a04a-66af-4ff7-aaf0-48d1efb2d5cb,17760768,v1.14-1.15,10
576244e6-f97b-46a0-98ed-2658232bd54d,17694975,v1.14-1.15,7
2c8b6b47-4633-467e-8785-394e0d7c89e1,17498304,v1.12-1.13,11
ba22434f-4390-4e6e-8e1b-b7646885f289,17760768,v1.14-1.15,10
85b2429c-682b-4e60-ac43-a12ea026c1e2,17694720,v1.14-1.15,4
91bf04a7-a4af-4398-9e61-b73c5b286a8c,17694720,v1.14-1.15,2
170f456c-835f-4c0a-a98d-760acf1265ca,17826047,v1.16,14
2d404655-4e95-479d-9995-a97dbed06c5d,17826047,v1.16,14
0d98c601-3d6b-4a4e-94f0-cbc2bc61f14d,17825984,v1.16,14
4a3cf87a-0712-4381-9e35-fb9721ceb05d,17694975,v1.14-1.15,7
752f6fa6-8a90-416c-9804-e25b10fb813b,17629440,v1.12-1.13,9
b0ab0e93-72a4-4c59-91f0-56479b7cd7e1,17825856,v1.16,14
51de0706-3a68-4ac2-8570-d71fb130bb36,17499135,v1.12-1.13,8
15ad1175-9f0a-4c89-97df-7009fddfbcd9,17564416,v1.12-1.13,5
62516c62-2142-4b47-af5a-0f64a0607829,17694720,v1.14-1.15,3
3a12b35e-844c-4329-be9d-10ceb5b06410,17826303,v1.16,8
9f93f23a-bed8-4cd5-af32-7b432ca40f66,17695743,v1.14-1.15,6
aaaf978c-9b2d-4b55-a0fb-6c4696a90285,17629952,v1.12-1.13,6
c7833aed-d701-4bf3-bad5-97a8d4874337,17825856,v1.16,14
917a277f-3de4-4480-964f-860cee305815,17695743,v1.14-1.15,3
ed585eb7-22ca-4956-9cac-13f61f7f63fb,17760384,v1.14-1.15,14
afd9ffa1-fb69-4b91-808f-fe5f5f6c43ef,17760511,v1.14-1.15,14
0a312a33-3ed6-4c0d-9cf7-6a32c0345a87,17826047,v1.16,14
5d951821-a2aa-4510-adea-5e9ba974762b,17760256,v1.14-1.15,19
771b6d11-224b-4c20-ba92-5249309759c1,17891392,v1.17+,17
f0c5766c-9358-4c1c-9284-ec09fddadbac,17629184,v1.12-1.13,6
b232914d-1e73-4d45-a530-68ef1e9edd93,17498112,v1.12-1.13,10
770a95b5-9ff4-4c5d-a49e-2c7b344c51f2,17956928,v1.17+,14
dc5cd84e-87a6-4ed7-b8a4-c291bc990b7f,17564416,v1.12-1.13,4
57eb43a3-fcfb-4d31-a56d-9b581037a50f,17564416,v1.12-1.13,6
425a07b7-e127-4dcd-b273-d5e3d9915446,17694848,v1.14-1.15,8
693ae68c-9c53-4ab0-a5f8-76fe3d0cc150,17891392,v1.17+,14
4aa0723a-b3ee-448f-969f-142ef06f9c87,255,other,14
848b3321-8b92-41dd-9a83-a386a500db70,17825984,v1.16,15
98b215aa-fc63-4273-b33c-f1eb6e70f81d,17826047,v1.16,14
21b872d2-0653-4894-9629-44be83c39c91,17694720,v1.14-1.15,9
4f301f4a-25f4-427e-8fb3-ada447ea082e,17825984,v1.16,13
1e55e122-694f-4f97-b360-6de6ae8ec11b,17564416,v1.12-1.13,6
d9306665-f8bb-4921-8962-1fb157bf87ce,17695744,v1.14-1.15,3
4f7c446e-bd79-4cb5-9895-5698600175a0,17695744,v1.14-1.15,11
cebde970-804d-4ef7-973c-5035497c7d0b,17761023,v1.14-1.15,10
d6894ebd-bc4f-44e7-b100-d98c1621cba2,17891392,v1.17+,14
300c46f5-9672-4328-a090-a539a54bc44c,17761535,v1.14-1.15,11
f4ec8d53-ccca-445d-a4b7-47963474db8a,17629952,v1.12-1.13,3
c62a0a87-03c0-4aff-8f4f-6ba0d28fe3cd,17694720,v1.14-1.15,7
8b821def-be0f-4535-ae0f-d48c344466a0,17695487,v1.14-1.15,6
c819040e-64b8-4f66-9b8d-26f3e1bf9189,17695743,v1.14-1.15,7
1d465139-2c67-4a09-818c-26c6904b493c,17695744,v1.14-1.15,7
0e952ee8-5faa-4169-8ea1-68be9b3fb6de,17695743,v1.14-1.15,12
2f6379ae-84d3-4c5c-aacb-4f328bdc82a4,17629695,v1.12-1.13,6
61c05676-37f2-4092-b2da-f263acc0bc44,17760511,v1.14-1.15,14
03655513-adde-4a9a-944c-70bdc335a09a,17629439,v1.12-1.13,10
54be7aa2-94da-408d-94d8-b19bf9ba9a46,17761280,v1.14-1.15,14
615b1154-14eb-45b8-bcdb-661b8cade20c,17695488,v1.14-1.15,2
8074e3e7-9c10-48c8-8357-8a241339c56c,17891392,v1.17+,14
3d8bfb5c-8df3-4561-97f6-80c1861600c8,17891583,v1.17+,14
c2615739-4cf2-499d-8b2c-cef066eb9cec,17564416,v1.12-1.13,6
8e429855-2e5a-49ef-9e35-c2cdc529f3d7,17629696,v1.12-1.13,7
16085a4e-2c6d-45d7-a1d4-bd07e7271e0a,17760768,v1.14-1.15,18
bcabd5c6-30cf-4ec9-8db5-c68a12a2dbbc,17826047,v1.16,13
6dac9a79-82f3-4778-bd90-79c7d995a547,17564928,v1.12-1.13,8
da6175d4-3030-4f83-8698-f72671813d55,17695488,v1.14-1.15,2
037a47fa-6522-4b4d-bb7a-e8012e17ad45,17891392,v1.17+,14
ad992566-5c48-49d8-9c8f-90b3de2f115f,17760767,v1.14-1.15,4
70bc3b66-df07-46e3-ae2b-1e98cdd02017,17564416,v1.12-1.13,7
3018188c-4f17-48e9-ba90-dbd898911859,17760384,v1.14-1.15,13
d9027580-ff00-4e26-9d84-933443c8f505,17630207,v1.12-1.13,3
774cda22-1649-427c-8e10-e9c0e2cbc1b9,17826240,v1.16,14
ea9ef367-168f-4f75-8d71-131ad6adc7a5,17760256,v1.14-1.15,18
b6eefcdf-8563-41e8-8444-5c1213a8e8d8,17825984,v1.16,13
8bda9039-f4a4-4a0b-be0b-149f8d4c0646,17695743,v1.14-1.15,7
12b7884f-ca3c-49bf-8ce0-58532d623edc,17760767,v1.14-1.15,14
ff01712d-6604-4a80-bc30-aa1230db6a80,17694975,v1.14-1.15,6
fd4f5998-779a-42fe-abf7-ef373adc366a,17695743,v1.14-1.15,8
3400f31b-1bf9-48ed-b36b-e8196d1b7fa9,17695488,v1.14-1.15,7
18fc4aa6-731c-4eb7-bffe-0b3daad2133e,17564672,v1.12-1.13,6
6f8e59c1-7b8e-4f91-81f6-5f85722049bd,17891392,v1.17+,14
20484a6e-fcbd-4566-9ffb-88325e142b05,17630207,v1.12-1.13,6
31f8b9d6-6b87-4069-bfa4-e18d5cc5fe52,17629439,v1.12-1.13,3
004f1547-e7b9-4838-9611-bbc16dd0e1c9,17499135,v1.12-1.13,11
42fa4b0d-9ee9-4909-8eb2-0427b4e7f6fa,17695488,v1.14-1.15,2
a95fcf49-df40-43b9-b180-9740b8f61e4a,17761535,v1.14-1.15,15
4464a196-d31a-413d-bdd5-0a390df03835,17694975,v1.14-1.15,2
033bf042-6250-415a-b2c1-98bb298e30d1,17761535,v1.14-1.15,8
602d5aa3-1545-4d83-96b5-2574bc970bcc,17891392,v1.17+,14
cc3f2750-6a88-4fa8-81de-5f653cee1b97,17760256,v1.14-1.15,15
0ed82d5f-4d66-4262-b4dc-679277c70ed4,17564671,v1.12-1.13,3
40af73de-b38a-46b5-b32e-1aaf987a74fc,17761279,v1.14-1.15,10
b0e1510b-c3e0-49d0-8c0d-12103cb49e48,17760511,v1.14-1.15,14
3b522fb3-06f4-4f16-b74c-52d4e1133e1a,17694720,v1.14-1.15,11
b55dc38c-b90f-424f-a18b-b1622e9383ae,17630207,v1.12-1.13,6
7d0fa39e-bcff-48b4-8ebb-fd1eecdc5c9c,17760384,v1.14-1.15,14
367e7e3c-6f42-4892-859e-d7c1056e113c,17564416,v1.12-1.13,6
c6641821-b1f0-4bad-b564-a260229f0cfb,17826240,v1.16,13
f34faa1e-24a1-41ab-83f2-fd46febf32fc,17891392,v1.17+,14
0f69dd4d-0aff-4403-92b4-6f06dd194664,17498880,v1.12-1.13,11
6ff24415-cf08-4d14-b354-5ad67eb31610,17761023,v1.14-1.15,8
843bdcb2-8157-4077-9409-c0e0d95be214,17891583,v1.17+,16
fd39957c-33a4-4928-bc65-39363b8bb8b2,17761280,v1.14-1.15,14
db372177-e47c-4bf1-b59a-8496124a0fd7,402784511,other,16
f13725fc-d5d3-4bd4-abf8-44c17ff1e39b,17761535,v1.14-1.15,8
9b11f050-5d93-473e-bd7b-1b2d1cc55cea,17498240,v1.12-1.13,12
ae93bedf-50a7-47a7-b71e-d4280cae9a76,17564671,v1.12-1.13,3
bd6eba55-b937-41b1-a7ba-f41cc01d8f5a,17761280,v1.14-1.15,18
d0c4e66b-bffe-4084-a128-1e7648804449,17695743,v1.14-1.15,7
506520ae-e096-4263-911c-71a2b6509ab1,17760256,v1.14-1.15,10
fe4f8966-644d-423e-a792-529a5ff5459e,16781056,v1.12-1.13,14
c079d954-8228-4dff-baf9-edb00d50473e,17761280,v1.14-1.15,13
fef7fa42-ec99-498c-a597-21ea4d00e1b8,17761535,v1.14-1.15,14
249efdd8-4bec-457f-9f96-0c75d071afc7,17629952,v1.12-1.13,6
70f13859-940e-4be0-8d7b-5b4c566befc6,17695999,v1.14-1.15,2
0a6e3202-5366-40ef-b7d8-d538c5467e8d,17694720,v1.14-1.15,4
b46b8ad0-f441-4c53-a36a-ddc98bf50cd8,17695488,v1.14-1.15,6
b5258147-de6b-4f90-baca-54eb815523b3,17891520,v1.17+,14
a431dc25-19bf-4922-b7ba-b7098c9f2dde,17956992,v1.17+,14
e28c5366-e36b-42a1-9da8-2b1f8944d83b,17826240,v1.16,4
efaedd14-b7d7-4a3a-b651-033432284e0c,17695744,v1.14-1.15,7
8e9aaebf-78c9-4782-b6f1-6c20ba748367,17564416,v1.12-1.13,6
2f6c5082-a518-4f43-bff9-e5268a5bc82d,17891392,v1.17+,14
ec2f3fad-6d04-4678-b0f5-0632ccfc3ad7,17891583,v1.17+,13
af2e952e-577b-4061-a022-91fbcc742e90,17760256,v1.14-1.15,11
9f42bcd8-b792-47d9-947c-2740f5be704e,17761279,v1.14-1.15,5
e07458eb-f13e-4a7c-aa42-3d08bbaef562,17564416,v1.12-1.13,6
3b2e1bac-7687-475a-a5e5-b11113259598,16908480,v1.12-1.13,21
abcfb990-a30d-4ce7-89a6-05497df8b65b,17760320,v1.14-1.15,11
e5655cb7-3dc1-4657-9f29-4d5c299d6e22,17564416,v1.12-1.13,8
ce7660ae-4403-4d74-9a2e-21add9421300,17826047,v1.16,14
6f61804d-ee05-49ea-9ff9-fa56d3ed4c6c,17695488,v1.14-1.15,2
e533ac21-ff08-46eb-ba0f-7b07df763840,17629184,v1.12-1.13,10
c5f5bb58-ac7d-40cf-b8fd-c49af4edab21,17760384,v1.14-1.15,14
516489e9-1402-4124-a0c1-ac77523df608,17761280,v1.14-1.15,8
4b5ac6fa-60d4-40fd-9f30-8c303e02ec48,17761280,v1.14-1.15,11
aaa4d2a5-9a9e-4735-a6c5-522d46cfda54,17563903,v1.12-1.13,6
a32a199f-0969-4014-99ae-57cca4d88713,17826047,v1.16,13
3416f22d-a90f-4cd8-9155-81403410dfce,17695488,v1.14-1.15,6
45860ad1-760d-48b5-9c90-f6d7ad85a80d,17761280,v1.14-1.15,11
4799cf7a-7a95-4973-9955-10adb8fdb3b7,17695488,v1.14-1.15,6
b61ee710-1e18-4cc3-8760-076a45a39bc0,17629696,v1.12-1.13,3
071cff25-4347-4816-87fb-6f459057a922,17498240,v1.12-1.13,10
e22f2819-f8da-414f-9026-545fa3ba24bc,17760256,v1.14-1.15,14
ccc2158e-9857-4daa-9d58-e68025831f13,17891583,v1.17+,4
7988054e-15c9-4431-8170-2815b40e4d42,17761023,v1.14-1.15,14
c5746a8f-d80a-4d08-b9f3-61020cfaf614,17629184,v1.12-1.13,6
b746ff5e-a5d5-450d-90bb-6772b553e4a4,17891392,v1.17+,14
0265089a-c637-44c8-b0bf-713e06e6f856,17499136,v1.12-1.13,8
4a951792-4b6f-496b-b8d5-23fba94c4924,16777984,v1.12-1.13,16
0d1c5f0b-ef91-4375-85ab-c24ec0254497,17760256,v1.14-1.15,18
c8aadbee-e594-4527-b58c-f6f88c37f36c,17694848,v1.14-1.15,9
a587ff2b-4841-4feb-816a-588931f81ad4,17826559,v1.16,8
ee808592-6e2d-4ac2-9d6e-3d00e10a79bd,17629951,v1.12-1.13,6
364092c0-aa18-4acd-8c37-c741f029cf5c,17695488,v1.14-1.15,7
417db7ed-3c7f-43bf-b7c7-111dd4477e19,17825984,v1.16,14
6cde55c5-b96b-4926-b854-33d5a37807eb,17826240,v1.16,11
ef135efa-32bd-4858-aa25-829235d684a1,17760256,v1.14-1.15,16
d64d81f0-ea47-4ffb-bcdf-807c9dd41edb,17694720,v1.14-1.15,6
4bac405d-fb7c-4cf4-9a47-198eed6a8146,17695743,v1.14-1.15,7
5a6b781d-0ea2-4d69-9a25-b965f7665e6c,17826047,v1.16,8
5d804515-b791-45d8-8d29-1eab03766552,17826047,v1.16,14
580fb217-5fbc-4d5b-81c3-da37d88a0f38,17651456,v1.12-1.13,7
4fd2f0e8-dff3-4cef-8f5c-4dca34df522a,17825984,v1.16,14
1b6bc9ee-1ee2-4402-bccf-93774798a462,17761280,v1.14-1.15,11
628abe20-7d86-4975-87b4-14c715718180,17630207,v1.12-1.13,5
84e3cabe-e158-4f64-88e3-dd25ea6077c7,17695743,v1.14-1.15,6
8fdc91e9-ab79-4642-86ab-e62fa4453ee6,17761535,v1.14-1.15,14
5967b380-f747-43af-aa78-72c9bcd60cf0,17695488,v1.14-1.15,5
baa1250c-a196-44c8-87e0-cc7ff216477b,17694975,v1.14-1.15,7
59dcfaad-f6e9-43de-aafd-3fca78a3d19d,17826559,v1.16,14
3a8f0a7b-2658-43e4-98dc-b0384232874f,17695743,v1.14-1.15,11
8e273836-0ed2-4820-b98b-817b7c0cfb24,17695488,v1.14-1.15,5
42794d93-a2f7-4df3-abd8-d75584f908e8,17695488,v1.14-1.15,2
a4fd2fa0-10e0-4ebc-b7c2-6ae34c2a53a1,17760256,v1.14-1.15,14
8ba85f97-b2e7-4552-a6e5-687ed336025d,17891392,v1.17+,14
28ae40a9-f65c-4dba-bec7-e0d59c0b02cf,17761023,v1.14-1.15,10
d80bd682-c268-4d82-bc5d-2a8a089b66d9,17694975,v1.14-1.15,3
8e4b23ec-fec4-4428-8d22-78b91d7c788b,17564416,v1.12-1.13,3
69c64df4-3ced-45ef-8758-7b0d6dde134c,17695488,v1.14-1.15,6
79787bd2-6293-4683-acba-1bd705ba3b0b,17629440,v1.12-1.13,5
17e488d3-c25f-49f4-acff-16f808ae74ea,17761535,v1.14-1.15,11
a192aac9-921e-4d33-929e-b3cb483d1279,17695488,v1.14-1.15,6
2ba6a1b0-7497-4f0b-aa74-ab6176f527d5,17760384,v1.14-1.15,14
c7201482-5f36-48f8-819d-8d15ddbd05cb,17891392,v1.17+,14
e2d03ebd-4c68-4887-8b57-c4e4f2c9403d,17760256,v1.14-1.15,11
96dcb889-b508-419e-b701-cfd4a18a3419,17826047,v1.16,14
a45871c0-627f-475e-b5c0-b91ca765d151,17695744,v1.14-1.15,10
9a36acf2-4f75-4712-891b-51b06d5652fb,17694720,v1.14-1.15,7
70082843-0175-423c-b55e-6000d564781f,17825856,v1.16,14
b4fc451e-2b41-4c67-87c3-de54fac8cb4c,17891392,v1.17+,20
